SourceID_a,RecordingID_a,RecordingType_a,duration_a,SourceID_b,RecordingID_b,RecordingType_b,duration_b,truth,score
SP001,INT001,interview,10,SP001,TEL001,intercept,10,1,-19.57101
SP001,INT001,interview,10,SP002,TEL002,intercept,10,0,-138.1683
SP001,INT001,interview,10,SP003,TEL003,intercept,10,0,-87.36536
SP001,INT001,interview,10,SP004,TEL004,intercept,10,0,-99.64419
SP001,INT001,interview,10,SP008,TEL008,intercept,10,0,-100.1015
SP001,INT001,interview,10,SP010,TEL010,intercept,10,0,-127.8025
SP001,INT001,interview,10,SP011,TEL011,intercept,10,0,-119.0618
SP001,INT001,interview,10,SP012,TEL012,intercept,10,0,-113.7361
SP001,INT001,interview,10,SP013,TEL013,intercept,10,0,-96.96241
SP001,INT001,interview,10,SP015,TEL015,intercept,10,0,-117.0357
SP001,INT001,interview,10,SP016,TEL016,intercept,10,0,-104.7024
SP001,INT001,interview,10,SP017,TEL017,intercept,10,0,-100.8751
SP001,INT001,interview,10,SP018,TEL018,intercept,10,0,-130.7923
SP001,INT001,interview,10,SP019,TEL019,intercept,10,0,-127.7983
SP001,INT001,interview,10,SP020,TEL020,intercept,10,0,-125.3006
SP001,INT001,interview,10,SP021,TEL021,intercept,10,0,-113.1144
SP001,INT001,interview,10,SP022,TEL022,intercept,10,0,-138.382
SP001,INT001,interview,10,SP023,TEL023,intercept,10,0,-115.8537
SP001,INT001,interview,10,SP024,TEL024,intercept,10,0,-138.3002
SP001,INT001,interview,10,SP025,TEL025,intercept,10,0,-84.98769
SP001,INT001,interview,10,SP026,TEL026,intercept,10,0,-73.6749
SP001,INT001,interview,10,SP027,TEL027,intercept,10,0,-119.7483
SP001,INT001,interview,10,SP028,TEL028,intercept,10,0,-134.0184
SP001,INT001,interview,10,SP029,TEL029,intercept,10,0,-109.4572
SP001,INT001,interview,10,SP030,TEL030,intercept,10,0,-123.788
SP001,INT001,interview,10,SP031,TEL031,intercept,10,0,-141.1489
SP001,INT001,interview,10,SP032,TEL032,intercept,10,0,-94.05511
SP001,INT001,interview,10,SP033,TEL033,intercept,10,0,-121.3277
SP001,INT001,interview,10,SP034,TEL034,intercept,10,0,-103.7209
SP001,INT001,interview,10,SP035,TEL035,intercept,10,0,-82.81963
SP001,INT001,interview,10,SP036,TEL036,intercept,10,0,-102.878
SP001,INT001,interview,10,SP037,TEL037,intercept,10,0,-104.2
SP001,INT001,interview,10,SP038,TEL038,intercept,10,0,-134.89
SP001,INT001,interview,10,SP039,TEL039,intercept,10,0,-140.3344
SP001,INT001,interview,10,SP040,TEL040,intercept,10,0,-76.26996
SP001,INT001,interview,10,SP042,TEL042,intercept,10,0,-101.7465
SP001,INT001,interview,10,SP043,TEL043,intercept,10,0,-98.91405
SP001,INT001,interview,10,SP044,TEL044,intercept,10,0,-140.1212
SP001,INT001,interview,10,SP045,TEL045,intercept,10,0,-117.1834
SP001,INT001,interview,10,SP046,TEL046,intercept,10,0,-90.43877
SP001,INT001,interview,10,SP047,TEL047,intercept,10,0,-128.2674
SP001,INT001,interview,10,SP048,TEL048,intercept,10,0,-91.09971
SP001,INT001,interview,10,SP049,TEL049,intercept,10,0,-126.5518
SP001,INT001,interview,10,SP050,TEL050,intercept,10,0,-108.2227
SP001,INT001,interview,10,SP051,TEL051,intercept,10,0,-147.778
SP001,INT001,interview,10,SP052,TEL052,intercept,10,0,-114.6135
SP001,INT001,interview,10,SP053,TEL053,intercept,10,0,-66.77806
SP001,INT001,interview,10,SP054,TEL054,intercept,10,0,-126.8816
SP001,INT001,interview,10,SP056,TEL056,intercept,10,0,-124.9804
SP001,INT001,interview,10,SP058,TEL058,intercept,10,0,-122.7365
SP001,INT001,interview,10,SP059,TEL059,intercept,10,0,-97.68787
SP001,INT001,interview,10,SP060,TEL060,intercept,10,0,-130.9506
SP001,INT001,interview,10,SP062,TEL062,intercept,10,0,-82.8566
SP001,INT001,interview,10,SP063,TEL063,intercept,10,0,-142.3012
SP001,INT001,interview,10,SP064,TEL064,intercept,10,0,-105.4239
SP001,INT001,interview,10,SP065,TEL065,intercept,10,0,-125.262
SP001,INT001,interview,10,SP066,TEL066,intercept,10,0,-152.3524
SP001,INT001,interview,10,SP067,TEL067,intercept,10,0,-137.0529
SP001,INT001,interview,10,SP068,TEL068,intercept,10,0,-113.3824
SP001,INT001,interview,10,SP069,TEL069,intercept,10,0,-117.8891
SP001,INT001,interview,10,SP071,TEL071,intercept,10,0,-117.0439
SP001,INT001,interview,10,SP072,TEL072,intercept,10,0,-98.43356
SP001,INT001,interview,10,SP073,TEL073,intercept,10,0,-139.1764
SP001,INT001,interview,10,SP074,TEL074,intercept,10,0,-47.45926
SP001,INT001,interview,10,SP075,TEL075,intercept,10,0,-151.7826
SP001,INT001,interview,10,SP076,TEL076,intercept,10,0,-198.8157
SP001,INT001,interview,10,SP077,TEL077,intercept,10,0,-98.97243
SP001,INT001,interview,10,SP078,TEL078,intercept,10,0,-117.6075
SP001,INT001,interview,10,SP079,TEL079,intercept,10,0,-110.8609
SP001,INT001,interview,10,SP080,TEL080,intercept,10,0,-92.34154
SP001,INT001,interview,10,SP081,TEL081,intercept,10,0,-108.41
SP001,INT001,interview,10,SP084,TEL084,intercept,10,0,-80.50831
SP001,INT001,interview,10,SP085,TEL085,intercept,10,0,-125.9196
SP001,INT001,interview,10,SP086,TEL086,intercept,10,0,-107.6808
SP001,INT001,interview,10,SP087,TEL087,intercept,10,0,-117.5137
SP001,INT001,interview,10,SP088,TEL088,intercept,10,0,-45.10748
SP001,INT001,interview,10,SP090,TEL090,intercept,10,0,-135.0043
SP001,INT001,interview,10,SP093,TEL093,intercept,10,0,-70.06672
SP001,INT001,interview,10,SP094,TEL094,intercept,10,0,-90.13359
SP001,INT001,interview,10,SP095,TEL095,intercept,10,0,-89.03699
SP001,INT001,interview,10,SP096,TEL096,intercept,10,0,-130.2407
SP001,INT001,interview,10,SP097,TEL097,intercept,10,0,-89.97723
SP001,INT001,interview,10,SP099,TEL099,intercept,10,0,-134.1674
SP001,INT001,interview,10,SP100,TEL100,intercept,10,0,-122.4396
SP001,INT001,interview,10,SP102,TEL102,intercept,10,0,-81.92907
SP001,INT001,interview,10,SP103,TEL103,intercept,10,0,-100.4752
SP001,INT001,interview,10,SP105,TEL105,intercept,10,0,-108.2713
SP001,INT001,interview,10,SP106,TEL106,intercept,10,0,-148.9785
SP001,INT001,interview,10,SP107,TEL107,intercept,10,0,-75.83617
SP001,INT001,interview,10,SP108,TEL108,intercept,10,0,-88.92905
SP001,INT001,interview,10,SP111,TEL111,intercept,10,0,-114.3949
SP001,INT001,interview,10,SP112,TEL112,intercept,10,0,-57.11277
SP001,INT001,interview,10,SP113,TEL113,intercept,10,0,-132.834
SP001,INT001,interview,10,SP114,TEL114,intercept,10,0,-73.81697
SP001,INT001,interview,10,SP115,TEL115,intercept,10,0,-88.90092
SP001,INT001,interview,10,SP118,TEL118,intercept,10,0,-164.6371
SP001,INT001,interview,10,SP120,TEL120,intercept,10,0,-118.9678
SP001,INT001,interview,10,SP121,TEL121,intercept,10,0,-125.2728
SP002,INT002,interview,10,SP001,TEL001,intercept,10,0,-95.0876
SP002,INT002,interview,10,SP002,TEL002,intercept,10,1,-40.69847
SP002,INT002,interview,10,SP003,TEL003,intercept,10,0,-77.26361
SP002,INT002,interview,10,SP004,TEL004,intercept,10,0,-134.102
SP002,INT002,interview,10,SP008,TEL008,intercept,10,0,-102.2769
SP002,INT002,interview,10,SP010,TEL010,intercept,10,0,-106.0867
SP002,INT002,interview,10,SP011,TEL011,intercept,10,0,-103.7324
SP002,INT002,interview,10,SP012,TEL012,intercept,10,0,-99.37064
SP002,INT002,interview,10,SP013,TEL013,intercept,10,0,-100.5703
SP002,INT002,interview,10,SP015,TEL015,intercept,10,0,-104.1245
SP002,INT002,interview,10,SP016,TEL016,intercept,10,0,-90.3922
SP002,INT002,interview,10,SP017,TEL017,intercept,10,0,-71.74982
SP002,INT002,interview,10,SP018,TEL018,intercept,10,0,-143.6176
SP002,INT002,interview,10,SP019,TEL019,intercept,10,0,-120.5299
SP002,INT002,interview,10,SP020,TEL020,intercept,10,0,-122.5491
SP002,INT002,interview,10,SP021,TEL021,intercept,10,0,-130.8789
SP002,INT002,interview,10,SP022,TEL022,intercept,10,0,-93.7444
SP002,INT002,interview,10,SP023,TEL023,intercept,10,0,-114.7141
SP002,INT002,interview,10,SP024,TEL024,intercept,10,0,-105.3543
SP002,INT002,interview,10,SP025,TEL025,intercept,10,0,-58.27271
SP002,INT002,interview,10,SP026,TEL026,intercept,10,0,-107.5261
SP002,INT002,interview,10,SP027,TEL027,intercept,10,0,-162.3435
SP002,INT002,interview,10,SP028,TEL028,intercept,10,0,-125.2606
SP002,INT002,interview,10,SP029,TEL029,intercept,10,0,-123.2639
SP002,INT002,interview,10,SP030,TEL030,intercept,10,0,-97.2355
SP002,INT002,interview,10,SP031,TEL031,intercept,10,0,-112.6209
SP002,INT002,interview,10,SP032,TEL032,intercept,10,0,-139.0283
SP002,INT002,interview,10,SP033,TEL033,intercept,10,0,-85.26604
SP002,INT002,interview,10,SP034,TEL034,intercept,10,0,-94.19843
SP002,INT002,interview,10,SP035,TEL035,intercept,10,0,-85.496
SP002,INT002,interview,10,SP036,TEL036,intercept,10,0,-97.79264
SP002,INT002,interview,10,SP037,TEL037,intercept,10,0,-99.98566
SP002,INT002,interview,10,SP038,TEL038,intercept,10,0,-163.5093
SP002,INT002,interview,10,SP039,TEL039,intercept,10,0,-111.8868
SP002,INT002,interview,10,SP040,TEL040,intercept,10,0,-109.7849
SP002,INT002,interview,10,SP042,TEL042,intercept,10,0,-95.04509
SP002,INT002,interview,10,SP043,TEL043,intercept,10,0,-124.6383
SP002,INT002,interview,10,SP044,TEL044,intercept,10,0,-138.5049
SP002,INT002,interview,10,SP045,TEL045,intercept,10,0,-67.69353
SP002,INT002,interview,10,SP046,TEL046,intercept,10,0,-99.05105
SP002,INT002,interview,10,SP047,TEL047,intercept,10,0,-82.23596
SP002,INT002,interview,10,SP048,TEL048,intercept,10,0,-112.5924
SP002,INT002,interview,10,SP049,TEL049,intercept,10,0,-113.6518
SP002,INT002,interview,10,SP050,TEL050,intercept,10,0,-129.4131
SP002,INT002,interview,10,SP051,TEL051,intercept,10,0,-87.53999
SP002,INT002,interview,10,SP052,TEL052,intercept,10,0,-80.76885
SP002,INT002,interview,10,SP053,TEL053,intercept,10,0,-126.2665
SP002,INT002,interview,10,SP054,TEL054,intercept,10,0,-103.2937
SP002,INT002,interview,10,SP056,TEL056,intercept,10,0,-131.6228
SP002,INT002,interview,10,SP058,TEL058,intercept,10,0,-133.8318
SP002,INT002,interview,10,SP059,TEL059,intercept,10,0,-135.8182
SP002,INT002,interview,10,SP060,TEL060,intercept,10,0,-113.5711
SP002,INT002,interview,10,SP062,TEL062,intercept,10,0,-126.0937
SP002,INT002,interview,10,SP063,TEL063,intercept,10,0,-128.1426
SP002,INT002,interview,10,SP064,TEL064,intercept,10,0,-111.187
SP002,INT002,interview,10,SP065,TEL065,intercept,10,0,-109.4271
SP002,INT002,interview,10,SP066,TEL066,intercept,10,0,-111.8382
SP002,INT002,interview,10,SP067,TEL067,intercept,10,0,-112.2912
SP002,INT002,interview,10,SP068,TEL068,intercept,10,0,-117.6038
SP002,INT002,interview,10,SP069,TEL069,intercept,10,0,-80.68102
SP002,INT002,interview,10,SP071,TEL071,intercept,10,0,-112.4336
SP002,INT002,interview,10,SP072,TEL072,intercept,10,0,-107.4818
SP002,INT002,interview,10,SP073,TEL073,intercept,10,0,-150.6907
SP002,INT002,interview,10,SP074,TEL074,intercept,10,0,-141.3668
SP002,INT002,interview,10,SP075,TEL075,intercept,10,0,-102.4362
SP002,INT002,interview,10,SP076,TEL076,intercept,10,0,-134.9892
SP002,INT002,interview,10,SP077,TEL077,intercept,10,0,-127.8804
SP002,INT002,interview,10,SP078,TEL078,intercept,10,0,-133.2584
SP002,INT002,interview,10,SP079,TEL079,intercept,10,0,-99.93796
SP002,INT002,interview,10,SP080,TEL080,intercept,10,0,-114.5642
SP002,INT002,interview,10,SP081,TEL081,intercept,10,0,-107.5231
SP002,INT002,interview,10,SP084,TEL084,intercept,10,0,-83.75947
SP002,INT002,interview,10,SP085,TEL085,intercept,10,0,-110.6164
SP002,INT002,interview,10,SP086,TEL086,intercept,10,0,-135.3849
SP002,INT002,interview,10,SP087,TEL087,intercept,10,0,-108.5396
SP002,INT002,interview,10,SP088,TEL088,intercept,10,0,-109.6003
SP002,INT002,interview,10,SP090,TEL090,intercept,10,0,-136.4972
SP002,INT002,interview,10,SP093,TEL093,intercept,10,0,-114.3603
SP002,INT002,interview,10,SP094,TEL094,intercept,10,0,-117.2929
SP002,INT002,interview,10,SP095,TEL095,intercept,10,0,-127.9702
SP002,INT002,interview,10,SP096,TEL096,intercept,10,0,-126.6127
SP002,INT002,interview,10,SP097,TEL097,intercept,10,0,-93.02415
SP002,INT002,interview,10,SP099,TEL099,intercept,10,0,-107.734
SP002,INT002,interview,10,SP100,TEL100,intercept,10,0,-115.3671
SP002,INT002,interview,10,SP102,TEL102,intercept,10,0,-70.57948
SP002,INT002,interview,10,SP103,TEL103,intercept,10,0,-76.44157
SP002,INT002,interview,10,SP105,TEL105,intercept,10,0,-131.9763
SP002,INT002,interview,10,SP106,TEL106,intercept,10,0,-130.6918
SP002,INT002,interview,10,SP107,TEL107,intercept,10,0,-92.4433
SP002,INT002,interview,10,SP108,TEL108,intercept,10,0,-66.71031
SP002,INT002,interview,10,SP111,TEL111,intercept,10,0,-114.9608
SP002,INT002,interview,10,SP112,TEL112,intercept,10,0,-76.05791
SP002,INT002,interview,10,SP113,TEL113,intercept,10,0,-142.741
SP002,INT002,interview,10,SP114,TEL114,intercept,10,0,-127.4583
SP002,INT002,interview,10,SP115,TEL115,intercept,10,0,-113.5262
SP002,INT002,interview,10,SP118,TEL118,intercept,10,0,-130.3845
SP002,INT002,interview,10,SP120,TEL120,intercept,10,0,-115.907
SP002,INT002,interview,10,SP121,TEL121,intercept,10,0,-129.6641
SP003,INT003,interview,10,SP001,TEL001,intercept,10,0,-88.3868
SP003,INT003,interview,10,SP002,TEL002,intercept,10,0,-113.8355
SP003,INT003,interview,10,SP003,TEL003,intercept,10,1,-18.94072
SP003,INT003,interview,10,SP004,TEL004,intercept,10,0,-144.8422
SP003,INT003,interview,10,SP008,TEL008,intercept,10,0,-98.13618
SP003,INT003,interview,10,SP010,TEL010,intercept,10,0,-104.0087
SP003,INT003,interview,10,SP011,TEL011,intercept,10,0,-101.1933
SP003,INT003,interview,10,SP012,TEL012,intercept,10,0,-104.2623
SP003,INT003,interview,10,SP013,TEL013,intercept,10,0,-128.7198
SP003,INT003,interview,10,SP015,TEL015,intercept,10,0,-95.66423
SP003,INT003,interview,10,SP016,TEL016,intercept,10,0,-119.2356
SP003,INT003,interview,10,SP017,TEL017,intercept,10,0,-101.63
SP003,INT003,interview,10,SP018,TEL018,intercept,10,0,-137.4723
SP003,INT003,interview,10,SP019,TEL019,intercept,10,0,-156.1481
SP003,INT003,interview,10,SP020,TEL020,intercept,10,0,-160.594
SP003,INT003,interview,10,SP021,TEL021,intercept,10,0,-121.3753
SP003,INT003,interview,10,SP022,TEL022,intercept,10,0,-90.78271
SP003,INT003,interview,10,SP023,TEL023,intercept,10,0,-101.8475
SP003,INT003,interview,10,SP024,TEL024,intercept,10,0,-117.1393
SP003,INT003,interview,10,SP025,TEL025,intercept,10,0,-105.6318
SP003,INT003,interview,10,SP026,TEL026,intercept,10,0,-98.43319
SP003,INT003,interview,10,SP027,TEL027,intercept,10,0,-116.2342
SP003,INT003,interview,10,SP028,TEL028,intercept,10,0,-162.7538
SP003,INT003,interview,10,SP029,TEL029,intercept,10,0,-127.8606
SP003,INT003,interview,10,SP030,TEL030,intercept,10,0,-180.4398
SP003,INT003,interview,10,SP031,TEL031,intercept,10,0,-137.2469
SP003,INT003,interview,10,SP032,TEL032,intercept,10,0,-113.5011
SP003,INT003,interview,10,SP033,TEL033,intercept,10,0,-115.4033
SP003,INT003,interview,10,SP034,TEL034,intercept,10,0,-110.9662
SP003,INT003,interview,10,SP035,TEL035,intercept,10,0,-105.2832
SP003,INT003,interview,10,SP036,TEL036,intercept,10,0,-102.8256
SP003,INT003,interview,10,SP037,TEL037,intercept,10,0,-101.2021
SP003,INT003,interview,10,SP038,TEL038,intercept,10,0,-111.3184
SP003,INT003,interview,10,SP039,TEL039,intercept,10,0,-140.0219
SP003,INT003,interview,10,SP040,TEL040,intercept,10,0,-115.4327
SP003,INT003,interview,10,SP042,TEL042,intercept,10,0,-118.6526
SP003,INT003,interview,10,SP043,TEL043,intercept,10,0,-108.9671
SP003,INT003,interview,10,SP044,TEL044,intercept,10,0,-115.123
SP003,INT003,interview,10,SP045,TEL045,intercept,10,0,-90.13881
SP003,INT003,interview,10,SP046,TEL046,intercept,10,0,-111.2533
SP003,INT003,interview,10,SP047,TEL047,intercept,10,0,-121.2618
SP003,INT003,interview,10,SP048,TEL048,intercept,10,0,-156.1997
SP003,INT003,interview,10,SP049,TEL049,intercept,10,0,-142.4305
SP003,INT003,interview,10,SP050,TEL050,intercept,10,0,-112.2719
SP003,INT003,interview,10,SP051,TEL051,intercept,10,0,-143.3056
SP003,INT003,interview,10,SP052,TEL052,intercept,10,0,-101.8703
SP003,INT003,interview,10,SP053,TEL053,intercept,10,0,-87.74672
SP003,INT003,interview,10,SP054,TEL054,intercept,10,0,-103.1126
SP003,INT003,interview,10,SP056,TEL056,intercept,10,0,-156.8166
SP003,INT003,interview,10,SP058,TEL058,intercept,10,0,-133.8592
SP003,INT003,interview,10,SP059,TEL059,intercept,10,0,-111.9665
SP003,INT003,interview,10,SP060,TEL060,intercept,10,0,-118.7434
SP003,INT003,interview,10,SP062,TEL062,intercept,10,0,-88.54633
SP003,INT003,interview,10,SP063,TEL063,intercept,10,0,-119.145
SP003,INT003,interview,10,SP064,TEL064,intercept,10,0,-106.9323
SP003,INT003,interview,10,SP065,TEL065,intercept,10,0,-133.0127
SP003,INT003,interview,10,SP066,TEL066,intercept,10,0,-147.3548
SP003,INT003,interview,10,SP067,TEL067,intercept,10,0,-172.7998
SP003,INT003,interview,10,SP068,TEL068,intercept,10,0,-142.6877
SP003,INT003,interview,10,SP069,TEL069,intercept,10,0,-133.7609
SP003,INT003,interview,10,SP071,TEL071,intercept,10,0,-119.0999
SP003,INT003,interview,10,SP072,TEL072,intercept,10,0,-143.8454
SP003,INT003,interview,10,SP073,TEL073,intercept,10,0,-153.6147
SP003,INT003,interview,10,SP074,TEL074,intercept,10,0,-94.53176
SP003,INT003,interview,10,SP075,TEL075,intercept,10,0,-109.0926
SP003,INT003,interview,10,SP076,TEL076,intercept,10,0,-143.1976
SP003,INT003,interview,10,SP077,TEL077,intercept,10,0,-86.69028
SP003,INT003,interview,10,SP078,TEL078,intercept,10,0,-155.4963
SP003,INT003,interview,10,SP079,TEL079,intercept,10,0,-138.5444
SP003,INT003,interview,10,SP080,TEL080,intercept,10,0,-103.7518
SP003,INT003,interview,10,SP081,TEL081,intercept,10,0,-132.4747
SP003,INT003,interview,10,SP084,TEL084,intercept,10,0,-85.37994
SP003,INT003,interview,10,SP085,TEL085,intercept,10,0,-156.3101
SP003,INT003,interview,10,SP086,TEL086,intercept,10,0,-116.549
SP003,INT003,interview,10,SP087,TEL087,intercept,10,0,-100.4475
SP003,INT003,interview,10,SP088,TEL088,intercept,10,0,-63.04186
SP003,INT003,interview,10,SP090,TEL090,intercept,10,0,-115.3903
SP003,INT003,interview,10,SP093,TEL093,intercept,10,0,-110.9167
SP003,INT003,interview,10,SP094,TEL094,intercept,10,0,-134.621
SP003,INT003,interview,10,SP095,TEL095,intercept,10,0,-111.2019
SP003,INT003,interview,10,SP096,TEL096,intercept,10,0,-110.2739
SP003,INT003,interview,10,SP097,TEL097,intercept,10,0,-156.3874
SP003,INT003,interview,10,SP099,TEL099,intercept,10,0,-141.69
SP003,INT003,interview,10,SP100,TEL100,intercept,10,0,-98.61161
SP003,INT003,interview,10,SP102,TEL102,intercept,10,0,-116.9212
SP003,INT003,interview,10,SP103,TEL103,intercept,10,0,-119.9885
SP003,INT003,interview,10,SP105,TEL105,intercept,10,0,-108.2089
SP003,INT003,interview,10,SP106,TEL106,intercept,10,0,-126.008
SP003,INT003,interview,10,SP107,TEL107,intercept,10,0,-111.0492
SP003,INT003,interview,10,SP108,TEL108,intercept,10,0,-105.7298
SP003,INT003,interview,10,SP111,TEL111,intercept,10,0,-120.3714
SP003,INT003,interview,10,SP112,TEL112,intercept,10,0,-67.54213
SP003,INT003,interview,10,SP113,TEL113,intercept,10,0,-113.6758
SP003,INT003,interview,10,SP114,TEL114,intercept,10,0,-108.7207
SP003,INT003,interview,10,SP115,TEL115,intercept,10,0,-122.4589
SP003,INT003,interview,10,SP118,TEL118,intercept,10,0,-109.0983
SP003,INT003,interview,10,SP120,TEL120,intercept,10,0,-146.3382
SP003,INT003,interview,10,SP121,TEL121,intercept,10,0,-166.6535
SP004,INT004,interview,10,SP001,TEL001,intercept,10,0,-76.15039
SP004,INT004,interview,10,SP002,TEL002,intercept,10,0,-129.024
SP004,INT004,interview,10,SP003,TEL003,intercept,10,0,-116.4842
SP004,INT004,interview,10,SP004,TEL004,intercept,10,1,-6.735569
SP004,INT004,interview,10,SP008,TEL008,intercept,10,0,-95.77444
SP004,INT004,interview,10,SP010,TEL010,intercept,10,0,-67.37373
SP004,INT004,interview,10,SP011,TEL011,intercept,10,0,-109.2578
SP004,INT004,interview,10,SP012,TEL012,intercept,10,0,-116.6311
SP004,INT004,interview,10,SP013,TEL013,intercept,10,0,-122.3124
SP004,INT004,interview,10,SP015,TEL015,intercept,10,0,-75.71342
SP004,INT004,interview,10,SP016,TEL016,intercept,10,0,-107.1977
SP004,INT004,interview,10,SP017,TEL017,intercept,10,0,-90.52639
SP004,INT004,interview,10,SP018,TEL018,intercept,10,0,-91.7672
SP004,INT004,interview,10,SP019,TEL019,intercept,10,0,-121.708
SP004,INT004,interview,10,SP020,TEL020,intercept,10,0,-114.1432
SP004,INT004,interview,10,SP021,TEL021,intercept,10,0,-96.4489
SP004,INT004,interview,10,SP022,TEL022,intercept,10,0,-103.9476
SP004,INT004,interview,10,SP023,TEL023,intercept,10,0,-110.4368
SP004,INT004,interview,10,SP024,TEL024,intercept,10,0,-146.9778
SP004,INT004,interview,10,SP025,TEL025,intercept,10,0,-68.32655
SP004,INT004,interview,10,SP026,TEL026,intercept,10,0,-96.985
SP004,INT004,interview,10,SP027,TEL027,intercept,10,0,-98.07478
SP004,INT004,interview,10,SP028,TEL028,intercept,10,0,-94.70029
SP004,INT004,interview,10,SP029,TEL029,intercept,10,0,-120.8282
SP004,INT004,interview,10,SP030,TEL030,intercept,10,0,-109.4205
SP004,INT004,interview,10,SP031,TEL031,intercept,10,0,-118.9297
SP004,INT004,interview,10,SP032,TEL032,intercept,10,0,-52.25752
SP004,INT004,interview,10,SP033,TEL033,intercept,10,0,-94.19126
SP004,INT004,interview,10,SP034,TEL034,intercept,10,0,-58.25959
SP004,INT004,interview,10,SP035,TEL035,intercept,10,0,-101.3903
SP004,INT004,interview,10,SP036,TEL036,intercept,10,0,-62.77325
SP004,INT004,interview,10,SP037,TEL037,intercept,10,0,-95.68533
SP004,INT004,interview,10,SP038,TEL038,intercept,10,0,-130.4842
SP004,INT004,interview,10,SP039,TEL039,intercept,10,0,-121.8403
SP004,INT004,interview,10,SP040,TEL040,intercept,10,0,-52.79185
SP004,INT004,interview,10,SP042,TEL042,intercept,10,0,-65.13674
SP004,INT004,interview,10,SP043,TEL043,intercept,10,0,-68.01605
SP004,INT004,interview,10,SP044,TEL044,intercept,10,0,-83.49065
SP004,INT004,interview,10,SP045,TEL045,intercept,10,0,-128.9151
SP004,INT004,interview,10,SP046,TEL046,intercept,10,0,-105.8739
SP004,INT004,interview,10,SP047,TEL047,intercept,10,0,-111.5613
SP004,INT004,interview,10,SP048,TEL048,intercept,10,0,-104.5946
SP004,INT004,interview,10,SP049,TEL049,intercept,10,0,-138.0562
SP004,INT004,interview,10,SP050,TEL050,intercept,10,0,-31.64155
SP004,INT004,interview,10,SP051,TEL051,intercept,10,0,-139.4809
SP004,INT004,interview,10,SP052,TEL052,intercept,10,0,-100.4862
SP004,INT004,interview,10,SP053,TEL053,intercept,10,0,-88.24993
SP004,INT004,interview,10,SP054,TEL054,intercept,10,0,-97.33116
SP004,INT004,interview,10,SP056,TEL056,intercept,10,0,-115.1311
SP004,INT004,interview,10,SP058,TEL058,intercept,10,0,-88.52548
SP004,INT004,interview,10,SP059,TEL059,intercept,10,0,-96.06922
SP004,INT004,interview,10,SP060,TEL060,intercept,10,0,-92.85078
SP004,INT004,interview,10,SP062,TEL062,intercept,10,0,-73.37363
SP004,INT004,interview,10,SP063,TEL063,intercept,10,0,-63.42242
SP004,INT004,interview,10,SP064,TEL064,intercept,10,0,-64.50401
SP004,INT004,interview,10,SP065,TEL065,intercept,10,0,-115.9505
SP004,INT004,interview,10,SP066,TEL066,intercept,10,0,-112.7962
SP004,INT004,interview,10,SP067,TEL067,intercept,10,0,-117.8828
SP004,INT004,interview,10,SP068,TEL068,intercept,10,0,-109.903
SP004,INT004,interview,10,SP069,TEL069,intercept,10,0,-106.4102
SP004,INT004,interview,10,SP071,TEL071,intercept,10,0,-134.5444
SP004,INT004,interview,10,SP072,TEL072,intercept,10,0,-84.96275
SP004,INT004,interview,10,SP073,TEL073,intercept,10,0,-70.47067
SP004,INT004,interview,10,SP074,TEL074,intercept,10,0,-48.39578
SP004,INT004,interview,10,SP075,TEL075,intercept,10,0,-135.3127
SP004,INT004,interview,10,SP076,TEL076,intercept,10,0,-97.65237
SP004,INT004,interview,10,SP077,TEL077,intercept,10,0,-74.47945
SP004,INT004,interview,10,SP078,TEL078,intercept,10,0,-82.46819
SP004,INT004,interview,10,SP079,TEL079,intercept,10,0,-89.83436
SP004,INT004,interview,10,SP080,TEL080,intercept,10,0,-91.09814
SP004,INT004,interview,10,SP081,TEL081,intercept,10,0,-107.6319
SP004,INT004,interview,10,SP084,TEL084,intercept,10,0,-72.68266
SP004,INT004,interview,10,SP085,TEL085,intercept,10,0,-160.4412
SP004,INT004,interview,10,SP086,TEL086,intercept,10,0,-120.648
SP004,INT004,interview,10,SP087,TEL087,intercept,10,0,-81.3314
SP004,INT004,interview,10,SP088,TEL088,intercept,10,0,-48.21803
SP004,INT004,interview,10,SP090,TEL090,intercept,10,0,-114.6101
SP004,INT004,interview,10,SP093,TEL093,intercept,10,0,-92.89126
SP004,INT004,interview,10,SP094,TEL094,intercept,10,0,-88.00829
SP004,INT004,interview,10,SP095,TEL095,intercept,10,0,-93.34509
SP004,INT004,interview,10,SP096,TEL096,intercept,10,0,-109.3523
SP004,INT004,interview,10,SP097,TEL097,intercept,10,0,-136.4056
SP004,INT004,interview,10,SP099,TEL099,intercept,10,0,-117.9408
SP004,INT004,interview,10,SP100,TEL100,intercept,10,0,-70.37378
SP004,INT004,interview,10,SP102,TEL102,intercept,10,0,-57.86933
SP004,INT004,interview,10,SP103,TEL103,intercept,10,0,-108.54
SP004,INT004,interview,10,SP105,TEL105,intercept,10,0,-80.29405
SP004,INT004,interview,10,SP106,TEL106,intercept,10,0,-129.6742
SP004,INT004,interview,10,SP107,TEL107,intercept,10,0,-92.20631
SP004,INT004,interview,10,SP108,TEL108,intercept,10,0,-95.34094
SP004,INT004,interview,10,SP111,TEL111,intercept,10,0,-91.36212
SP004,INT004,interview,10,SP112,TEL112,intercept,10,0,-96.05817
SP004,INT004,interview,10,SP113,TEL113,intercept,10,0,-78.6244
SP004,INT004,interview,10,SP114,TEL114,intercept,10,0,-75.89035
SP004,INT004,interview,10,SP115,TEL115,intercept,10,0,-61.47587
SP004,INT004,interview,10,SP118,TEL118,intercept,10,0,-117.3499
SP004,INT004,interview,10,SP120,TEL120,intercept,10,0,-97.9409
SP004,INT004,interview,10,SP121,TEL121,intercept,10,0,-71.53593
SP008,INT008,interview,10,SP001,TEL001,intercept,10,0,-173.2961
SP008,INT008,interview,10,SP002,TEL002,intercept,10,0,-158.3191
SP008,INT008,interview,10,SP003,TEL003,intercept,10,0,-151.87
SP008,INT008,interview,10,SP004,TEL004,intercept,10,0,-169.0737
SP008,INT008,interview,10,SP008,TEL008,intercept,10,1,-58.02222
SP008,INT008,interview,10,SP010,TEL010,intercept,10,0,-138.9582
SP008,INT008,interview,10,SP011,TEL011,intercept,10,0,-107.4298
SP008,INT008,interview,10,SP012,TEL012,intercept,10,0,-148.1669
SP008,INT008,interview,10,SP013,TEL013,intercept,10,0,-127.833
SP008,INT008,interview,10,SP015,TEL015,intercept,10,0,-70.45255
SP008,INT008,interview,10,SP016,TEL016,intercept,10,0,-140.1301
SP008,INT008,interview,10,SP017,TEL017,intercept,10,0,-119.1624
SP008,INT008,interview,10,SP018,TEL018,intercept,10,0,-129.9777
SP008,INT008,interview,10,SP019,TEL019,intercept,10,0,-55.50161
SP008,INT008,interview,10,SP020,TEL020,intercept,10,0,-176.3022
SP008,INT008,interview,10,SP021,TEL021,intercept,10,0,-94.61088
SP008,INT008,interview,10,SP022,TEL022,intercept,10,0,-145.5609
SP008,INT008,interview,10,SP023,TEL023,intercept,10,0,-111.7952
SP008,INT008,interview,10,SP024,TEL024,intercept,10,0,-163.6387
SP008,INT008,interview,10,SP025,TEL025,intercept,10,0,-118.2928
SP008,INT008,interview,10,SP026,TEL026,intercept,10,0,-144.4359
SP008,INT008,interview,10,SP027,TEL027,intercept,10,0,-147.2014
SP008,INT008,interview,10,SP028,TEL028,intercept,10,0,-87.32192
SP008,INT008,interview,10,SP029,TEL029,intercept,10,0,-131.2863
SP008,INT008,interview,10,SP030,TEL030,intercept,10,0,-92.842
SP008,INT008,interview,10,SP031,TEL031,intercept,10,0,-101.7013
SP008,INT008,interview,10,SP032,TEL032,intercept,10,0,-195.1998
SP008,INT008,interview,10,SP033,TEL033,intercept,10,0,-128.5458
SP008,INT008,interview,10,SP034,TEL034,intercept,10,0,-153.62
SP008,INT008,interview,10,SP035,TEL035,intercept,10,0,-76.18995
SP008,INT008,interview,10,SP036,TEL036,intercept,10,0,-140.4572
SP008,INT008,interview,10,SP037,TEL037,intercept,10,0,-207.2377
SP008,INT008,interview,10,SP038,TEL038,intercept,10,0,-135.7462
SP008,INT008,interview,10,SP039,TEL039,intercept,10,0,-76.51056
SP008,INT008,interview,10,SP040,TEL040,intercept,10,0,-135.633
SP008,INT008,interview,10,SP042,TEL042,intercept,10,0,-110.1243
SP008,INT008,interview,10,SP043,TEL043,intercept,10,0,-134.6237
SP008,INT008,interview,10,SP044,TEL044,intercept,10,0,-62.37014
SP008,INT008,interview,10,SP045,TEL045,intercept,10,0,-160.5351
SP008,INT008,interview,10,SP046,TEL046,intercept,10,0,-106.1311
SP008,INT008,interview,10,SP047,TEL047,intercept,10,0,-140.3195
SP008,INT008,interview,10,SP048,TEL048,intercept,10,0,-101.4445
SP008,INT008,interview,10,SP049,TEL049,intercept,10,0,-151.1326
SP008,INT008,interview,10,SP050,TEL050,intercept,10,0,-125.4105
SP008,INT008,interview,10,SP051,TEL051,intercept,10,0,-155.4266
SP008,INT008,interview,10,SP052,TEL052,intercept,10,0,-124.2454
SP008,INT008,interview,10,SP053,TEL053,intercept,10,0,-112.575
SP008,INT008,interview,10,SP054,TEL054,intercept,10,0,-110.5168
SP008,INT008,interview,10,SP056,TEL056,intercept,10,0,-139.0097
SP008,INT008,interview,10,SP058,TEL058,intercept,10,0,-151.2145
SP008,INT008,interview,10,SP059,TEL059,intercept,10,0,-107.1749
SP008,INT008,interview,10,SP060,TEL060,intercept,10,0,-116.9546
SP008,INT008,interview,10,SP062,TEL062,intercept,10,0,-110.3124
SP008,INT008,interview,10,SP063,TEL063,intercept,10,0,-154.5751
SP008,INT008,interview,10,SP064,TEL064,intercept,10,0,-148.8221
SP008,INT008,interview,10,SP065,TEL065,intercept,10,0,-43.54832
SP008,INT008,interview,10,SP066,TEL066,intercept,10,0,-93.48745
SP008,INT008,interview,10,SP067,TEL067,intercept,10,0,-135.9502
SP008,INT008,interview,10,SP068,TEL068,intercept,10,0,-142.8995
SP008,INT008,interview,10,SP069,TEL069,intercept,10,0,-127.0212
SP008,INT008,interview,10,SP071,TEL071,intercept,10,0,-107.8821
SP008,INT008,interview,10,SP072,TEL072,intercept,10,0,-93.44447
SP008,INT008,interview,10,SP073,TEL073,intercept,10,0,-145.9913
SP008,INT008,interview,10,SP074,TEL074,intercept,10,0,-95.33105
SP008,INT008,interview,10,SP075,TEL075,intercept,10,0,-133.2964
SP008,INT008,interview,10,SP076,TEL076,intercept,10,0,-160.0958
SP008,INT008,interview,10,SP077,TEL077,intercept,10,0,-92.30589
SP008,INT008,interview,10,SP078,TEL078,intercept,10,0,-135.9951
SP008,INT008,interview,10,SP079,TEL079,intercept,10,0,-139.1463
SP008,INT008,interview,10,SP080,TEL080,intercept,10,0,-158.2715
SP008,INT008,interview,10,SP081,TEL081,intercept,10,0,-111.0475
SP008,INT008,interview,10,SP084,TEL084,intercept,10,0,-83.10028
SP008,INT008,interview,10,SP085,TEL085,intercept,10,0,-154.9816
SP008,INT008,interview,10,SP086,TEL086,intercept,10,0,-115.0916
SP008,INT008,interview,10,SP087,TEL087,intercept,10,0,-102.2781
SP008,INT008,interview,10,SP088,TEL088,intercept,10,0,-127.6344
SP008,INT008,interview,10,SP090,TEL090,intercept,10,0,-107.7582
SP008,INT008,interview,10,SP093,TEL093,intercept,10,0,-142.9886
SP008,INT008,interview,10,SP094,TEL094,intercept,10,0,-177.4347
SP008,INT008,interview,10,SP095,TEL095,intercept,10,0,-112.0453
SP008,INT008,interview,10,SP096,TEL096,intercept,10,0,-142.7388
SP008,INT008,interview,10,SP097,TEL097,intercept,10,0,-117.2694
SP008,INT008,interview,10,SP099,TEL099,intercept,10,0,-155.3051
SP008,INT008,interview,10,SP100,TEL100,intercept,10,0,-103.1185
SP008,INT008,interview,10,SP102,TEL102,intercept,10,0,-151.4983
SP008,INT008,interview,10,SP103,TEL103,intercept,10,0,-127.8316
SP008,INT008,interview,10,SP105,TEL105,intercept,10,0,-109.7836
SP008,INT008,interview,10,SP106,TEL106,intercept,10,0,-82.59494
SP008,INT008,interview,10,SP107,TEL107,intercept,10,0,-114.9501
SP008,INT008,interview,10,SP108,TEL108,intercept,10,0,-94.88545
SP008,INT008,interview,10,SP111,TEL111,intercept,10,0,-127.2201
SP008,INT008,interview,10,SP112,TEL112,intercept,10,0,-127.3399
SP008,INT008,interview,10,SP113,TEL113,intercept,10,0,-84.69243
SP008,INT008,interview,10,SP114,TEL114,intercept,10,0,-140.5187
SP008,INT008,interview,10,SP115,TEL115,intercept,10,0,-156.09
SP008,INT008,interview,10,SP118,TEL118,intercept,10,0,-161.2463
SP008,INT008,interview,10,SP120,TEL120,intercept,10,0,-120.6325
SP008,INT008,interview,10,SP121,TEL121,intercept,10,0,-106.9921
SP010,INT010,interview,10,SP001,TEL001,intercept,10,0,-73.90579
SP010,INT010,interview,10,SP002,TEL002,intercept,10,0,-113.7985
SP010,INT010,interview,10,SP003,TEL003,intercept,10,0,-80.22349
SP010,INT010,interview,10,SP004,TEL004,intercept,10,0,-93.21421
SP010,INT010,interview,10,SP008,TEL008,intercept,10,0,-108.0385
SP010,INT010,interview,10,SP010,TEL010,intercept,10,1,-37.81256
SP010,INT010,interview,10,SP011,TEL011,intercept,10,0,-73.4449
SP010,INT010,interview,10,SP012,TEL012,intercept,10,0,-56.94056
SP010,INT010,interview,10,SP013,TEL013,intercept,10,0,-72.2787
SP010,INT010,interview,10,SP015,TEL015,intercept,10,0,-100.0976
SP010,INT010,interview,10,SP016,TEL016,intercept,10,0,-93.61149
SP010,INT010,interview,10,SP017,TEL017,intercept,10,0,-74.36854
SP010,INT010,interview,10,SP018,TEL018,intercept,10,0,-76.67389
SP010,INT010,interview,10,SP019,TEL019,intercept,10,0,-122.1962
SP010,INT010,interview,10,SP020,TEL020,intercept,10,0,-136.9242
SP010,INT010,interview,10,SP021,TEL021,intercept,10,0,-113.029
SP010,INT010,interview,10,SP022,TEL022,intercept,10,0,-101.6164
SP010,INT010,interview,10,SP023,TEL023,intercept,10,0,-112.6531
SP010,INT010,interview,10,SP024,TEL024,intercept,10,0,-108.1891
SP010,INT010,interview,10,SP025,TEL025,intercept,10,0,-62.02465
SP010,INT010,interview,10,SP026,TEL026,intercept,10,0,-83.93046
SP010,INT010,interview,10,SP027,TEL027,intercept,10,0,-129.8562
SP010,INT010,interview,10,SP028,TEL028,intercept,10,0,-103.7858
SP010,INT010,interview,10,SP029,TEL029,intercept,10,0,-124.7698
SP010,INT010,interview,10,SP030,TEL030,intercept,10,0,-106.9982
SP010,INT010,interview,10,SP031,TEL031,intercept,10,0,-105.7682
SP010,INT010,interview,10,SP032,TEL032,intercept,10,0,-68.3213
SP010,INT010,interview,10,SP033,TEL033,intercept,10,0,-84.53819
SP010,INT010,interview,10,SP034,TEL034,intercept,10,0,-94.45818
SP010,INT010,interview,10,SP035,TEL035,intercept,10,0,-94.35424
SP010,INT010,interview,10,SP036,TEL036,intercept,10,0,-81.43964
SP010,INT010,interview,10,SP037,TEL037,intercept,10,0,-97.30784
SP010,INT010,interview,10,SP038,TEL038,intercept,10,0,-138.0356
SP010,INT010,interview,10,SP039,TEL039,intercept,10,0,-126.2488
SP010,INT010,interview,10,SP040,TEL040,intercept,10,0,-69.41315
SP010,INT010,interview,10,SP042,TEL042,intercept,10,0,-66.67949
SP010,INT010,interview,10,SP043,TEL043,intercept,10,0,-63.08934
SP010,INT010,interview,10,SP044,TEL044,intercept,10,0,-105.1379
SP010,INT010,interview,10,SP045,TEL045,intercept,10,0,-75.27026
SP010,INT010,interview,10,SP046,TEL046,intercept,10,0,-87.83498
SP010,INT010,interview,10,SP047,TEL047,intercept,10,0,-62.70821
SP010,INT010,interview,10,SP048,TEL048,intercept,10,0,-115.6126
SP010,INT010,interview,10,SP049,TEL049,intercept,10,0,-132.0969
SP010,INT010,interview,10,SP050,TEL050,intercept,10,0,-57.49786
SP010,INT010,interview,10,SP051,TEL051,intercept,10,0,-93.51253
SP010,INT010,interview,10,SP052,TEL052,intercept,10,0,-95.35659
SP010,INT010,interview,10,SP053,TEL053,intercept,10,0,-71.03953
SP010,INT010,interview,10,SP054,TEL054,intercept,10,0,-91.4558
SP010,INT010,interview,10,SP056,TEL056,intercept,10,0,-90.35653
SP010,INT010,interview,10,SP058,TEL058,intercept,10,0,-86.68017
SP010,INT010,interview,10,SP059,TEL059,intercept,10,0,-94.048
SP010,INT010,interview,10,SP060,TEL060,intercept,10,0,-86.47866
SP010,INT010,interview,10,SP062,TEL062,intercept,10,0,-65.71178
SP010,INT010,interview,10,SP063,TEL063,intercept,10,0,-67.93891
SP010,INT010,interview,10,SP064,TEL064,intercept,10,0,-90.94517
SP010,INT010,interview,10,SP065,TEL065,intercept,10,0,-95.5118
SP010,INT010,interview,10,SP066,TEL066,intercept,10,0,-104.5573
SP010,INT010,interview,10,SP067,TEL067,intercept,10,0,-84.04152
SP010,INT010,interview,10,SP068,TEL068,intercept,10,0,-140.6392
SP010,INT010,interview,10,SP069,TEL069,intercept,10,0,-94.39683
SP010,INT010,interview,10,SP071,TEL071,intercept,10,0,-103.0762
SP010,INT010,interview,10,SP072,TEL072,intercept,10,0,-88.42039
SP010,INT010,interview,10,SP073,TEL073,intercept,10,0,-108.8262
SP010,INT010,interview,10,SP074,TEL074,intercept,10,0,-69.35751
SP010,INT010,interview,10,SP075,TEL075,intercept,10,0,-75.35975
SP010,INT010,interview,10,SP076,TEL076,intercept,10,0,-114.7461
SP010,INT010,interview,10,SP077,TEL077,intercept,10,0,-63.31783
SP010,INT010,interview,10,SP078,TEL078,intercept,10,0,-117.6504
SP010,INT010,interview,10,SP079,TEL079,intercept,10,0,-100.3032
SP010,INT010,interview,10,SP080,TEL080,intercept,10,0,-92.10136
SP010,INT010,interview,10,SP081,TEL081,intercept,10,0,-100.6016
SP010,INT010,interview,10,SP084,TEL084,intercept,10,0,-41.40702
SP010,INT010,interview,10,SP085,TEL085,intercept,10,0,-119.6147
SP010,INT010,interview,10,SP086,TEL086,intercept,10,0,-114.2805
SP010,INT010,interview,10,SP087,TEL087,intercept,10,0,-97.90035
SP010,INT010,interview,10,SP088,TEL088,intercept,10,0,-29.27195
SP010,INT010,interview,10,SP090,TEL090,intercept,10,0,-80.0969
SP010,INT010,interview,10,SP093,TEL093,intercept,10,0,-97.63934
SP010,INT010,interview,10,SP094,TEL094,intercept,10,0,-96.02254
SP010,INT010,interview,10,SP095,TEL095,intercept,10,0,-80.00275
SP010,INT010,interview,10,SP096,TEL096,intercept,10,0,-115.2016
SP010,INT010,interview,10,SP097,TEL097,intercept,10,0,-79.22414
SP010,INT010,interview,10,SP099,TEL099,intercept,10,0,-91.34074
SP010,INT010,interview,10,SP100,TEL100,intercept,10,0,-102.8056
SP010,INT010,interview,10,SP102,TEL102,intercept,10,0,-66.75723
SP010,INT010,interview,10,SP103,TEL103,intercept,10,0,-86.03389
SP010,INT010,interview,10,SP105,TEL105,intercept,10,0,-81.53468
SP010,INT010,interview,10,SP106,TEL106,intercept,10,0,-89.97952
SP010,INT010,interview,10,SP107,TEL107,intercept,10,0,-96.61052
SP010,INT010,interview,10,SP108,TEL108,intercept,10,0,-64.67973
SP010,INT010,interview,10,SP111,TEL111,intercept,10,0,-89.39852
SP010,INT010,interview,10,SP112,TEL112,intercept,10,0,-57.09847
SP010,INT010,interview,10,SP113,TEL113,intercept,10,0,-118.7727
SP010,INT010,interview,10,SP114,TEL114,intercept,10,0,-68.74535
SP010,INT010,interview,10,SP115,TEL115,intercept,10,0,-73.89027
SP010,INT010,interview,10,SP118,TEL118,intercept,10,0,-102.3324
SP010,INT010,interview,10,SP120,TEL120,intercept,10,0,-106.4066
SP010,INT010,interview,10,SP121,TEL121,intercept,10,0,-108.3518
SP011,INT011,interview,10,SP001,TEL001,intercept,10,0,-123.639
SP011,INT011,interview,10,SP002,TEL002,intercept,10,0,-140.4974
SP011,INT011,interview,10,SP003,TEL003,intercept,10,0,-134.387
SP011,INT011,interview,10,SP004,TEL004,intercept,10,0,-169.9027
SP011,INT011,interview,10,SP008,TEL008,intercept,10,0,-130.2416
SP011,INT011,interview,10,SP010,TEL010,intercept,10,0,-83.94492
SP011,INT011,interview,10,SP011,TEL011,intercept,10,1,-52.28416
SP011,INT011,interview,10,SP012,TEL012,intercept,10,0,-101.217
SP011,INT011,interview,10,SP013,TEL013,intercept,10,0,-92.70792
SP011,INT011,interview,10,SP015,TEL015,intercept,10,0,-75.80575
SP011,INT011,interview,10,SP016,TEL016,intercept,10,0,-103.1437
SP011,INT011,interview,10,SP017,TEL017,intercept,10,0,-127.2733
SP011,INT011,interview,10,SP018,TEL018,intercept,10,0,-116.9091
SP011,INT011,interview,10,SP019,TEL019,intercept,10,0,-112.2223
SP011,INT011,interview,10,SP020,TEL020,intercept,10,0,-179.7443
SP011,INT011,interview,10,SP021,TEL021,intercept,10,0,-128.1973
SP011,INT011,interview,10,SP022,TEL022,intercept,10,0,-131.1262
SP011,INT011,interview,10,SP023,TEL023,intercept,10,0,-129.9388
SP011,INT011,interview,10,SP024,TEL024,intercept,10,0,-94.59575
SP011,INT011,interview,10,SP025,TEL025,intercept,10,0,-79.67078
SP011,INT011,interview,10,SP026,TEL026,intercept,10,0,-96.83581
SP011,INT011,interview,10,SP027,TEL027,intercept,10,0,-172.5058
SP011,INT011,interview,10,SP028,TEL028,intercept,10,0,-89.28168
SP011,INT011,interview,10,SP029,TEL029,intercept,10,0,-117.0934
SP011,INT011,interview,10,SP030,TEL030,intercept,10,0,-130.8232
SP011,INT011,interview,10,SP031,TEL031,intercept,10,0,-132.1622
SP011,INT011,interview,10,SP032,TEL032,intercept,10,0,-133.7625
SP011,INT011,interview,10,SP033,TEL033,intercept,10,0,-112.2351
SP011,INT011,interview,10,SP034,TEL034,intercept,10,0,-120.0287
SP011,INT011,interview,10,SP035,TEL035,intercept,10,0,-103.7425
SP011,INT011,interview,10,SP036,TEL036,intercept,10,0,-117.1294
SP011,INT011,interview,10,SP037,TEL037,intercept,10,0,-146.0423
SP011,INT011,interview,10,SP038,TEL038,intercept,10,0,-118.4087
SP011,INT011,interview,10,SP039,TEL039,intercept,10,0,-117.1403
SP011,INT011,interview,10,SP040,TEL040,intercept,10,0,-121.0722
SP011,INT011,interview,10,SP042,TEL042,intercept,10,0,-73.7843
SP011,INT011,interview,10,SP043,TEL043,intercept,10,0,-113.15
SP011,INT011,interview,10,SP044,TEL044,intercept,10,0,-123.1791
SP011,INT011,interview,10,SP045,TEL045,intercept,10,0,-128.0266
SP011,INT011,interview,10,SP046,TEL046,intercept,10,0,-122.0056
SP011,INT011,interview,10,SP047,TEL047,intercept,10,0,-67.85187
SP011,INT011,interview,10,SP048,TEL048,intercept,10,0,-106.2735
SP011,INT011,interview,10,SP049,TEL049,intercept,10,0,-161.0549
SP011,INT011,interview,10,SP050,TEL050,intercept,10,0,-85.24197
SP011,INT011,interview,10,SP051,TEL051,intercept,10,0,-117.1912
SP011,INT011,interview,10,SP052,TEL052,intercept,10,0,-96.74679
SP011,INT011,interview,10,SP053,TEL053,intercept,10,0,-84.65149
SP011,INT011,interview,10,SP054,TEL054,intercept,10,0,-82.68995
SP011,INT011,interview,10,SP056,TEL056,intercept,10,0,-105.3555
SP011,INT011,interview,10,SP058,TEL058,intercept,10,0,-106.1482
SP011,INT011,interview,10,SP059,TEL059,intercept,10,0,-119.8697
SP011,INT011,interview,10,SP060,TEL060,intercept,10,0,-116.5437
SP011,INT011,interview,10,SP062,TEL062,intercept,10,0,-112.7227
SP011,INT011,interview,10,SP063,TEL063,intercept,10,0,-85.15781
SP011,INT011,interview,10,SP064,TEL064,intercept,10,0,-120.4035
SP011,INT011,interview,10,SP065,TEL065,intercept,10,0,-65.63507
SP011,INT011,interview,10,SP066,TEL066,intercept,10,0,-89.15069
SP011,INT011,interview,10,SP067,TEL067,intercept,10,0,-134.4068
SP011,INT011,interview,10,SP068,TEL068,intercept,10,0,-110.3765
SP011,INT011,interview,10,SP069,TEL069,intercept,10,0,-94.89052
SP011,INT011,interview,10,SP071,TEL071,intercept,10,0,-100.4117
SP011,INT011,interview,10,SP072,TEL072,intercept,10,0,-92.74072
SP011,INT011,interview,10,SP073,TEL073,intercept,10,0,-148.3103
SP011,INT011,interview,10,SP074,TEL074,intercept,10,0,-84.30708
SP011,INT011,interview,10,SP075,TEL075,intercept,10,0,-73.19282
SP011,INT011,interview,10,SP076,TEL076,intercept,10,0,-127.4312
SP011,INT011,interview,10,SP077,TEL077,intercept,10,0,-91.1856
SP011,INT011,interview,10,SP078,TEL078,intercept,10,0,-129.0728
SP011,INT011,interview,10,SP079,TEL079,intercept,10,0,-154.4375
SP011,INT011,interview,10,SP080,TEL080,intercept,10,0,-116.8985
SP011,INT011,interview,10,SP081,TEL081,intercept,10,0,-85.14256
SP011,INT011,interview,10,SP084,TEL084,intercept,10,0,-66.44208
SP011,INT011,interview,10,SP085,TEL085,intercept,10,0,-129.6979
SP011,INT011,interview,10,SP086,TEL086,intercept,10,0,-167.7442
SP011,INT011,interview,10,SP087,TEL087,intercept,10,0,-98.71394
SP011,INT011,interview,10,SP088,TEL088,intercept,10,0,-76.72105
SP011,INT011,interview,10,SP090,TEL090,intercept,10,0,-92.72554
SP011,INT011,interview,10,SP093,TEL093,intercept,10,0,-114.8178
SP011,INT011,interview,10,SP094,TEL094,intercept,10,0,-148.4711
SP011,INT011,interview,10,SP095,TEL095,intercept,10,0,-112.5793
SP011,INT011,interview,10,SP096,TEL096,intercept,10,0,-84.92398
SP011,INT011,interview,10,SP097,TEL097,intercept,10,0,-100.2188
SP011,INT011,interview,10,SP099,TEL099,intercept,10,0,-109.4508
SP011,INT011,interview,10,SP100,TEL100,intercept,10,0,-95.66905
SP011,INT011,interview,10,SP102,TEL102,intercept,10,0,-105.8631
SP011,INT011,interview,10,SP103,TEL103,intercept,10,0,-106.789
SP011,INT011,interview,10,SP105,TEL105,intercept,10,0,-117.7291
SP011,INT011,interview,10,SP106,TEL106,intercept,10,0,-84.82317
SP011,INT011,interview,10,SP107,TEL107,intercept,10,0,-121.0381
SP011,INT011,interview,10,SP108,TEL108,intercept,10,0,-96.28403
SP011,INT011,interview,10,SP111,TEL111,intercept,10,0,-95.60232
SP011,INT011,interview,10,SP112,TEL112,intercept,10,0,-92.955
SP011,INT011,interview,10,SP113,TEL113,intercept,10,0,-105.6335
SP011,INT011,interview,10,SP114,TEL114,intercept,10,0,-87.99893
SP011,INT011,interview,10,SP115,TEL115,intercept,10,0,-119.4526
SP011,INT011,interview,10,SP118,TEL118,intercept,10,0,-132.1515
SP011,INT011,interview,10,SP120,TEL120,intercept,10,0,-112.0471
SP011,INT011,interview,10,SP121,TEL121,intercept,10,0,-142.0487
SP012,INT012,interview,10,SP001,TEL001,intercept,10,0,-68.46376
SP012,INT012,interview,10,SP002,TEL002,intercept,10,0,-129.9405
SP012,INT012,interview,10,SP003,TEL003,intercept,10,0,-102.9122
SP012,INT012,interview,10,SP004,TEL004,intercept,10,0,-97.39904
SP012,INT012,interview,10,SP008,TEL008,intercept,10,0,-100.4454
SP012,INT012,interview,10,SP010,TEL010,intercept,10,0,-72.47993
SP012,INT012,interview,10,SP011,TEL011,intercept,10,0,-99.10919
SP012,INT012,interview,10,SP012,TEL012,intercept,10,1,-34.06591
SP012,INT012,interview,10,SP013,TEL013,intercept,10,0,-117.1314
SP012,INT012,interview,10,SP015,TEL015,intercept,10,0,-87.06147
SP012,INT012,interview,10,SP016,TEL016,intercept,10,0,-93.43832
SP012,INT012,interview,10,SP017,TEL017,intercept,10,0,-127.0502
SP012,INT012,interview,10,SP018,TEL018,intercept,10,0,-128.8761
SP012,INT012,interview,10,SP019,TEL019,intercept,10,0,-163.4258
SP012,INT012,interview,10,SP020,TEL020,intercept,10,0,-120.9303
SP012,INT012,interview,10,SP021,TEL021,intercept,10,0,-137.0401
SP012,INT012,interview,10,SP022,TEL022,intercept,10,0,-86.61094
SP012,INT012,interview,10,SP023,TEL023,intercept,10,0,-111.2704
SP012,INT012,interview,10,SP024,TEL024,intercept,10,0,-124.648
SP012,INT012,interview,10,SP025,TEL025,intercept,10,0,-88.2506
SP012,INT012,interview,10,SP026,TEL026,intercept,10,0,-99.21548
SP012,INT012,interview,10,SP027,TEL027,intercept,10,0,-169.8953
SP012,INT012,interview,10,SP028,TEL028,intercept,10,0,-139.515
SP012,INT012,interview,10,SP029,TEL029,intercept,10,0,-108.221
SP012,INT012,interview,10,SP030,TEL030,intercept,10,0,-121.1573
SP012,INT012,interview,10,SP031,TEL031,intercept,10,0,-120.8943
SP012,INT012,interview,10,SP032,TEL032,intercept,10,0,-75.8307
SP012,INT012,interview,10,SP033,TEL033,intercept,10,0,-85.20276
SP012,INT012,interview,10,SP034,TEL034,intercept,10,0,-84.94396
SP012,INT012,interview,10,SP035,TEL035,intercept,10,0,-105.6509
SP012,INT012,interview,10,SP036,TEL036,intercept,10,0,-69.22005
SP012,INT012,interview,10,SP037,TEL037,intercept,10,0,-101.427
SP012,INT012,interview,10,SP038,TEL038,intercept,10,0,-133.1336
SP012,INT012,interview,10,SP039,TEL039,intercept,10,0,-126.6135
SP012,INT012,interview,10,SP040,TEL040,intercept,10,0,-118.7595
SP012,INT012,interview,10,SP042,TEL042,intercept,10,0,-100.1715
SP012,INT012,interview,10,SP043,TEL043,intercept,10,0,-67.34794
SP012,INT012,interview,10,SP044,TEL044,intercept,10,0,-138.0709
SP012,INT012,interview,10,SP045,TEL045,intercept,10,0,-130.2119
SP012,INT012,interview,10,SP046,TEL046,intercept,10,0,-93.97577
SP012,INT012,interview,10,SP047,TEL047,intercept,10,0,-105.4646
SP012,INT012,interview,10,SP048,TEL048,intercept,10,0,-120.0692
SP012,INT012,interview,10,SP049,TEL049,intercept,10,0,-128.4017
SP012,INT012,interview,10,SP050,TEL050,intercept,10,0,-86.401
SP012,INT012,interview,10,SP051,TEL051,intercept,10,0,-104.3667
SP012,INT012,interview,10,SP052,TEL052,intercept,10,0,-129.9855
SP012,INT012,interview,10,SP053,TEL053,intercept,10,0,-70.90181
SP012,INT012,interview,10,SP054,TEL054,intercept,10,0,-114.5462
SP012,INT012,interview,10,SP056,TEL056,intercept,10,0,-52.27135
SP012,INT012,interview,10,SP058,TEL058,intercept,10,0,-108.1192
SP012,INT012,interview,10,SP059,TEL059,intercept,10,0,-71.60667
SP012,INT012,interview,10,SP060,TEL060,intercept,10,0,-106.6527
SP012,INT012,interview,10,SP062,TEL062,intercept,10,0,-85.26149
SP012,INT012,interview,10,SP063,TEL063,intercept,10,0,-91.2179
SP012,INT012,interview,10,SP064,TEL064,intercept,10,0,-79.73753
SP012,INT012,interview,10,SP065,TEL065,intercept,10,0,-142.9085
SP012,INT012,interview,10,SP066,TEL066,intercept,10,0,-142.0789
SP012,INT012,interview,10,SP067,TEL067,intercept,10,0,-105.7865
SP012,INT012,interview,10,SP068,TEL068,intercept,10,0,-128.0085
SP012,INT012,interview,10,SP069,TEL069,intercept,10,0,-100.0687
SP012,INT012,interview,10,SP071,TEL071,intercept,10,0,-106.2138
SP012,INT012,interview,10,SP072,TEL072,intercept,10,0,-107.3835
SP012,INT012,interview,10,SP073,TEL073,intercept,10,0,-120.7802
SP012,INT012,interview,10,SP074,TEL074,intercept,10,0,-100.165
SP012,INT012,interview,10,SP075,TEL075,intercept,10,0,-116.4727
SP012,INT012,interview,10,SP076,TEL076,intercept,10,0,-140.0265
SP012,INT012,interview,10,SP077,TEL077,intercept,10,0,-118.4156
SP012,INT012,interview,10,SP078,TEL078,intercept,10,0,-134.3406
SP012,INT012,interview,10,SP079,TEL079,intercept,10,0,-97.13844
SP012,INT012,interview,10,SP080,TEL080,intercept,10,0,-94.41299
SP012,INT012,interview,10,SP081,TEL081,intercept,10,0,-146.363
SP012,INT012,interview,10,SP084,TEL084,intercept,10,0,-94.52785
SP012,INT012,interview,10,SP085,TEL085,intercept,10,0,-107.3365
SP012,INT012,interview,10,SP086,TEL086,intercept,10,0,-178.0935
SP012,INT012,interview,10,SP087,TEL087,intercept,10,0,-118.1083
SP012,INT012,interview,10,SP088,TEL088,intercept,10,0,-72.43417
SP012,INT012,interview,10,SP090,TEL090,intercept,10,0,-69.57
SP012,INT012,interview,10,SP093,TEL093,intercept,10,0,-69.35517
SP012,INT012,interview,10,SP094,TEL094,intercept,10,0,-100.4218
SP012,INT012,interview,10,SP095,TEL095,intercept,10,0,-104.2742
SP012,INT012,interview,10,SP096,TEL096,intercept,10,0,-114.3619
SP012,INT012,interview,10,SP097,TEL097,intercept,10,0,-51.39825
SP012,INT012,interview,10,SP099,TEL099,intercept,10,0,-78.50308
SP012,INT012,interview,10,SP100,TEL100,intercept,10,0,-149.8148
SP012,INT012,interview,10,SP102,TEL102,intercept,10,0,-68.94734
SP012,INT012,interview,10,SP103,TEL103,intercept,10,0,-62.98188
SP012,INT012,interview,10,SP105,TEL105,intercept,10,0,-113.4186
SP012,INT012,interview,10,SP106,TEL106,intercept,10,0,-87.18658
SP012,INT012,interview,10,SP107,TEL107,intercept,10,0,-137.0816
SP012,INT012,interview,10,SP108,TEL108,intercept,10,0,-104.999
SP012,INT012,interview,10,SP111,TEL111,intercept,10,0,-132.3696
SP012,INT012,interview,10,SP112,TEL112,intercept,10,0,-87.09698
SP012,INT012,interview,10,SP113,TEL113,intercept,10,0,-130.8872
SP012,INT012,interview,10,SP114,TEL114,intercept,10,0,-60.2471
SP012,INT012,interview,10,SP115,TEL115,intercept,10,0,-96.56187
SP012,INT012,interview,10,SP118,TEL118,intercept,10,0,-142.1988
SP012,INT012,interview,10,SP120,TEL120,intercept,10,0,-111.8787
SP012,INT012,interview,10,SP121,TEL121,intercept,10,0,-121.7805
SP013,INT013,interview,10,SP001,TEL001,intercept,10,0,-74.47652
SP013,INT013,interview,10,SP002,TEL002,intercept,10,0,-139.2749
SP013,INT013,interview,10,SP003,TEL003,intercept,10,0,-82.49925
SP013,INT013,interview,10,SP004,TEL004,intercept,10,0,-82.55956
SP013,INT013,interview,10,SP008,TEL008,intercept,10,0,-109.8005
SP013,INT013,interview,10,SP010,TEL010,intercept,10,0,-74.68967
SP013,INT013,interview,10,SP011,TEL011,intercept,10,0,-80.77059
SP013,INT013,interview,10,SP012,TEL012,intercept,10,0,-74.17863
SP013,INT013,interview,10,SP013,TEL013,intercept,10,1,-26.07025
SP013,INT013,interview,10,SP015,TEL015,intercept,10,0,-85.43396
SP013,INT013,interview,10,SP016,TEL016,intercept,10,0,-88.53446
SP013,INT013,interview,10,SP017,TEL017,intercept,10,0,-84.66187
SP013,INT013,interview,10,SP018,TEL018,intercept,10,0,-96.54238
SP013,INT013,interview,10,SP019,TEL019,intercept,10,0,-75.2748
SP013,INT013,interview,10,SP020,TEL020,intercept,10,0,-132.4741
SP013,INT013,interview,10,SP021,TEL021,intercept,10,0,-108.9555
SP013,INT013,interview,10,SP022,TEL022,intercept,10,0,-130.3712
SP013,INT013,interview,10,SP023,TEL023,intercept,10,0,-91.63882
SP013,INT013,interview,10,SP024,TEL024,intercept,10,0,-96.06278
SP013,INT013,interview,10,SP025,TEL025,intercept,10,0,-57.12224
SP013,INT013,interview,10,SP026,TEL026,intercept,10,0,-90.48797
SP013,INT013,interview,10,SP027,TEL027,intercept,10,0,-129.1673
SP013,INT013,interview,10,SP028,TEL028,intercept,10,0,-87.61543
SP013,INT013,interview,10,SP029,TEL029,intercept,10,0,-103.8773
SP013,INT013,interview,10,SP030,TEL030,intercept,10,0,-112.4726
SP013,INT013,interview,10,SP031,TEL031,intercept,10,0,-118.1046
SP013,INT013,interview,10,SP032,TEL032,intercept,10,0,-84.85222
SP013,INT013,interview,10,SP033,TEL033,intercept,10,0,-80.39016
SP013,INT013,interview,10,SP034,TEL034,intercept,10,0,-87.25937
SP013,INT013,interview,10,SP035,TEL035,intercept,10,0,-80.68597
SP013,INT013,interview,10,SP036,TEL036,intercept,10,0,-78.52209
SP013,INT013,interview,10,SP037,TEL037,intercept,10,0,-121.9028
SP013,INT013,interview,10,SP038,TEL038,intercept,10,0,-104.2422
SP013,INT013,interview,10,SP039,TEL039,intercept,10,0,-89.99991
SP013,INT013,interview,10,SP040,TEL040,intercept,10,0,-67.74378
SP013,INT013,interview,10,SP042,TEL042,intercept,10,0,-83.61352
SP013,INT013,interview,10,SP043,TEL043,intercept,10,0,-91.69099
SP013,INT013,interview,10,SP044,TEL044,intercept,10,0,-106.889
SP013,INT013,interview,10,SP045,TEL045,intercept,10,0,-100.3129
SP013,INT013,interview,10,SP046,TEL046,intercept,10,0,-85.35682
SP013,INT013,interview,10,SP047,TEL047,intercept,10,0,-101.1393
SP013,INT013,interview,10,SP048,TEL048,intercept,10,0,-70.27728
SP013,INT013,interview,10,SP049,TEL049,intercept,10,0,-120.3676
SP013,INT013,interview,10,SP050,TEL050,intercept,10,0,-85.01432
SP013,INT013,interview,10,SP051,TEL051,intercept,10,0,-118.2178
SP013,INT013,interview,10,SP052,TEL052,intercept,10,0,-101.3181
SP013,INT013,interview,10,SP053,TEL053,intercept,10,0,-86.76283
SP013,INT013,interview,10,SP054,TEL054,intercept,10,0,-87.24249
SP013,INT013,interview,10,SP056,TEL056,intercept,10,0,-117.8522
SP013,INT013,interview,10,SP058,TEL058,intercept,10,0,-69.45341
SP013,INT013,interview,10,SP059,TEL059,intercept,10,0,-108.4157
SP013,INT013,interview,10,SP060,TEL060,intercept,10,0,-76.85056
SP013,INT013,interview,10,SP062,TEL062,intercept,10,0,-64.11361
SP013,INT013,interview,10,SP063,TEL063,intercept,10,0,-94.85152
SP013,INT013,interview,10,SP064,TEL064,intercept,10,0,-99.33197
SP013,INT013,interview,10,SP065,TEL065,intercept,10,0,-83.9208
SP013,INT013,interview,10,SP066,TEL066,intercept,10,0,-130.6278
SP013,INT013,interview,10,SP067,TEL067,intercept,10,0,-97.95777
SP013,INT013,interview,10,SP068,TEL068,intercept,10,0,-94.23253
SP013,INT013,interview,10,SP069,TEL069,intercept,10,0,-86.05344
SP013,INT013,interview,10,SP071,TEL071,intercept,10,0,-100.5965
SP013,INT013,interview,10,SP072,TEL072,intercept,10,0,-98.43414
SP013,INT013,interview,10,SP073,TEL073,intercept,10,0,-118.9722
SP013,INT013,interview,10,SP074,TEL074,intercept,10,0,-70.64008
SP013,INT013,interview,10,SP075,TEL075,intercept,10,0,-95.36989
SP013,INT013,interview,10,SP076,TEL076,intercept,10,0,-136.602
SP013,INT013,interview,10,SP077,TEL077,intercept,10,0,-70.5314
SP013,INT013,interview,10,SP078,TEL078,intercept,10,0,-121.8322
SP013,INT013,interview,10,SP079,TEL079,intercept,10,0,-66.34856
SP013,INT013,interview,10,SP080,TEL080,intercept,10,0,-75.00315
SP013,INT013,interview,10,SP081,TEL081,intercept,10,0,-97.63023
SP013,INT013,interview,10,SP084,TEL084,intercept,10,0,-40.55352
SP013,INT013,interview,10,SP085,TEL085,intercept,10,0,-106.9611
SP013,INT013,interview,10,SP086,TEL086,intercept,10,0,-113.623
SP013,INT013,interview,10,SP087,TEL087,intercept,10,0,-88.81956
SP013,INT013,interview,10,SP088,TEL088,intercept,10,0,-68.63478
SP013,INT013,interview,10,SP090,TEL090,intercept,10,0,-72.52168
SP013,INT013,interview,10,SP093,TEL093,intercept,10,0,-95.39134
SP013,INT013,interview,10,SP094,TEL094,intercept,10,0,-81.58707
SP013,INT013,interview,10,SP095,TEL095,intercept,10,0,-57.8497
SP013,INT013,interview,10,SP096,TEL096,intercept,10,0,-99.16906
SP013,INT013,interview,10,SP097,TEL097,intercept,10,0,-88.42899
SP013,INT013,interview,10,SP099,TEL099,intercept,10,0,-106.1108
SP013,INT013,interview,10,SP100,TEL100,intercept,10,0,-106.652
SP013,INT013,interview,10,SP102,TEL102,intercept,10,0,-89.18446
SP013,INT013,interview,10,SP103,TEL103,intercept,10,0,-71.43687
SP013,INT013,interview,10,SP105,TEL105,intercept,10,0,-116.0938
SP013,INT013,interview,10,SP106,TEL106,intercept,10,0,-94.54556
SP013,INT013,interview,10,SP107,TEL107,intercept,10,0,-66.97268
SP013,INT013,interview,10,SP108,TEL108,intercept,10,0,-62.33532
SP013,INT013,interview,10,SP111,TEL111,intercept,10,0,-70.75911
SP013,INT013,interview,10,SP112,TEL112,intercept,10,0,-62.81533
SP013,INT013,interview,10,SP113,TEL113,intercept,10,0,-142.8391
SP013,INT013,interview,10,SP114,TEL114,intercept,10,0,-54.93469
SP013,INT013,interview,10,SP115,TEL115,intercept,10,0,-84.99397
SP013,INT013,interview,10,SP118,TEL118,intercept,10,0,-111.0354
SP013,INT013,interview,10,SP120,TEL120,intercept,10,0,-137.5727
SP013,INT013,interview,10,SP121,TEL121,intercept,10,0,-117.0697
SP015,INT015,interview,10,SP001,TEL001,intercept,10,0,-82.00304
SP015,INT015,interview,10,SP002,TEL002,intercept,10,0,-116.794
SP015,INT015,interview,10,SP003,TEL003,intercept,10,0,-105.3058
SP015,INT015,interview,10,SP004,TEL004,intercept,10,0,-107.1782
SP015,INT015,interview,10,SP008,TEL008,intercept,10,0,-136.5093
SP015,INT015,interview,10,SP010,TEL010,intercept,10,0,-73.23318
SP015,INT015,interview,10,SP011,TEL011,intercept,10,0,-90.56538
SP015,INT015,interview,10,SP012,TEL012,intercept,10,0,-79.14855
SP015,INT015,interview,10,SP013,TEL013,intercept,10,0,-93.3849
SP015,INT015,interview,10,SP015,TEL015,intercept,10,1,-43.90677
SP015,INT015,interview,10,SP016,TEL016,intercept,10,0,-69.0499
SP015,INT015,interview,10,SP017,TEL017,intercept,10,0,-93.01997
SP015,INT015,interview,10,SP018,TEL018,intercept,10,0,-103.7771
SP015,INT015,interview,10,SP019,TEL019,intercept,10,0,-116.587
SP015,INT015,interview,10,SP020,TEL020,intercept,10,0,-116.3271
SP015,INT015,interview,10,SP021,TEL021,intercept,10,0,-98.99892
SP015,INT015,interview,10,SP022,TEL022,intercept,10,0,-67.32182
SP015,INT015,interview,10,SP023,TEL023,intercept,10,0,-98.9269
SP015,INT015,interview,10,SP024,TEL024,intercept,10,0,-118.9143
SP015,INT015,interview,10,SP025,TEL025,intercept,10,0,-90.90907
SP015,INT015,interview,10,SP026,TEL026,intercept,10,0,-90.863
SP015,INT015,interview,10,SP027,TEL027,intercept,10,0,-119.3574
SP015,INT015,interview,10,SP028,TEL028,intercept,10,0,-88.60059
SP015,INT015,interview,10,SP029,TEL029,intercept,10,0,-106.1144
SP015,INT015,interview,10,SP030,TEL030,intercept,10,0,-47.64195
SP015,INT015,interview,10,SP031,TEL031,intercept,10,0,-78.37086
SP015,INT015,interview,10,SP032,TEL032,intercept,10,0,-90.41654
SP015,INT015,interview,10,SP033,TEL033,intercept,10,0,-64.77554
SP015,INT015,interview,10,SP034,TEL034,intercept,10,0,-83.98386
SP015,INT015,interview,10,SP035,TEL035,intercept,10,0,-96.71404
SP015,INT015,interview,10,SP036,TEL036,intercept,10,0,-53.27571
SP015,INT015,interview,10,SP037,TEL037,intercept,10,0,-118.6013
SP015,INT015,interview,10,SP038,TEL038,intercept,10,0,-150.0889
SP015,INT015,interview,10,SP039,TEL039,intercept,10,0,-116.7112
SP015,INT015,interview,10,SP040,TEL040,intercept,10,0,-108.2859
SP015,INT015,interview,10,SP042,TEL042,intercept,10,0,-110.9977
SP015,INT015,interview,10,SP043,TEL043,intercept,10,0,-74.72738
SP015,INT015,interview,10,SP044,TEL044,intercept,10,0,-111.2021
SP015,INT015,interview,10,SP045,TEL045,intercept,10,0,-130.9317
SP015,INT015,interview,10,SP046,TEL046,intercept,10,0,-56.06476
SP015,INT015,interview,10,SP047,TEL047,intercept,10,0,-91.49418
SP015,INT015,interview,10,SP048,TEL048,intercept,10,0,-97.49191
SP015,INT015,interview,10,SP049,TEL049,intercept,10,0,-126.0102
SP015,INT015,interview,10,SP050,TEL050,intercept,10,0,-65.75936
SP015,INT015,interview,10,SP051,TEL051,intercept,10,0,-81.45085
SP015,INT015,interview,10,SP052,TEL052,intercept,10,0,-103.4383
SP015,INT015,interview,10,SP053,TEL053,intercept,10,0,-92.42241
SP015,INT015,interview,10,SP054,TEL054,intercept,10,0,-96.78644
SP015,INT015,interview,10,SP056,TEL056,intercept,10,0,-72.71454
SP015,INT015,interview,10,SP058,TEL058,intercept,10,0,-87.45286
SP015,INT015,interview,10,SP059,TEL059,intercept,10,0,-97.24725
SP015,INT015,interview,10,SP060,TEL060,intercept,10,0,-78.76502
SP015,INT015,interview,10,SP062,TEL062,intercept,10,0,-92.94529
SP015,INT015,interview,10,SP063,TEL063,intercept,10,0,-51.86498
SP015,INT015,interview,10,SP064,TEL064,intercept,10,0,-97.60271
SP015,INT015,interview,10,SP065,TEL065,intercept,10,0,-97.15323
SP015,INT015,interview,10,SP066,TEL066,intercept,10,0,-47.45563
SP015,INT015,interview,10,SP067,TEL067,intercept,10,0,-111.2237
SP015,INT015,interview,10,SP068,TEL068,intercept,10,0,-104.3796
SP015,INT015,interview,10,SP069,TEL069,intercept,10,0,-100.9447
SP015,INT015,interview,10,SP071,TEL071,intercept,10,0,-81.48589
SP015,INT015,interview,10,SP072,TEL072,intercept,10,0,-79.6236
SP015,INT015,interview,10,SP073,TEL073,intercept,10,0,-122.2932
SP015,INT015,interview,10,SP074,TEL074,intercept,10,0,-58.56623
SP015,INT015,interview,10,SP075,TEL075,intercept,10,0,-136.4279
SP015,INT015,interview,10,SP076,TEL076,intercept,10,0,-93.18942
SP015,INT015,interview,10,SP077,TEL077,intercept,10,0,-106.0031
SP015,INT015,interview,10,SP078,TEL078,intercept,10,0,-136.3164
SP015,INT015,interview,10,SP079,TEL079,intercept,10,0,-97.48733
SP015,INT015,interview,10,SP080,TEL080,intercept,10,0,-95.42807
SP015,INT015,interview,10,SP081,TEL081,intercept,10,0,-114.317
SP015,INT015,interview,10,SP084,TEL084,intercept,10,0,-80.4875
SP015,INT015,interview,10,SP085,TEL085,intercept,10,0,-120.7742
SP015,INT015,interview,10,SP086,TEL086,intercept,10,0,-110.014
SP015,INT015,interview,10,SP087,TEL087,intercept,10,0,-72.2378
SP015,INT015,interview,10,SP088,TEL088,intercept,10,0,-57.95307
SP015,INT015,interview,10,SP090,TEL090,intercept,10,0,-66.44846
SP015,INT015,interview,10,SP093,TEL093,intercept,10,0,-83.91607
SP015,INT015,interview,10,SP094,TEL094,intercept,10,0,-94.34856
SP015,INT015,interview,10,SP095,TEL095,intercept,10,0,-51.06719
SP015,INT015,interview,10,SP096,TEL096,intercept,10,0,-93.77704
SP015,INT015,interview,10,SP097,TEL097,intercept,10,0,-92.19151
SP015,INT015,interview,10,SP099,TEL099,intercept,10,0,-103.6647
SP015,INT015,interview,10,SP100,TEL100,intercept,10,0,-93.43734
SP015,INT015,interview,10,SP102,TEL102,intercept,10,0,-60.22693
SP015,INT015,interview,10,SP103,TEL103,intercept,10,0,-78.34108
SP015,INT015,interview,10,SP105,TEL105,intercept,10,0,-122.4815
SP015,INT015,interview,10,SP106,TEL106,intercept,10,0,-109.3977
SP015,INT015,interview,10,SP107,TEL107,intercept,10,0,-67.89828
SP015,INT015,interview,10,SP108,TEL108,intercept,10,0,-72.08986
SP015,INT015,interview,10,SP111,TEL111,intercept,10,0,-65.78518
SP015,INT015,interview,10,SP112,TEL112,intercept,10,0,-71.47629
SP015,INT015,interview,10,SP113,TEL113,intercept,10,0,-104.072
SP015,INT015,interview,10,SP114,TEL114,intercept,10,0,-107.2569
SP015,INT015,interview,10,SP115,TEL115,intercept,10,0,-94.64205
SP015,INT015,interview,10,SP118,TEL118,intercept,10,0,-114.5112
SP015,INT015,interview,10,SP120,TEL120,intercept,10,0,-80.97459
SP015,INT015,interview,10,SP121,TEL121,intercept,10,0,-84.58551
SP016,INT016,interview,10,SP001,TEL001,intercept,10,0,-66.96396
SP016,INT016,interview,10,SP002,TEL002,intercept,10,0,-124.0109
SP016,INT016,interview,10,SP003,TEL003,intercept,10,0,-132.0807
SP016,INT016,interview,10,SP004,TEL004,intercept,10,0,-142.0226
SP016,INT016,interview,10,SP008,TEL008,intercept,10,0,-139.2907
SP016,INT016,interview,10,SP010,TEL010,intercept,10,0,-112.0306
SP016,INT016,interview,10,SP011,TEL011,intercept,10,0,-83.60013
SP016,INT016,interview,10,SP012,TEL012,intercept,10,0,-96.00189
SP016,INT016,interview,10,SP013,TEL013,intercept,10,0,-59.86058
SP016,INT016,interview,10,SP015,TEL015,intercept,10,0,-91.31182
SP016,INT016,interview,10,SP016,TEL016,intercept,10,1,-49.18456
SP016,INT016,interview,10,SP017,TEL017,intercept,10,0,-95.39337
SP016,INT016,interview,10,SP018,TEL018,intercept,10,0,-124.8117
SP016,INT016,interview,10,SP019,TEL019,intercept,10,0,-99.99132
SP016,INT016,interview,10,SP020,TEL020,intercept,10,0,-159.556
SP016,INT016,interview,10,SP021,TEL021,intercept,10,0,-137.751
SP016,INT016,interview,10,SP022,TEL022,intercept,10,0,-137.369
SP016,INT016,interview,10,SP023,TEL023,intercept,10,0,-116.1563
SP016,INT016,interview,10,SP024,TEL024,intercept,10,0,-104.8193
SP016,INT016,interview,10,SP025,TEL025,intercept,10,0,-49.74247
SP016,INT016,interview,10,SP026,TEL026,intercept,10,0,-78.79663
SP016,INT016,interview,10,SP027,TEL027,intercept,10,0,-148.0633
SP016,INT016,interview,10,SP028,TEL028,intercept,10,0,-81.01732
SP016,INT016,interview,10,SP029,TEL029,intercept,10,0,-108.9047
SP016,INT016,interview,10,SP030,TEL030,intercept,10,0,-82.47295
SP016,INT016,interview,10,SP031,TEL031,intercept,10,0,-91.58356
SP016,INT016,interview,10,SP032,TEL032,intercept,10,0,-104.2733
SP016,INT016,interview,10,SP033,TEL033,intercept,10,0,-87.46809
SP016,INT016,interview,10,SP034,TEL034,intercept,10,0,-83.61043
SP016,INT016,interview,10,SP035,TEL035,intercept,10,0,-73.6878
SP016,INT016,interview,10,SP036,TEL036,intercept,10,0,-67.97957
SP016,INT016,interview,10,SP037,TEL037,intercept,10,0,-108.562
SP016,INT016,interview,10,SP038,TEL038,intercept,10,0,-135.8753
SP016,INT016,interview,10,SP039,TEL039,intercept,10,0,-106.6245
SP016,INT016,interview,10,SP040,TEL040,intercept,10,0,-87.71453
SP016,INT016,interview,10,SP042,TEL042,intercept,10,0,-93.25249
SP016,INT016,interview,10,SP043,TEL043,intercept,10,0,-130.3964
SP016,INT016,interview,10,SP044,TEL044,intercept,10,0,-120.7982
SP016,INT016,interview,10,SP045,TEL045,intercept,10,0,-109.7399
SP016,INT016,interview,10,SP046,TEL046,intercept,10,0,-66.76646
SP016,INT016,interview,10,SP047,TEL047,intercept,10,0,-72.77885
SP016,INT016,interview,10,SP048,TEL048,intercept,10,0,-89.41755
SP016,INT016,interview,10,SP049,TEL049,intercept,10,0,-103.8097
SP016,INT016,interview,10,SP050,TEL050,intercept,10,0,-92.30298
SP016,INT016,interview,10,SP051,TEL051,intercept,10,0,-78.66588
SP016,INT016,interview,10,SP052,TEL052,intercept,10,0,-96.69553
SP016,INT016,interview,10,SP053,TEL053,intercept,10,0,-83.55869
SP016,INT016,interview,10,SP054,TEL054,intercept,10,0,-107.8849
SP016,INT016,interview,10,SP056,TEL056,intercept,10,0,-100.312
SP016,INT016,interview,10,SP058,TEL058,intercept,10,0,-93.5407
SP016,INT016,interview,10,SP059,TEL059,intercept,10,0,-114.8155
SP016,INT016,interview,10,SP060,TEL060,intercept,10,0,-110.3798
SP016,INT016,interview,10,SP062,TEL062,intercept,10,0,-85.79244
SP016,INT016,interview,10,SP063,TEL063,intercept,10,0,-67.78265
SP016,INT016,interview,10,SP064,TEL064,intercept,10,0,-140.7446
SP016,INT016,interview,10,SP065,TEL065,intercept,10,0,-111.7528
SP016,INT016,interview,10,SP066,TEL066,intercept,10,0,-101.665
SP016,INT016,interview,10,SP067,TEL067,intercept,10,0,-119.0861
SP016,INT016,interview,10,SP068,TEL068,intercept,10,0,-99.78581
SP016,INT016,interview,10,SP069,TEL069,intercept,10,0,-100.6687
SP016,INT016,interview,10,SP071,TEL071,intercept,10,0,-78.56272
SP016,INT016,interview,10,SP072,TEL072,intercept,10,0,-63.37765
SP016,INT016,interview,10,SP073,TEL073,intercept,10,0,-145.5281
SP016,INT016,interview,10,SP074,TEL074,intercept,10,0,-107.6379
SP016,INT016,interview,10,SP075,TEL075,intercept,10,0,-110.8425
SP016,INT016,interview,10,SP076,TEL076,intercept,10,0,-175.7552
SP016,INT016,interview,10,SP077,TEL077,intercept,10,0,-92.56449
SP016,INT016,interview,10,SP078,TEL078,intercept,10,0,-149.5489
SP016,INT016,interview,10,SP079,TEL079,intercept,10,0,-83.39759
SP016,INT016,interview,10,SP080,TEL080,intercept,10,0,-80.86027
SP016,INT016,interview,10,SP081,TEL081,intercept,10,0,-81.59144
SP016,INT016,interview,10,SP084,TEL084,intercept,10,0,-49.38337
SP016,INT016,interview,10,SP085,TEL085,intercept,10,0,-103.1153
SP016,INT016,interview,10,SP086,TEL086,intercept,10,0,-133.2733
SP016,INT016,interview,10,SP087,TEL087,intercept,10,0,-85.76591
SP016,INT016,interview,10,SP088,TEL088,intercept,10,0,-97.43872
SP016,INT016,interview,10,SP090,TEL090,intercept,10,0,-95.50897
SP016,INT016,interview,10,SP093,TEL093,intercept,10,0,-91.78702
SP016,INT016,interview,10,SP094,TEL094,intercept,10,0,-122.5951
SP016,INT016,interview,10,SP095,TEL095,intercept,10,0,-95.16654
SP016,INT016,interview,10,SP096,TEL096,intercept,10,0,-124.1261
SP016,INT016,interview,10,SP097,TEL097,intercept,10,0,-66.74484
SP016,INT016,interview,10,SP099,TEL099,intercept,10,0,-114.7176
SP016,INT016,interview,10,SP100,TEL100,intercept,10,0,-132.4218
SP016,INT016,interview,10,SP102,TEL102,intercept,10,0,-102.2529
SP016,INT016,interview,10,SP103,TEL103,intercept,10,0,-45.2017
SP016,INT016,interview,10,SP105,TEL105,intercept,10,0,-131.5711
SP016,INT016,interview,10,SP106,TEL106,intercept,10,0,-119.7065
SP016,INT016,interview,10,SP107,TEL107,intercept,10,0,-79.60892
SP016,INT016,interview,10,SP108,TEL108,intercept,10,0,-52.84881
SP016,INT016,interview,10,SP111,TEL111,intercept,10,0,-77.77571
SP016,INT016,interview,10,SP112,TEL112,intercept,10,0,-93.14111
SP016,INT016,interview,10,SP113,TEL113,intercept,10,0,-135.7957
SP016,INT016,interview,10,SP114,TEL114,intercept,10,0,-87.34793
SP016,INT016,interview,10,SP115,TEL115,intercept,10,0,-82.21658
SP016,INT016,interview,10,SP118,TEL118,intercept,10,0,-124.7095
SP016,INT016,interview,10,SP120,TEL120,intercept,10,0,-136.079
SP016,INT016,interview,10,SP121,TEL121,intercept,10,0,-123.1071
SP017,INT017,interview,10,SP001,TEL001,intercept,10,0,-87.02467
SP017,INT017,interview,10,SP002,TEL002,intercept,10,0,-124.7837
SP017,INT017,interview,10,SP003,TEL003,intercept,10,0,-140.8316
SP017,INT017,interview,10,SP004,TEL004,intercept,10,0,-106.7476
SP017,INT017,interview,10,SP008,TEL008,intercept,10,0,-107.4048
SP017,INT017,interview,10,SP010,TEL010,intercept,10,0,-100.2011
SP017,INT017,interview,10,SP011,TEL011,intercept,10,0,-101.2032
SP017,INT017,interview,10,SP012,TEL012,intercept,10,0,-159.5172
SP017,INT017,interview,10,SP013,TEL013,intercept,10,0,-113.1972
SP017,INT017,interview,10,SP015,TEL015,intercept,10,0,-65.91624
SP017,INT017,interview,10,SP016,TEL016,intercept,10,0,-93.75898
SP017,INT017,interview,10,SP017,TEL017,intercept,10,1,-53.65174
SP017,INT017,interview,10,SP018,TEL018,intercept,10,0,-150.2571
SP017,INT017,interview,10,SP019,TEL019,intercept,10,0,-83.47274
SP017,INT017,interview,10,SP020,TEL020,intercept,10,0,-122.9464
SP017,INT017,interview,10,SP021,TEL021,intercept,10,0,-99.14935
SP017,INT017,interview,10,SP022,TEL022,intercept,10,0,-130.5093
SP017,INT017,interview,10,SP023,TEL023,intercept,10,0,-97.13356
SP017,INT017,interview,10,SP024,TEL024,intercept,10,0,-129.6351
SP017,INT017,interview,10,SP025,TEL025,intercept,10,0,-80.8657
SP017,INT017,interview,10,SP026,TEL026,intercept,10,0,-112.6748
SP017,INT017,interview,10,SP027,TEL027,intercept,10,0,-94.53441
SP017,INT017,interview,10,SP028,TEL028,intercept,10,0,-95.08366
SP017,INT017,interview,10,SP029,TEL029,intercept,10,0,-120.0652
SP017,INT017,interview,10,SP030,TEL030,intercept,10,0,-58.07266
SP017,INT017,interview,10,SP031,TEL031,intercept,10,0,-68.51379
SP017,INT017,interview,10,SP032,TEL032,intercept,10,0,-121.9264
SP017,INT017,interview,10,SP033,TEL033,intercept,10,0,-125.7207
SP017,INT017,interview,10,SP034,TEL034,intercept,10,0,-109.7018
SP017,INT017,interview,10,SP035,TEL035,intercept,10,0,-67.0814
SP017,INT017,interview,10,SP036,TEL036,intercept,10,0,-104.1034
SP017,INT017,interview,10,SP037,TEL037,intercept,10,0,-162.8304
SP017,INT017,interview,10,SP038,TEL038,intercept,10,0,-165.9932
SP017,INT017,interview,10,SP039,TEL039,intercept,10,0,-90.32998
SP017,INT017,interview,10,SP040,TEL040,intercept,10,0,-80.74768
SP017,INT017,interview,10,SP042,TEL042,intercept,10,0,-112.7754
SP017,INT017,interview,10,SP043,TEL043,intercept,10,0,-100.5733
SP017,INT017,interview,10,SP044,TEL044,intercept,10,0,-65.02923
SP017,INT017,interview,10,SP045,TEL045,intercept,10,0,-127.3975
SP017,INT017,interview,10,SP046,TEL046,intercept,10,0,-80.72215
SP017,INT017,interview,10,SP047,TEL047,intercept,10,0,-147.4385
SP017,INT017,interview,10,SP048,TEL048,intercept,10,0,-101.2187
SP017,INT017,interview,10,SP049,TEL049,intercept,10,0,-139.9284
SP017,INT017,interview,10,SP050,TEL050,intercept,10,0,-104.7226
SP017,INT017,interview,10,SP051,TEL051,intercept,10,0,-117.8171
SP017,INT017,interview,10,SP052,TEL052,intercept,10,0,-132.4781
SP017,INT017,interview,10,SP053,TEL053,intercept,10,0,-88.03281
SP017,INT017,interview,10,SP054,TEL054,intercept,10,0,-63.57648
SP017,INT017,interview,10,SP056,TEL056,intercept,10,0,-127.5835
SP017,INT017,interview,10,SP058,TEL058,intercept,10,0,-120.2257
SP017,INT017,interview,10,SP059,TEL059,intercept,10,0,-114.1802
SP017,INT017,interview,10,SP060,TEL060,intercept,10,0,-115.3979
SP017,INT017,interview,10,SP062,TEL062,intercept,10,0,-106.1152
SP017,INT017,interview,10,SP063,TEL063,intercept,10,0,-123.3332
SP017,INT017,interview,10,SP064,TEL064,intercept,10,0,-137.0979
SP017,INT017,interview,10,SP065,TEL065,intercept,10,0,-95.47214
SP017,INT017,interview,10,SP066,TEL066,intercept,10,0,-51.60183
SP017,INT017,interview,10,SP067,TEL067,intercept,10,0,-111.5284
SP017,INT017,interview,10,SP068,TEL068,intercept,10,0,-104.7529
SP017,INT017,interview,10,SP069,TEL069,intercept,10,0,-95.883
SP017,INT017,interview,10,SP071,TEL071,intercept,10,0,-110.2623
SP017,INT017,interview,10,SP072,TEL072,intercept,10,0,-104.6207
SP017,INT017,interview,10,SP073,TEL073,intercept,10,0,-121.8858
SP017,INT017,interview,10,SP074,TEL074,intercept,10,0,-99.02483
SP017,INT017,interview,10,SP075,TEL075,intercept,10,0,-168.9469
SP017,INT017,interview,10,SP076,TEL076,intercept,10,0,-125.626
SP017,INT017,interview,10,SP077,TEL077,intercept,10,0,-83.49274
SP017,INT017,interview,10,SP078,TEL078,intercept,10,0,-155.5165
SP017,INT017,interview,10,SP079,TEL079,intercept,10,0,-95.26534
SP017,INT017,interview,10,SP080,TEL080,intercept,10,0,-132.1195
SP017,INT017,interview,10,SP081,TEL081,intercept,10,0,-110.4999
SP017,INT017,interview,10,SP084,TEL084,intercept,10,0,-70.80574
SP017,INT017,interview,10,SP085,TEL085,intercept,10,0,-133.3892
SP017,INT017,interview,10,SP086,TEL086,intercept,10,0,-91.80907
SP017,INT017,interview,10,SP087,TEL087,intercept,10,0,-89.75159
SP017,INT017,interview,10,SP088,TEL088,intercept,10,0,-80.97475
SP017,INT017,interview,10,SP090,TEL090,intercept,10,0,-114.4409
SP017,INT017,interview,10,SP093,TEL093,intercept,10,0,-109.2703
SP017,INT017,interview,10,SP094,TEL094,intercept,10,0,-100.2357
SP017,INT017,interview,10,SP095,TEL095,intercept,10,0,-65.53542
SP017,INT017,interview,10,SP096,TEL096,intercept,10,0,-139.9918
SP017,INT017,interview,10,SP097,TEL097,intercept,10,0,-91.25216
SP017,INT017,interview,10,SP099,TEL099,intercept,10,0,-136.6203
SP017,INT017,interview,10,SP100,TEL100,intercept,10,0,-64.70151
SP017,INT017,interview,10,SP102,TEL102,intercept,10,0,-93.30713
SP017,INT017,interview,10,SP103,TEL103,intercept,10,0,-126.0973
SP017,INT017,interview,10,SP105,TEL105,intercept,10,0,-75.25652
SP017,INT017,interview,10,SP106,TEL106,intercept,10,0,-130.7734
SP017,INT017,interview,10,SP107,TEL107,intercept,10,0,-57.24773
SP017,INT017,interview,10,SP108,TEL108,intercept,10,0,-87.82903
SP017,INT017,interview,10,SP111,TEL111,intercept,10,0,-85.95772
SP017,INT017,interview,10,SP112,TEL112,intercept,10,0,-92.14615
SP017,INT017,interview,10,SP113,TEL113,intercept,10,0,-127.3903
SP017,INT017,interview,10,SP114,TEL114,intercept,10,0,-118.0559
SP017,INT017,interview,10,SP115,TEL115,intercept,10,0,-114.5497
SP017,INT017,interview,10,SP118,TEL118,intercept,10,0,-135.7969
SP017,INT017,interview,10,SP120,TEL120,intercept,10,0,-126.7601
SP017,INT017,interview,10,SP121,TEL121,intercept,10,0,-91.92957
SP018,INT018,interview,10,SP001,TEL001,intercept,10,0,-147.5364
SP018,INT018,interview,10,SP002,TEL002,intercept,10,0,-189.2462
SP018,INT018,interview,10,SP003,TEL003,intercept,10,0,-119.6496
SP018,INT018,interview,10,SP004,TEL004,intercept,10,0,-92.41195
SP018,INT018,interview,10,SP008,TEL008,intercept,10,0,-116.69
SP018,INT018,interview,10,SP010,TEL010,intercept,10,0,-84.29388
SP018,INT018,interview,10,SP011,TEL011,intercept,10,0,-112.2269
SP018,INT018,interview,10,SP012,TEL012,intercept,10,0,-115.3385
SP018,INT018,interview,10,SP013,TEL013,intercept,10,0,-112.9497
SP018,INT018,interview,10,SP015,TEL015,intercept,10,0,-106.9663
SP018,INT018,interview,10,SP016,TEL016,intercept,10,0,-147.0952
SP018,INT018,interview,10,SP017,TEL017,intercept,10,0,-141.8964
SP018,INT018,interview,10,SP018,TEL018,intercept,10,1,-23.7561
SP018,INT018,interview,10,SP019,TEL019,intercept,10,0,-136.7319
SP018,INT018,interview,10,SP020,TEL020,intercept,10,0,-138.8696
SP018,INT018,interview,10,SP021,TEL021,intercept,10,0,-120.0407
SP018,INT018,interview,10,SP022,TEL022,intercept,10,0,-145.2186
SP018,INT018,interview,10,SP023,TEL023,intercept,10,0,-139.0434
SP018,INT018,interview,10,SP024,TEL024,intercept,10,0,-108.2309
SP018,INT018,interview,10,SP025,TEL025,intercept,10,0,-120.7999
SP018,INT018,interview,10,SP026,TEL026,intercept,10,0,-134.9986
SP018,INT018,interview,10,SP027,TEL027,intercept,10,0,-130.4332
SP018,INT018,interview,10,SP028,TEL028,intercept,10,0,-151.6934
SP018,INT018,interview,10,SP029,TEL029,intercept,10,0,-116.266
SP018,INT018,interview,10,SP030,TEL030,intercept,10,0,-152.7793
SP018,INT018,interview,10,SP031,TEL031,intercept,10,0,-186.2297
SP018,INT018,interview,10,SP032,TEL032,intercept,10,0,-86.64839
SP018,INT018,interview,10,SP033,TEL033,intercept,10,0,-119.9393
SP018,INT018,interview,10,SP034,TEL034,intercept,10,0,-129.0693
SP018,INT018,interview,10,SP035,TEL035,intercept,10,0,-147.3226
SP018,INT018,interview,10,SP036,TEL036,intercept,10,0,-105.5244
SP018,INT018,interview,10,SP037,TEL037,intercept,10,0,-166.8277
SP018,INT018,interview,10,SP038,TEL038,intercept,10,0,-134.9948
SP018,INT018,interview,10,SP039,TEL039,intercept,10,0,-117.3377
SP018,INT018,interview,10,SP040,TEL040,intercept,10,0,-135.6568
SP018,INT018,interview,10,SP042,TEL042,intercept,10,0,-108.646
SP018,INT018,interview,10,SP043,TEL043,intercept,10,0,-89.60487
SP018,INT018,interview,10,SP044,TEL044,intercept,10,0,-108.5528
SP018,INT018,interview,10,SP045,TEL045,intercept,10,0,-136.3942
SP018,INT018,interview,10,SP046,TEL046,intercept,10,0,-141.0863
SP018,INT018,interview,10,SP047,TEL047,intercept,10,0,-122.7721
SP018,INT018,interview,10,SP048,TEL048,intercept,10,0,-135.3114
SP018,INT018,interview,10,SP049,TEL049,intercept,10,0,-178.8703
SP018,INT018,interview,10,SP050,TEL050,intercept,10,0,-122.2894
SP018,INT018,interview,10,SP051,TEL051,intercept,10,0,-185.7306
SP018,INT018,interview,10,SP052,TEL052,intercept,10,0,-138.3845
SP018,INT018,interview,10,SP053,TEL053,intercept,10,0,-64.39069
SP018,INT018,interview,10,SP054,TEL054,intercept,10,0,-92.57213
SP018,INT018,interview,10,SP056,TEL056,intercept,10,0,-163.3252
SP018,INT018,interview,10,SP058,TEL058,intercept,10,0,-82.45197
SP018,INT018,interview,10,SP059,TEL059,intercept,10,0,-112.0219
SP018,INT018,interview,10,SP060,TEL060,intercept,10,0,-134.8895
SP018,INT018,interview,10,SP062,TEL062,intercept,10,0,-100.7341
SP018,INT018,interview,10,SP063,TEL063,intercept,10,0,-110.8213
SP018,INT018,interview,10,SP064,TEL064,intercept,10,0,-100.0324
SP018,INT018,interview,10,SP065,TEL065,intercept,10,0,-101.5174
SP018,INT018,interview,10,SP066,TEL066,intercept,10,0,-180.9757
SP018,INT018,interview,10,SP067,TEL067,intercept,10,0,-144.663
SP018,INT018,interview,10,SP068,TEL068,intercept,10,0,-152.8253
SP018,INT018,interview,10,SP069,TEL069,intercept,10,0,-148.4706
SP018,INT018,interview,10,SP071,TEL071,intercept,10,0,-125.8746
SP018,INT018,interview,10,SP072,TEL072,intercept,10,0,-117.5404
SP018,INT018,interview,10,SP073,TEL073,intercept,10,0,-78.85428
SP018,INT018,interview,10,SP074,TEL074,intercept,10,0,-97.48447
SP018,INT018,interview,10,SP075,TEL075,intercept,10,0,-95.69469
SP018,INT018,interview,10,SP076,TEL076,intercept,10,0,-117.2396
SP018,INT018,interview,10,SP077,TEL077,intercept,10,0,-72.53938
SP018,INT018,interview,10,SP078,TEL078,intercept,10,0,-128.4755
SP018,INT018,interview,10,SP079,TEL079,intercept,10,0,-187.7302
SP018,INT018,interview,10,SP080,TEL080,intercept,10,0,-120.9102
SP018,INT018,interview,10,SP081,TEL081,intercept,10,0,-146.2478
SP018,INT018,interview,10,SP084,TEL084,intercept,10,0,-91.82476
SP018,INT018,interview,10,SP085,TEL085,intercept,10,0,-148.4029
SP018,INT018,interview,10,SP086,TEL086,intercept,10,0,-141.203
SP018,INT018,interview,10,SP087,TEL087,intercept,10,0,-131.0175
SP018,INT018,interview,10,SP088,TEL088,intercept,10,0,-71.61055
SP018,INT018,interview,10,SP090,TEL090,intercept,10,0,-123.8572
SP018,INT018,interview,10,SP093,TEL093,intercept,10,0,-99.7368
SP018,INT018,interview,10,SP094,TEL094,intercept,10,0,-120.8511
SP018,INT018,interview,10,SP095,TEL095,intercept,10,0,-125.3824
SP018,INT018,interview,10,SP096,TEL096,intercept,10,0,-106.7349
SP018,INT018,interview,10,SP097,TEL097,intercept,10,0,-159.2551
SP018,INT018,interview,10,SP099,TEL099,intercept,10,0,-145.5063
SP018,INT018,interview,10,SP100,TEL100,intercept,10,0,-100.5626
SP018,INT018,interview,10,SP102,TEL102,intercept,10,0,-136.9014
SP018,INT018,interview,10,SP103,TEL103,intercept,10,0,-118.4277
SP018,INT018,interview,10,SP105,TEL105,intercept,10,0,-124.8585
SP018,INT018,interview,10,SP106,TEL106,intercept,10,0,-130.9473
SP018,INT018,interview,10,SP107,TEL107,intercept,10,0,-129.4659
SP018,INT018,interview,10,SP108,TEL108,intercept,10,0,-116.054
SP018,INT018,interview,10,SP111,TEL111,intercept,10,0,-135.6909
SP018,INT018,interview,10,SP112,TEL112,intercept,10,0,-111.3787
SP018,INT018,interview,10,SP113,TEL113,intercept,10,0,-102.6441
SP018,INT018,interview,10,SP114,TEL114,intercept,10,0,-107.7749
SP018,INT018,interview,10,SP115,TEL115,intercept,10,0,-129.3203
SP018,INT018,interview,10,SP118,TEL118,intercept,10,0,-148.8105
SP018,INT018,interview,10,SP120,TEL120,intercept,10,0,-151.1397
SP018,INT018,interview,10,SP121,TEL121,intercept,10,0,-135.3753
SP019,INT019,interview,10,SP001,TEL001,intercept,10,0,-91.1961
SP019,INT019,interview,10,SP002,TEL002,intercept,10,0,-123.6345
SP019,INT019,interview,10,SP003,TEL003,intercept,10,0,-145.9149
SP019,INT019,interview,10,SP004,TEL004,intercept,10,0,-94.35535
SP019,INT019,interview,10,SP008,TEL008,intercept,10,0,-90.57253
SP019,INT019,interview,10,SP010,TEL010,intercept,10,0,-94.37328
SP019,INT019,interview,10,SP011,TEL011,intercept,10,0,-104.821
SP019,INT019,interview,10,SP012,TEL012,intercept,10,0,-114.6994
SP019,INT019,interview,10,SP013,TEL013,intercept,10,0,-111.4774
SP019,INT019,interview,10,SP015,TEL015,intercept,10,0,-81.38702
SP019,INT019,interview,10,SP016,TEL016,intercept,10,0,-104.571
SP019,INT019,interview,10,SP017,TEL017,intercept,10,0,-98.4682
SP019,INT019,interview,10,SP018,TEL018,intercept,10,0,-107.2179
SP019,INT019,interview,10,SP019,TEL019,intercept,10,1,2.991508
SP019,INT019,interview,10,SP020,TEL020,intercept,10,0,-103.7464
SP019,INT019,interview,10,SP021,TEL021,intercept,10,0,-44.96449
SP019,INT019,interview,10,SP022,TEL022,intercept,10,0,-135.5454
SP019,INT019,interview,10,SP023,TEL023,intercept,10,0,-84.39223
SP019,INT019,interview,10,SP024,TEL024,intercept,10,0,-119.8616
SP019,INT019,interview,10,SP025,TEL025,intercept,10,0,-81.45786
SP019,INT019,interview,10,SP026,TEL026,intercept,10,0,-143.4579
SP019,INT019,interview,10,SP027,TEL027,intercept,10,0,-118.7284
SP019,INT019,interview,10,SP028,TEL028,intercept,10,0,-43.71998
SP019,INT019,interview,10,SP029,TEL029,intercept,10,0,-102.4668
SP019,INT019,interview,10,SP030,TEL030,intercept,10,0,-59.89836
SP019,INT019,interview,10,SP031,TEL031,intercept,10,0,-105.9729
SP019,INT019,interview,10,SP032,TEL032,intercept,10,0,-90.5299
SP019,INT019,interview,10,SP033,TEL033,intercept,10,0,-76.03186
SP019,INT019,interview,10,SP034,TEL034,intercept,10,0,-109.022
SP019,INT019,interview,10,SP035,TEL035,intercept,10,0,-64.47437
SP019,INT019,interview,10,SP036,TEL036,intercept,10,0,-72.3528
SP019,INT019,interview,10,SP037,TEL037,intercept,10,0,-147.2767
SP019,INT019,interview,10,SP038,TEL038,intercept,10,0,-153.9898
SP019,INT019,interview,10,SP039,TEL039,intercept,10,0,-78.92619
SP019,INT019,interview,10,SP040,TEL040,intercept,10,0,-95.89716
SP019,INT019,interview,10,SP042,TEL042,intercept,10,0,-45.92891
SP019,INT019,interview,10,SP043,TEL043,intercept,10,0,-100.2791
SP019,INT019,interview,10,SP044,TEL044,intercept,10,0,-30.29274
SP019,INT019,interview,10,SP045,TEL045,intercept,10,0,-119.5516
SP019,INT019,interview,10,SP046,TEL046,intercept,10,0,-111.9913
SP019,INT019,interview,10,SP047,TEL047,intercept,10,0,-112.9426
SP019,INT019,interview,10,SP048,TEL048,intercept,10,0,-45.05816
SP019,INT019,interview,10,SP049,TEL049,intercept,10,0,-134.4719
SP019,INT019,interview,10,SP050,TEL050,intercept,10,0,-88.79646
SP019,INT019,interview,10,SP051,TEL051,intercept,10,0,-122.2203
SP019,INT019,interview,10,SP052,TEL052,intercept,10,0,-90.98389
SP019,INT019,interview,10,SP053,TEL053,intercept,10,0,-62.78257
SP019,INT019,interview,10,SP054,TEL054,intercept,10,0,-73.0576
SP019,INT019,interview,10,SP056,TEL056,intercept,10,0,-144.5854
SP019,INT019,interview,10,SP058,TEL058,intercept,10,0,-99.45633
SP019,INT019,interview,10,SP059,TEL059,intercept,10,0,-78.37101
SP019,INT019,interview,10,SP060,TEL060,intercept,10,0,-61.75378
SP019,INT019,interview,10,SP062,TEL062,intercept,10,0,-62.05103
SP019,INT019,interview,10,SP063,TEL063,intercept,10,0,-86.93877
SP019,INT019,interview,10,SP064,TEL064,intercept,10,0,-92.27845
SP019,INT019,interview,10,SP065,TEL065,intercept,10,0,-36.79783
SP019,INT019,interview,10,SP066,TEL066,intercept,10,0,-94.56412
SP019,INT019,interview,10,SP067,TEL067,intercept,10,0,-69.27764
SP019,INT019,interview,10,SP068,TEL068,intercept,10,0,-93.95338
SP019,INT019,interview,10,SP069,TEL069,intercept,10,0,-94.26449
SP019,INT019,interview,10,SP071,TEL071,intercept,10,0,-85.01757
SP019,INT019,interview,10,SP072,TEL072,intercept,10,0,-83.96507
SP019,INT019,interview,10,SP073,TEL073,intercept,10,0,-92.92335
SP019,INT019,interview,10,SP074,TEL074,intercept,10,0,-94.92349
SP019,INT019,interview,10,SP075,TEL075,intercept,10,0,-121.1855
SP019,INT019,interview,10,SP076,TEL076,intercept,10,0,-116.9424
SP019,INT019,interview,10,SP077,TEL077,intercept,10,0,-84.62375
SP019,INT019,interview,10,SP078,TEL078,intercept,10,0,-72.77603
SP019,INT019,interview,10,SP079,TEL079,intercept,10,0,-97.73113
SP019,INT019,interview,10,SP080,TEL080,intercept,10,0,-87.71341
SP019,INT019,interview,10,SP081,TEL081,intercept,10,0,-74.25646
SP019,INT019,interview,10,SP084,TEL084,intercept,10,0,-40.99183
SP019,INT019,interview,10,SP085,TEL085,intercept,10,0,-99.4651
SP019,INT019,interview,10,SP086,TEL086,intercept,10,0,-112.9331
SP019,INT019,interview,10,SP087,TEL087,intercept,10,0,-88.16702
SP019,INT019,interview,10,SP088,TEL088,intercept,10,0,-80.25394
SP019,INT019,interview,10,SP090,TEL090,intercept,10,0,-102.3562
SP019,INT019,interview,10,SP093,TEL093,intercept,10,0,-123.1041
SP019,INT019,interview,10,SP094,TEL094,intercept,10,0,-92.20218
SP019,INT019,interview,10,SP095,TEL095,intercept,10,0,-80.98363
SP019,INT019,interview,10,SP096,TEL096,intercept,10,0,-117.1199
SP019,INT019,interview,10,SP097,TEL097,intercept,10,0,-83.24434
SP019,INT019,interview,10,SP099,TEL099,intercept,10,0,-86.5784
SP019,INT019,interview,10,SP100,TEL100,intercept,10,0,-103.8366
SP019,INT019,interview,10,SP102,TEL102,intercept,10,0,-85.70752
SP019,INT019,interview,10,SP103,TEL103,intercept,10,0,-126.1167
SP019,INT019,interview,10,SP105,TEL105,intercept,10,0,-65.51926
SP019,INT019,interview,10,SP106,TEL106,intercept,10,0,-73.92168
SP019,INT019,interview,10,SP107,TEL107,intercept,10,0,-71.85951
SP019,INT019,interview,10,SP108,TEL108,intercept,10,0,-44.79932
SP019,INT019,interview,10,SP111,TEL111,intercept,10,0,-69.66044
SP019,INT019,interview,10,SP112,TEL112,intercept,10,0,-91.27506
SP019,INT019,interview,10,SP113,TEL113,intercept,10,0,-105.1743
SP019,INT019,interview,10,SP114,TEL114,intercept,10,0,-87.72636
SP019,INT019,interview,10,SP115,TEL115,intercept,10,0,-94.22984
SP019,INT019,interview,10,SP118,TEL118,intercept,10,0,-102.5208
SP019,INT019,interview,10,SP120,TEL120,intercept,10,0,-115.5472
SP019,INT019,interview,10,SP121,TEL121,intercept,10,0,-81.79662
SP020,INT020,interview,10,SP001,TEL001,intercept,10,0,-81.02611
SP020,INT020,interview,10,SP002,TEL002,intercept,10,0,-158.9669
SP020,INT020,interview,10,SP003,TEL003,intercept,10,0,-107.6876
SP020,INT020,interview,10,SP004,TEL004,intercept,10,0,-65.42174
SP020,INT020,interview,10,SP008,TEL008,intercept,10,0,-133.1457
SP020,INT020,interview,10,SP010,TEL010,intercept,10,0,-112.1868
SP020,INT020,interview,10,SP011,TEL011,intercept,10,0,-152.474
SP020,INT020,interview,10,SP012,TEL012,intercept,10,0,-95.28423
SP020,INT020,interview,10,SP013,TEL013,intercept,10,0,-95.89433
SP020,INT020,interview,10,SP015,TEL015,intercept,10,0,-107.5363
SP020,INT020,interview,10,SP016,TEL016,intercept,10,0,-128.6744
SP020,INT020,interview,10,SP017,TEL017,intercept,10,0,-75.28764
SP020,INT020,interview,10,SP018,TEL018,intercept,10,0,-100.5914
SP020,INT020,interview,10,SP019,TEL019,intercept,10,0,-129.9394
SP020,INT020,interview,10,SP020,TEL020,intercept,10,1,-19.31641
SP020,INT020,interview,10,SP021,TEL021,intercept,10,0,-103.3164
SP020,INT020,interview,10,SP022,TEL022,intercept,10,0,-124.2859
SP020,INT020,interview,10,SP023,TEL023,intercept,10,0,-111.3295
SP020,INT020,interview,10,SP024,TEL024,intercept,10,0,-152.0474
SP020,INT020,interview,10,SP025,TEL025,intercept,10,0,-68.46893
SP020,INT020,interview,10,SP026,TEL026,intercept,10,0,-119.7852
SP020,INT020,interview,10,SP027,TEL027,intercept,10,0,-122.6432
SP020,INT020,interview,10,SP028,TEL028,intercept,10,0,-76.43907
SP020,INT020,interview,10,SP029,TEL029,intercept,10,0,-82.75845
SP020,INT020,interview,10,SP030,TEL030,intercept,10,0,-62.38309
SP020,INT020,interview,10,SP031,TEL031,intercept,10,0,-106.2296
SP020,INT020,interview,10,SP032,TEL032,intercept,10,0,-93.15267
SP020,INT020,interview,10,SP033,TEL033,intercept,10,0,-114.5301
SP020,INT020,interview,10,SP034,TEL034,intercept,10,0,-109.0721
SP020,INT020,interview,10,SP035,TEL035,intercept,10,0,-103.5955
SP020,INT020,interview,10,SP036,TEL036,intercept,10,0,-83.18862
SP020,INT020,interview,10,SP037,TEL037,intercept,10,0,-139.0758
SP020,INT020,interview,10,SP038,TEL038,intercept,10,0,-153.7084
SP020,INT020,interview,10,SP039,TEL039,intercept,10,0,-102.2867
SP020,INT020,interview,10,SP040,TEL040,intercept,10,0,-80.83076
SP020,INT020,interview,10,SP042,TEL042,intercept,10,0,-107.5734
SP020,INT020,interview,10,SP043,TEL043,intercept,10,0,-63.70112
SP020,INT020,interview,10,SP044,TEL044,intercept,10,0,-67.64292
SP020,INT020,interview,10,SP045,TEL045,intercept,10,0,-144.0413
SP020,INT020,interview,10,SP046,TEL046,intercept,10,0,-85.11044
SP020,INT020,interview,10,SP047,TEL047,intercept,10,0,-119.2692
SP020,INT020,interview,10,SP048,TEL048,intercept,10,0,-112.9426
SP020,INT020,interview,10,SP049,TEL049,intercept,10,0,-179.2203
SP020,INT020,interview,10,SP050,TEL050,intercept,10,0,-43.1604
SP020,INT020,interview,10,SP051,TEL051,intercept,10,0,-98.63583
SP020,INT020,interview,10,SP052,TEL052,intercept,10,0,-123.7173
SP020,INT020,interview,10,SP053,TEL053,intercept,10,0,-94.60973
SP020,INT020,interview,10,SP054,TEL054,intercept,10,0,-98.85739
SP020,INT020,interview,10,SP056,TEL056,intercept,10,0,-112.2628
SP020,INT020,interview,10,SP058,TEL058,intercept,10,0,-88.31173
SP020,INT020,interview,10,SP059,TEL059,intercept,10,0,-118.354
SP020,INT020,interview,10,SP060,TEL060,intercept,10,0,-112.312
SP020,INT020,interview,10,SP062,TEL062,intercept,10,0,-56.53171
SP020,INT020,interview,10,SP063,TEL063,intercept,10,0,-98.11163
SP020,INT020,interview,10,SP064,TEL064,intercept,10,0,-108.266
SP020,INT020,interview,10,SP065,TEL065,intercept,10,0,-115.2545
SP020,INT020,interview,10,SP066,TEL066,intercept,10,0,-116.5704
SP020,INT020,interview,10,SP067,TEL067,intercept,10,0,-162.1706
SP020,INT020,interview,10,SP068,TEL068,intercept,10,0,-111.6976
SP020,INT020,interview,10,SP069,TEL069,intercept,10,0,-111.9116
SP020,INT020,interview,10,SP071,TEL071,intercept,10,0,-84.13643
SP020,INT020,interview,10,SP072,TEL072,intercept,10,0,-66.70266
SP020,INT020,interview,10,SP073,TEL073,intercept,10,0,-79.70273
SP020,INT020,interview,10,SP074,TEL074,intercept,10,0,-76.82428
SP020,INT020,interview,10,SP075,TEL075,intercept,10,0,-143.8879
SP020,INT020,interview,10,SP076,TEL076,intercept,10,0,-89.63692
SP020,INT020,interview,10,SP077,TEL077,intercept,10,0,-120.0758
SP020,INT020,interview,10,SP078,TEL078,intercept,10,0,-89.4336
SP020,INT020,interview,10,SP079,TEL079,intercept,10,0,-125.8584
SP020,INT020,interview,10,SP080,TEL080,intercept,10,0,-103.6766
SP020,INT020,interview,10,SP081,TEL081,intercept,10,0,-160.4981
SP020,INT020,interview,10,SP084,TEL084,intercept,10,0,-95.92193
SP020,INT020,interview,10,SP085,TEL085,intercept,10,0,-105.4601
SP020,INT020,interview,10,SP086,TEL086,intercept,10,0,-146.754
SP020,INT020,interview,10,SP087,TEL087,intercept,10,0,-74.78941
SP020,INT020,interview,10,SP088,TEL088,intercept,10,0,-60.57981
SP020,INT020,interview,10,SP090,TEL090,intercept,10,0,-68.30015
SP020,INT020,interview,10,SP093,TEL093,intercept,10,0,-76.54808
SP020,INT020,interview,10,SP094,TEL094,intercept,10,0,-98.07497
SP020,INT020,interview,10,SP095,TEL095,intercept,10,0,-87.56505
SP020,INT020,interview,10,SP096,TEL096,intercept,10,0,-102.8844
SP020,INT020,interview,10,SP097,TEL097,intercept,10,0,-154.6391
SP020,INT020,interview,10,SP099,TEL099,intercept,10,0,-109.3114
SP020,INT020,interview,10,SP100,TEL100,intercept,10,0,-86.81291
SP020,INT020,interview,10,SP102,TEL102,intercept,10,0,-55.50945
SP020,INT020,interview,10,SP103,TEL103,intercept,10,0,-79.65128
SP020,INT020,interview,10,SP105,TEL105,intercept,10,0,-104.0883
SP020,INT020,interview,10,SP106,TEL106,intercept,10,0,-118.1446
SP020,INT020,interview,10,SP107,TEL107,intercept,10,0,-96.53568
SP020,INT020,interview,10,SP108,TEL108,intercept,10,0,-144.8031
SP020,INT020,interview,10,SP111,TEL111,intercept,10,0,-128.2899
SP020,INT020,interview,10,SP112,TEL112,intercept,10,0,-115.8975
SP020,INT020,interview,10,SP113,TEL113,intercept,10,0,-121.5137
SP020,INT020,interview,10,SP114,TEL114,intercept,10,0,-109.4983
SP020,INT020,interview,10,SP115,TEL115,intercept,10,0,-99.08965
SP020,INT020,interview,10,SP118,TEL118,intercept,10,0,-142.7068
SP020,INT020,interview,10,SP120,TEL120,intercept,10,0,-103.976
SP020,INT020,interview,10,SP121,TEL121,intercept,10,0,-50.63019
SP021,INT021,interview,10,SP001,TEL001,intercept,10,0,-92.81591
SP021,INT021,interview,10,SP002,TEL002,intercept,10,0,-158.2462
SP021,INT021,interview,10,SP003,TEL003,intercept,10,0,-96.0887
SP021,INT021,interview,10,SP004,TEL004,intercept,10,0,-35.56732
SP021,INT021,interview,10,SP008,TEL008,intercept,10,0,-93.00694
SP021,INT021,interview,10,SP010,TEL010,intercept,10,0,-92.27884
SP021,INT021,interview,10,SP011,TEL011,intercept,10,0,-110.165
SP021,INT021,interview,10,SP012,TEL012,intercept,10,0,-119.2942
SP021,INT021,interview,10,SP013,TEL013,intercept,10,0,-118.8652
SP021,INT021,interview,10,SP015,TEL015,intercept,10,0,-65.0239
SP021,INT021,interview,10,SP016,TEL016,intercept,10,0,-103.023
SP021,INT021,interview,10,SP017,TEL017,intercept,10,0,-112.867
SP021,INT021,interview,10,SP018,TEL018,intercept,10,0,-71.03162
SP021,INT021,interview,10,SP019,TEL019,intercept,10,0,-133.5116
SP021,INT021,interview,10,SP020,TEL020,intercept,10,0,-147.7443
SP021,INT021,interview,10,SP021,TEL021,intercept,10,1,-65.95335
SP021,INT021,interview,10,SP022,TEL022,intercept,10,0,-111.0892
SP021,INT021,interview,10,SP023,TEL023,intercept,10,0,-97.45722
SP021,INT021,interview,10,SP024,TEL024,intercept,10,0,-158.8897
SP021,INT021,interview,10,SP025,TEL025,intercept,10,0,-94.63242
SP021,INT021,interview,10,SP026,TEL026,intercept,10,0,-104.9439
SP021,INT021,interview,10,SP027,TEL027,intercept,10,0,-88.83492
SP021,INT021,interview,10,SP028,TEL028,intercept,10,0,-139.8272
SP021,INT021,interview,10,SP029,TEL029,intercept,10,0,-90.27153
SP021,INT021,interview,10,SP030,TEL030,intercept,10,0,-127.0715
SP021,INT021,interview,10,SP031,TEL031,intercept,10,0,-119.0018
SP021,INT021,interview,10,SP032,TEL032,intercept,10,0,-65.64583
SP021,INT021,interview,10,SP033,TEL033,intercept,10,0,-102.0193
SP021,INT021,interview,10,SP034,TEL034,intercept,10,0,-93.93409
SP021,INT021,interview,10,SP035,TEL035,intercept,10,0,-95.37646
SP021,INT021,interview,10,SP036,TEL036,intercept,10,0,-95.28238
SP021,INT021,interview,10,SP037,TEL037,intercept,10,0,-121.2593
SP021,INT021,interview,10,SP038,TEL038,intercept,10,0,-122.415
SP021,INT021,interview,10,SP039,TEL039,intercept,10,0,-114.01
SP021,INT021,interview,10,SP040,TEL040,intercept,10,0,-101.8836
SP021,INT021,interview,10,SP042,TEL042,intercept,10,0,-84.07879
SP021,INT021,interview,10,SP043,TEL043,intercept,10,0,-82.60872
SP021,INT021,interview,10,SP044,TEL044,intercept,10,0,-87.8986
SP021,INT021,interview,10,SP045,TEL045,intercept,10,0,-137.5706
SP021,INT021,interview,10,SP046,TEL046,intercept,10,0,-146.452
SP021,INT021,interview,10,SP047,TEL047,intercept,10,0,-141.7931
SP021,INT021,interview,10,SP048,TEL048,intercept,10,0,-118.5617
SP021,INT021,interview,10,SP049,TEL049,intercept,10,0,-157.0916
SP021,INT021,interview,10,SP050,TEL050,intercept,10,0,-84.53472
SP021,INT021,interview,10,SP051,TEL051,intercept,10,0,-145.2181
SP021,INT021,interview,10,SP052,TEL052,intercept,10,0,-154.2729
SP021,INT021,interview,10,SP053,TEL053,intercept,10,0,-91.0125
SP021,INT021,interview,10,SP054,TEL054,intercept,10,0,-102.9199
SP021,INT021,interview,10,SP056,TEL056,intercept,10,0,-105.0861
SP021,INT021,interview,10,SP058,TEL058,intercept,10,0,-107.6999
SP021,INT021,interview,10,SP059,TEL059,intercept,10,0,-119.7306
SP021,INT021,interview,10,SP060,TEL060,intercept,10,0,-100.072
SP021,INT021,interview,10,SP062,TEL062,intercept,10,0,-69.82741
SP021,INT021,interview,10,SP063,TEL063,intercept,10,0,-113.2221
SP021,INT021,interview,10,SP064,TEL064,intercept,10,0,-98.69788
SP021,INT021,interview,10,SP065,TEL065,intercept,10,0,-128.1017
SP021,INT021,interview,10,SP066,TEL066,intercept,10,0,-123.3912
SP021,INT021,interview,10,SP067,TEL067,intercept,10,0,-146.7145
SP021,INT021,interview,10,SP068,TEL068,intercept,10,0,-130.1302
SP021,INT021,interview,10,SP069,TEL069,intercept,10,0,-123.8465
SP021,INT021,interview,10,SP071,TEL071,intercept,10,0,-140.4173
SP021,INT021,interview,10,SP072,TEL072,intercept,10,0,-129.5514
SP021,INT021,interview,10,SP073,TEL073,intercept,10,0,-43.61129
SP021,INT021,interview,10,SP074,TEL074,intercept,10,0,-91.41932
SP021,INT021,interview,10,SP075,TEL075,intercept,10,0,-165.653
SP021,INT021,interview,10,SP076,TEL076,intercept,10,0,-113.3403
SP021,INT021,interview,10,SP077,TEL077,intercept,10,0,-93.87693
SP021,INT021,interview,10,SP078,TEL078,intercept,10,0,-86.58621
SP021,INT021,interview,10,SP079,TEL079,intercept,10,0,-115.6092
SP021,INT021,interview,10,SP080,TEL080,intercept,10,0,-101.9319
SP021,INT021,interview,10,SP081,TEL081,intercept,10,0,-107.7829
SP021,INT021,interview,10,SP084,TEL084,intercept,10,0,-73.04123
SP021,INT021,interview,10,SP085,TEL085,intercept,10,0,-138.6451
SP021,INT021,interview,10,SP086,TEL086,intercept,10,0,-75.97523
SP021,INT021,interview,10,SP087,TEL087,intercept,10,0,-85.87063
SP021,INT021,interview,10,SP088,TEL088,intercept,10,0,-68.6683
SP021,INT021,interview,10,SP090,TEL090,intercept,10,0,-100.3578
SP021,INT021,interview,10,SP093,TEL093,intercept,10,0,-105.916
SP021,INT021,interview,10,SP094,TEL094,intercept,10,0,-83.55784
SP021,INT021,interview,10,SP095,TEL095,intercept,10,0,-66.22018
SP021,INT021,interview,10,SP096,TEL096,intercept,10,0,-144.1859
SP021,INT021,interview,10,SP097,TEL097,intercept,10,0,-110.6451
SP021,INT021,interview,10,SP099,TEL099,intercept,10,0,-139.9361
SP021,INT021,interview,10,SP100,TEL100,intercept,10,0,-78.96664
SP021,INT021,interview,10,SP102,TEL102,intercept,10,0,-107.6349
SP021,INT021,interview,10,SP103,TEL103,intercept,10,0,-116.2258
SP021,INT021,interview,10,SP105,TEL105,intercept,10,0,-80.88789
SP021,INT021,interview,10,SP106,TEL106,intercept,10,0,-122.9222
SP021,INT021,interview,10,SP107,TEL107,intercept,10,0,-122.7375
SP021,INT021,interview,10,SP108,TEL108,intercept,10,0,-127.3876
SP021,INT021,interview,10,SP111,TEL111,intercept,10,0,-98.4959
SP021,INT021,interview,10,SP112,TEL112,intercept,10,0,-102.4752
SP021,INT021,interview,10,SP113,TEL113,intercept,10,0,-116.5724
SP021,INT021,interview,10,SP114,TEL114,intercept,10,0,-70.91857
SP021,INT021,interview,10,SP115,TEL115,intercept,10,0,-78.86838
SP021,INT021,interview,10,SP118,TEL118,intercept,10,0,-129.5246
SP021,INT021,interview,10,SP120,TEL120,intercept,10,0,-126.6593
SP021,INT021,interview,10,SP121,TEL121,intercept,10,0,-63.76577
SP022,INT022,interview,10,SP001,TEL001,intercept,10,0,-119.6679
SP022,INT022,interview,10,SP002,TEL002,intercept,10,0,-117.489
SP022,INT022,interview,10,SP003,TEL003,intercept,10,0,-88.67631
SP022,INT022,interview,10,SP004,TEL004,intercept,10,0,-130.409
SP022,INT022,interview,10,SP008,TEL008,intercept,10,0,-127.9875
SP022,INT022,interview,10,SP010,TEL010,intercept,10,0,-99.16216
SP022,INT022,interview,10,SP011,TEL011,intercept,10,0,-113.0713
SP022,INT022,interview,10,SP012,TEL012,intercept,10,0,-124.3165
SP022,INT022,interview,10,SP013,TEL013,intercept,10,0,-132.8242
SP022,INT022,interview,10,SP015,TEL015,intercept,10,0,-116.8275
SP022,INT022,interview,10,SP016,TEL016,intercept,10,0,-99.72094
SP022,INT022,interview,10,SP017,TEL017,intercept,10,0,-120.6051
SP022,INT022,interview,10,SP018,TEL018,intercept,10,0,-128.6681
SP022,INT022,interview,10,SP019,TEL019,intercept,10,0,-139.8739
SP022,INT022,interview,10,SP020,TEL020,intercept,10,0,-145.9523
SP022,INT022,interview,10,SP021,TEL021,intercept,10,0,-114.3735
SP022,INT022,interview,10,SP022,TEL022,intercept,10,1,-23.22801
SP022,INT022,interview,10,SP023,TEL023,intercept,10,0,-88.6066
SP022,INT022,interview,10,SP024,TEL024,intercept,10,0,-115.0624
SP022,INT022,interview,10,SP025,TEL025,intercept,10,0,-123.5374
SP022,INT022,interview,10,SP026,TEL026,intercept,10,0,-134.1347
SP022,INT022,interview,10,SP027,TEL027,intercept,10,0,-157.7117
SP022,INT022,interview,10,SP028,TEL028,intercept,10,0,-146.2961
SP022,INT022,interview,10,SP029,TEL029,intercept,10,0,-133.8672
SP022,INT022,interview,10,SP030,TEL030,intercept,10,0,-112.6618
SP022,INT022,interview,10,SP031,TEL031,intercept,10,0,-134.3501
SP022,INT022,interview,10,SP032,TEL032,intercept,10,0,-124.464
SP022,INT022,interview,10,SP033,TEL033,intercept,10,0,-77.7861
SP022,INT022,interview,10,SP034,TEL034,intercept,10,0,-92.10512
SP022,INT022,interview,10,SP035,TEL035,intercept,10,0,-104.0927
SP022,INT022,interview,10,SP036,TEL036,intercept,10,0,-98.8634
SP022,INT022,interview,10,SP037,TEL037,intercept,10,0,-82.66109
SP022,INT022,interview,10,SP038,TEL038,intercept,10,0,-147.5032
SP022,INT022,interview,10,SP039,TEL039,intercept,10,0,-135.1949
SP022,INT022,interview,10,SP040,TEL040,intercept,10,0,-126.0443
SP022,INT022,interview,10,SP042,TEL042,intercept,10,0,-101.222
SP022,INT022,interview,10,SP043,TEL043,intercept,10,0,-159.9378
SP022,INT022,interview,10,SP044,TEL044,intercept,10,0,-108.4156
SP022,INT022,interview,10,SP045,TEL045,intercept,10,0,-108.3204
SP022,INT022,interview,10,SP046,TEL046,intercept,10,0,-100.213
SP022,INT022,interview,10,SP047,TEL047,intercept,10,0,-128.4656
SP022,INT022,interview,10,SP048,TEL048,intercept,10,0,-123.9311
SP022,INT022,interview,10,SP049,TEL049,intercept,10,0,-77.72009
SP022,INT022,interview,10,SP050,TEL050,intercept,10,0,-146.7897
SP022,INT022,interview,10,SP051,TEL051,intercept,10,0,-93.72233
SP022,INT022,interview,10,SP052,TEL052,intercept,10,0,-110.7214
SP022,INT022,interview,10,SP053,TEL053,intercept,10,0,-119.3979
SP022,INT022,interview,10,SP054,TEL054,intercept,10,0,-114.6853
SP022,INT022,interview,10,SP056,TEL056,intercept,10,0,-126.6005
SP022,INT022,interview,10,SP058,TEL058,intercept,10,0,-109.6719
SP022,INT022,interview,10,SP059,TEL059,intercept,10,0,-104.5161
SP022,INT022,interview,10,SP060,TEL060,intercept,10,0,-96.25914
SP022,INT022,interview,10,SP062,TEL062,intercept,10,0,-110.9848
SP022,INT022,interview,10,SP063,TEL063,intercept,10,0,-109.0508
SP022,INT022,interview,10,SP064,TEL064,intercept,10,0,-120.652
SP022,INT022,interview,10,SP065,TEL065,intercept,10,0,-143.8153
SP022,INT022,interview,10,SP066,TEL066,intercept,10,0,-112.2521
SP022,INT022,interview,10,SP067,TEL067,intercept,10,0,-107.3871
SP022,INT022,interview,10,SP068,TEL068,intercept,10,0,-130.1523
SP022,INT022,interview,10,SP069,TEL069,intercept,10,0,-126.8214
SP022,INT022,interview,10,SP071,TEL071,intercept,10,0,-99.86488
SP022,INT022,interview,10,SP072,TEL072,intercept,10,0,-142.2454
SP022,INT022,interview,10,SP073,TEL073,intercept,10,0,-140.0365
SP022,INT022,interview,10,SP074,TEL074,intercept,10,0,-159.3649
SP022,INT022,interview,10,SP075,TEL075,intercept,10,0,-124.1236
SP022,INT022,interview,10,SP076,TEL076,intercept,10,0,-130.4218
SP022,INT022,interview,10,SP077,TEL077,intercept,10,0,-114.8268
SP022,INT022,interview,10,SP078,TEL078,intercept,10,0,-114.6558
SP022,INT022,interview,10,SP079,TEL079,intercept,10,0,-90.68995
SP022,INT022,interview,10,SP080,TEL080,intercept,10,0,-95.44083
SP022,INT022,interview,10,SP081,TEL081,intercept,10,0,-138.1719
SP022,INT022,interview,10,SP084,TEL084,intercept,10,0,-103.797
SP022,INT022,interview,10,SP085,TEL085,intercept,10,0,-128.1176
SP022,INT022,interview,10,SP086,TEL086,intercept,10,0,-134.0404
SP022,INT022,interview,10,SP087,TEL087,intercept,10,0,-113.2813
SP022,INT022,interview,10,SP088,TEL088,intercept,10,0,-120.9935
SP022,INT022,interview,10,SP090,TEL090,intercept,10,0,-108.1851
SP022,INT022,interview,10,SP093,TEL093,intercept,10,0,-137.819
SP022,INT022,interview,10,SP094,TEL094,intercept,10,0,-126.8494
SP022,INT022,interview,10,SP095,TEL095,intercept,10,0,-126.0523
SP022,INT022,interview,10,SP096,TEL096,intercept,10,0,-129.5448
SP022,INT022,interview,10,SP097,TEL097,intercept,10,0,-100.0956
SP022,INT022,interview,10,SP099,TEL099,intercept,10,0,-119.7593
SP022,INT022,interview,10,SP100,TEL100,intercept,10,0,-121.8624
SP022,INT022,interview,10,SP102,TEL102,intercept,10,0,-112.9882
SP022,INT022,interview,10,SP103,TEL103,intercept,10,0,-118.2176
SP022,INT022,interview,10,SP105,TEL105,intercept,10,0,-116.596
SP022,INT022,interview,10,SP106,TEL106,intercept,10,0,-115.1143
SP022,INT022,interview,10,SP107,TEL107,intercept,10,0,-112.1692
SP022,INT022,interview,10,SP108,TEL108,intercept,10,0,-93.04339
SP022,INT022,interview,10,SP111,TEL111,intercept,10,0,-122.8178
SP022,INT022,interview,10,SP112,TEL112,intercept,10,0,-127.9332
SP022,INT022,interview,10,SP113,TEL113,intercept,10,0,-117.7833
SP022,INT022,interview,10,SP114,TEL114,intercept,10,0,-126.5623
SP022,INT022,interview,10,SP115,TEL115,intercept,10,0,-113.1488
SP022,INT022,interview,10,SP118,TEL118,intercept,10,0,-112.779
SP022,INT022,interview,10,SP120,TEL120,intercept,10,0,-149.3621
SP022,INT022,interview,10,SP121,TEL121,intercept,10,0,-111.8787
SP023,INT023,interview,10,SP001,TEL001,intercept,10,0,-70.68029
SP023,INT023,interview,10,SP002,TEL002,intercept,10,0,-103.272
SP023,INT023,interview,10,SP003,TEL003,intercept,10,0,-89.77411
SP023,INT023,interview,10,SP004,TEL004,intercept,10,0,-118.2659
SP023,INT023,interview,10,SP008,TEL008,intercept,10,0,-104.1629
SP023,INT023,interview,10,SP010,TEL010,intercept,10,0,-87.8585
SP023,INT023,interview,10,SP011,TEL011,intercept,10,0,-90.75601
SP023,INT023,interview,10,SP012,TEL012,intercept,10,0,-114.7399
SP023,INT023,interview,10,SP013,TEL013,intercept,10,0,-124.7225
SP023,INT023,interview,10,SP015,TEL015,intercept,10,0,-67.1292
SP023,INT023,interview,10,SP016,TEL016,intercept,10,0,-95.72855
SP023,INT023,interview,10,SP017,TEL017,intercept,10,0,-102.9789
SP023,INT023,interview,10,SP018,TEL018,intercept,10,0,-111.3807
SP023,INT023,interview,10,SP019,TEL019,intercept,10,0,-139.9394
SP023,INT023,interview,10,SP020,TEL020,intercept,10,0,-146.5319
SP023,INT023,interview,10,SP021,TEL021,intercept,10,0,-108.1956
SP023,INT023,interview,10,SP022,TEL022,intercept,10,0,-133.775
SP023,INT023,interview,10,SP023,TEL023,intercept,10,1,-86.58402
SP023,INT023,interview,10,SP024,TEL024,intercept,10,0,-84.51351
SP023,INT023,interview,10,SP025,TEL025,intercept,10,0,-66.38678
SP023,INT023,interview,10,SP026,TEL026,intercept,10,0,-50.66181
SP023,INT023,interview,10,SP027,TEL027,intercept,10,0,-109.808
SP023,INT023,interview,10,SP028,TEL028,intercept,10,0,-113.1007
SP023,INT023,interview,10,SP029,TEL029,intercept,10,0,-110.9555
SP023,INT023,interview,10,SP030,TEL030,intercept,10,0,-141.9871
SP023,INT023,interview,10,SP031,TEL031,intercept,10,0,-122.8113
SP023,INT023,interview,10,SP032,TEL032,intercept,10,0,-96.42854
SP023,INT023,interview,10,SP033,TEL033,intercept,10,0,-92.36916
SP023,INT023,interview,10,SP034,TEL034,intercept,10,0,-85.5963
SP023,INT023,interview,10,SP035,TEL035,intercept,10,0,-82.33005
SP023,INT023,interview,10,SP036,TEL036,intercept,10,0,-93.23018
SP023,INT023,interview,10,SP037,TEL037,intercept,10,0,-135.9076
SP023,INT023,interview,10,SP038,TEL038,intercept,10,0,-152.8821
SP023,INT023,interview,10,SP039,TEL039,intercept,10,0,-139.8737
SP023,INT023,interview,10,SP040,TEL040,intercept,10,0,-102.1217
SP023,INT023,interview,10,SP042,TEL042,intercept,10,0,-69.21803
SP023,INT023,interview,10,SP043,TEL043,intercept,10,0,-129.7616
SP023,INT023,interview,10,SP044,TEL044,intercept,10,0,-115.2988
SP023,INT023,interview,10,SP045,TEL045,intercept,10,0,-115.2402
SP023,INT023,interview,10,SP046,TEL046,intercept,10,0,-123.4701
SP023,INT023,interview,10,SP047,TEL047,intercept,10,0,-126.2634
SP023,INT023,interview,10,SP048,TEL048,intercept,10,0,-106.1648
SP023,INT023,interview,10,SP049,TEL049,intercept,10,0,-100.8231
SP023,INT023,interview,10,SP050,TEL050,intercept,10,0,-67.65794
SP023,INT023,interview,10,SP051,TEL051,intercept,10,0,-82.5321
SP023,INT023,interview,10,SP052,TEL052,intercept,10,0,-79.10612
SP023,INT023,interview,10,SP053,TEL053,intercept,10,0,-42.44383
SP023,INT023,interview,10,SP054,TEL054,intercept,10,0,-89.49205
SP023,INT023,interview,10,SP056,TEL056,intercept,10,0,-112.6454
SP023,INT023,interview,10,SP058,TEL058,intercept,10,0,-113.9457
SP023,INT023,interview,10,SP059,TEL059,intercept,10,0,-112.7922
SP023,INT023,interview,10,SP060,TEL060,intercept,10,0,-75.88392
SP023,INT023,interview,10,SP062,TEL062,intercept,10,0,-83.38702
SP023,INT023,interview,10,SP063,TEL063,intercept,10,0,-91.31882
SP023,INT023,interview,10,SP064,TEL064,intercept,10,0,-126.7866
SP023,INT023,interview,10,SP065,TEL065,intercept,10,0,-96.87355
SP023,INT023,interview,10,SP066,TEL066,intercept,10,0,-126.0281
SP023,INT023,interview,10,SP067,TEL067,intercept,10,0,-161.1913
SP023,INT023,interview,10,SP068,TEL068,intercept,10,0,-132.0084
SP023,INT023,interview,10,SP069,TEL069,intercept,10,0,-117.1064
SP023,INT023,interview,10,SP071,TEL071,intercept,10,0,-138.2906
SP023,INT023,interview,10,SP072,TEL072,intercept,10,0,-135.6749
SP023,INT023,interview,10,SP073,TEL073,intercept,10,0,-100.7935
SP023,INT023,interview,10,SP074,TEL074,intercept,10,0,-100.8705
SP023,INT023,interview,10,SP075,TEL075,intercept,10,0,-92.04987
SP023,INT023,interview,10,SP076,TEL076,intercept,10,0,-109.3851
SP023,INT023,interview,10,SP077,TEL077,intercept,10,0,-112.5747
SP023,INT023,interview,10,SP078,TEL078,intercept,10,0,-138.7029
SP023,INT023,interview,10,SP079,TEL079,intercept,10,0,-96.32538
SP023,INT023,interview,10,SP080,TEL080,intercept,10,0,-100.2071
SP023,INT023,interview,10,SP081,TEL081,intercept,10,0,-132.5382
SP023,INT023,interview,10,SP084,TEL084,intercept,10,0,-65.76225
SP023,INT023,interview,10,SP085,TEL085,intercept,10,0,-114.0949
SP023,INT023,interview,10,SP086,TEL086,intercept,10,0,-153.3985
SP023,INT023,interview,10,SP087,TEL087,intercept,10,0,-71.45057
SP023,INT023,interview,10,SP088,TEL088,intercept,10,0,-51.5084
SP023,INT023,interview,10,SP090,TEL090,intercept,10,0,-47.24103
SP023,INT023,interview,10,SP093,TEL093,intercept,10,0,-94.92855
SP023,INT023,interview,10,SP094,TEL094,intercept,10,0,-83.60291
SP023,INT023,interview,10,SP095,TEL095,intercept,10,0,-86.16482
SP023,INT023,interview,10,SP096,TEL096,intercept,10,0,-140.2511
SP023,INT023,interview,10,SP097,TEL097,intercept,10,0,-90.19932
SP023,INT023,interview,10,SP099,TEL099,intercept,10,0,-106.7766
SP023,INT023,interview,10,SP100,TEL100,intercept,10,0,-58.26463
SP023,INT023,interview,10,SP102,TEL102,intercept,10,0,-88.26669
SP023,INT023,interview,10,SP103,TEL103,intercept,10,0,-98.80065
SP023,INT023,interview,10,SP105,TEL105,intercept,10,0,-91.07918
SP023,INT023,interview,10,SP106,TEL106,intercept,10,0,-96.84475
SP023,INT023,interview,10,SP107,TEL107,intercept,10,0,-95.61003
SP023,INT023,interview,10,SP108,TEL108,intercept,10,0,-112.1989
SP023,INT023,interview,10,SP111,TEL111,intercept,10,0,-97.37006
SP023,INT023,interview,10,SP112,TEL112,intercept,10,0,-95.04332
SP023,INT023,interview,10,SP113,TEL113,intercept,10,0,-127.7726
SP023,INT023,interview,10,SP114,TEL114,intercept,10,0,-93.2597
SP023,INT023,interview,10,SP115,TEL115,intercept,10,0,-77.49325
SP023,INT023,interview,10,SP118,TEL118,intercept,10,0,-83.28507
SP023,INT023,interview,10,SP120,TEL120,intercept,10,0,-91.22384
SP023,INT023,interview,10,SP121,TEL121,intercept,10,0,-75.15184
SP024,INT024,interview,10,SP001,TEL001,intercept,10,0,-121.6429
SP024,INT024,interview,10,SP002,TEL002,intercept,10,0,-150.7649
SP024,INT024,interview,10,SP003,TEL003,intercept,10,0,-111.3354
SP024,INT024,interview,10,SP004,TEL004,intercept,10,0,-175.8062
SP024,INT024,interview,10,SP008,TEL008,intercept,10,0,-160.1893
SP024,INT024,interview,10,SP010,TEL010,intercept,10,0,-94.48045
SP024,INT024,interview,10,SP011,TEL011,intercept,10,0,-126.9073
SP024,INT024,interview,10,SP012,TEL012,intercept,10,0,-117.657
SP024,INT024,interview,10,SP013,TEL013,intercept,10,0,-101.1766
SP024,INT024,interview,10,SP015,TEL015,intercept,10,0,-148.9769
SP024,INT024,interview,10,SP016,TEL016,intercept,10,0,-131.9998
SP024,INT024,interview,10,SP017,TEL017,intercept,10,0,-110.0516
SP024,INT024,interview,10,SP018,TEL018,intercept,10,0,-128.2292
SP024,INT024,interview,10,SP019,TEL019,intercept,10,0,-105.8274
SP024,INT024,interview,10,SP020,TEL020,intercept,10,0,-162.455
SP024,INT024,interview,10,SP021,TEL021,intercept,10,0,-137.9972
SP024,INT024,interview,10,SP022,TEL022,intercept,10,0,-137.869
SP024,INT024,interview,10,SP023,TEL023,intercept,10,0,-100.4936
SP024,INT024,interview,10,SP024,TEL024,intercept,10,1,-53.59727
SP024,INT024,interview,10,SP025,TEL025,intercept,10,0,-123.3818
SP024,INT024,interview,10,SP026,TEL026,intercept,10,0,-166.0936
SP024,INT024,interview,10,SP027,TEL027,intercept,10,0,-179.7933
SP024,INT024,interview,10,SP028,TEL028,intercept,10,0,-151.6136
SP024,INT024,interview,10,SP029,TEL029,intercept,10,0,-135.4766
SP024,INT024,interview,10,SP030,TEL030,intercept,10,0,-102.3332
SP024,INT024,interview,10,SP031,TEL031,intercept,10,0,-148.7806
SP024,INT024,interview,10,SP032,TEL032,intercept,10,0,-131.1001
SP024,INT024,interview,10,SP033,TEL033,intercept,10,0,-118.9611
SP024,INT024,interview,10,SP034,TEL034,intercept,10,0,-124.7844
SP024,INT024,interview,10,SP035,TEL035,intercept,10,0,-114.4446
SP024,INT024,interview,10,SP036,TEL036,intercept,10,0,-107.6484
SP024,INT024,interview,10,SP037,TEL037,intercept,10,0,-151.5622
SP024,INT024,interview,10,SP038,TEL038,intercept,10,0,-152.1114
SP024,INT024,interview,10,SP039,TEL039,intercept,10,0,-156.9054
SP024,INT024,interview,10,SP040,TEL040,intercept,10,0,-112.92
SP024,INT024,interview,10,SP042,TEL042,intercept,10,0,-123.8009
SP024,INT024,interview,10,SP043,TEL043,intercept,10,0,-165.7143
SP024,INT024,interview,10,SP044,TEL044,intercept,10,0,-135.8384
SP024,INT024,interview,10,SP045,TEL045,intercept,10,0,-122.2369
SP024,INT024,interview,10,SP046,TEL046,intercept,10,0,-116.3242
SP024,INT024,interview,10,SP047,TEL047,intercept,10,0,-139.1392
SP024,INT024,interview,10,SP048,TEL048,intercept,10,0,-135.1155
SP024,INT024,interview,10,SP049,TEL049,intercept,10,0,-140.7391
SP024,INT024,interview,10,SP050,TEL050,intercept,10,0,-152.0452
SP024,INT024,interview,10,SP051,TEL051,intercept,10,0,-97.20563
SP024,INT024,interview,10,SP052,TEL052,intercept,10,0,-117.7955
SP024,INT024,interview,10,SP053,TEL053,intercept,10,0,-66.80733
SP024,INT024,interview,10,SP054,TEL054,intercept,10,0,-118.9458
SP024,INT024,interview,10,SP056,TEL056,intercept,10,0,-173.0616
SP024,INT024,interview,10,SP058,TEL058,intercept,10,0,-88.39569
SP024,INT024,interview,10,SP059,TEL059,intercept,10,0,-131.179
SP024,INT024,interview,10,SP060,TEL060,intercept,10,0,-112.942
SP024,INT024,interview,10,SP062,TEL062,intercept,10,0,-114.1766
SP024,INT024,interview,10,SP063,TEL063,intercept,10,0,-94.34536
SP024,INT024,interview,10,SP064,TEL064,intercept,10,0,-116.5894
SP024,INT024,interview,10,SP065,TEL065,intercept,10,0,-112.3793
SP024,INT024,interview,10,SP066,TEL066,intercept,10,0,-130.6546
SP024,INT024,interview,10,SP067,TEL067,intercept,10,0,-147.0746
SP024,INT024,interview,10,SP068,TEL068,intercept,10,0,-152.8689
SP024,INT024,interview,10,SP069,TEL069,intercept,10,0,-163.4584
SP024,INT024,interview,10,SP071,TEL071,intercept,10,0,-115.5076
SP024,INT024,interview,10,SP072,TEL072,intercept,10,0,-145.7969
SP024,INT024,interview,10,SP073,TEL073,intercept,10,0,-181.0974
SP024,INT024,interview,10,SP074,TEL074,intercept,10,0,-149.8744
SP024,INT024,interview,10,SP075,TEL075,intercept,10,0,-109.9741
SP024,INT024,interview,10,SP076,TEL076,intercept,10,0,-145.2047
SP024,INT024,interview,10,SP077,TEL077,intercept,10,0,-116.8515
SP024,INT024,interview,10,SP078,TEL078,intercept,10,0,-170.9771
SP024,INT024,interview,10,SP079,TEL079,intercept,10,0,-134.2937
SP024,INT024,interview,10,SP080,TEL080,intercept,10,0,-86.5445
SP024,INT024,interview,10,SP081,TEL081,intercept,10,0,-147.2902
SP024,INT024,interview,10,SP084,TEL084,intercept,10,0,-108.0175
SP024,INT024,interview,10,SP085,TEL085,intercept,10,0,-147.6941
SP024,INT024,interview,10,SP086,TEL086,intercept,10,0,-164.5096
SP024,INT024,interview,10,SP087,TEL087,intercept,10,0,-124.9188
SP024,INT024,interview,10,SP088,TEL088,intercept,10,0,-101.3726
SP024,INT024,interview,10,SP090,TEL090,intercept,10,0,-135.7467
SP024,INT024,interview,10,SP093,TEL093,intercept,10,0,-161.6234
SP024,INT024,interview,10,SP094,TEL094,intercept,10,0,-130.6451
SP024,INT024,interview,10,SP095,TEL095,intercept,10,0,-127.8767
SP024,INT024,interview,10,SP096,TEL096,intercept,10,0,-130.2505
SP024,INT024,interview,10,SP097,TEL097,intercept,10,0,-125.418
SP024,INT024,interview,10,SP099,TEL099,intercept,10,0,-135.4894
SP024,INT024,interview,10,SP100,TEL100,intercept,10,0,-166.6736
SP024,INT024,interview,10,SP102,TEL102,intercept,10,0,-121.0452
SP024,INT024,interview,10,SP103,TEL103,intercept,10,0,-111.0593
SP024,INT024,interview,10,SP105,TEL105,intercept,10,0,-127.1679
SP024,INT024,interview,10,SP106,TEL106,intercept,10,0,-136.7811
SP024,INT024,interview,10,SP107,TEL107,intercept,10,0,-102.3696
SP024,INT024,interview,10,SP108,TEL108,intercept,10,0,-98.71736
SP024,INT024,interview,10,SP111,TEL111,intercept,10,0,-118.7779
SP024,INT024,interview,10,SP112,TEL112,intercept,10,0,-123.5852
SP024,INT024,interview,10,SP113,TEL113,intercept,10,0,-153.7648
SP024,INT024,interview,10,SP114,TEL114,intercept,10,0,-125.3585
SP024,INT024,interview,10,SP115,TEL115,intercept,10,0,-118.265
SP024,INT024,interview,10,SP118,TEL118,intercept,10,0,-106.2732
SP024,INT024,interview,10,SP120,TEL120,intercept,10,0,-168.579
SP024,INT024,interview,10,SP121,TEL121,intercept,10,0,-159.9512
SP025,INT025,interview,10,SP001,TEL001,intercept,10,0,-77.76028
SP025,INT025,interview,10,SP002,TEL002,intercept,10,0,-126.9365
SP025,INT025,interview,10,SP003,TEL003,intercept,10,0,-96.70898
SP025,INT025,interview,10,SP004,TEL004,intercept,10,0,-83.17743
SP025,INT025,interview,10,SP008,TEL008,intercept,10,0,-104.2201
SP025,INT025,interview,10,SP010,TEL010,intercept,10,0,-105.2695
SP025,INT025,interview,10,SP011,TEL011,intercept,10,0,-95.15507
SP025,INT025,interview,10,SP012,TEL012,intercept,10,0,-83.2677
SP025,INT025,interview,10,SP013,TEL013,intercept,10,0,-54.41521
SP025,INT025,interview,10,SP015,TEL015,intercept,10,0,-87.86288
SP025,INT025,interview,10,SP016,TEL016,intercept,10,0,-94.09575
SP025,INT025,interview,10,SP017,TEL017,intercept,10,0,-64.29311
SP025,INT025,interview,10,SP018,TEL018,intercept,10,0,-101.4174
SP025,INT025,interview,10,SP019,TEL019,intercept,10,0,-99.85471
SP025,INT025,interview,10,SP020,TEL020,intercept,10,0,-97.00967
SP025,INT025,interview,10,SP021,TEL021,intercept,10,0,-114.0377
SP025,INT025,interview,10,SP022,TEL022,intercept,10,0,-140.2952
SP025,INT025,interview,10,SP023,TEL023,intercept,10,0,-108.0327
SP025,INT025,interview,10,SP024,TEL024,intercept,10,0,-129.9236
SP025,INT025,interview,10,SP025,TEL025,intercept,10,1,-0.6652408
SP025,INT025,interview,10,SP026,TEL026,intercept,10,0,-97.15117
SP025,INT025,interview,10,SP027,TEL027,intercept,10,0,-119.9718
SP025,INT025,interview,10,SP028,TEL028,intercept,10,0,-82.75549
SP025,INT025,interview,10,SP029,TEL029,intercept,10,0,-98.35743
SP025,INT025,interview,10,SP030,TEL030,intercept,10,0,-98.17943
SP025,INT025,interview,10,SP031,TEL031,intercept,10,0,-109.9678
SP025,INT025,interview,10,SP032,TEL032,intercept,10,0,-88.04128
SP025,INT025,interview,10,SP033,TEL033,intercept,10,0,-93.99731
SP025,INT025,interview,10,SP034,TEL034,intercept,10,0,-78.24393
SP025,INT025,interview,10,SP035,TEL035,intercept,10,0,-84.70338
SP025,INT025,interview,10,SP036,TEL036,intercept,10,0,-72.5022
SP025,INT025,interview,10,SP037,TEL037,intercept,10,0,-145.1597
SP025,INT025,interview,10,SP038,TEL038,intercept,10,0,-119.0879
SP025,INT025,interview,10,SP039,TEL039,intercept,10,0,-100.8969
SP025,INT025,interview,10,SP040,TEL040,intercept,10,0,-47.1582
SP025,INT025,interview,10,SP042,TEL042,intercept,10,0,-76.61877
SP025,INT025,interview,10,SP043,TEL043,intercept,10,0,-86.14645
SP025,INT025,interview,10,SP044,TEL044,intercept,10,0,-83.43322
SP025,INT025,interview,10,SP045,TEL045,intercept,10,0,-94.15329
SP025,INT025,interview,10,SP046,TEL046,intercept,10,0,-88.88393
SP025,INT025,interview,10,SP047,TEL047,intercept,10,0,-101.928
SP025,INT025,interview,10,SP048,TEL048,intercept,10,0,-71.82792
SP025,INT025,interview,10,SP049,TEL049,intercept,10,0,-144.6036
SP025,INT025,interview,10,SP050,TEL050,intercept,10,0,-62.64799
SP025,INT025,interview,10,SP051,TEL051,intercept,10,0,-126.2677
SP025,INT025,interview,10,SP052,TEL052,intercept,10,0,-78.86242
SP025,INT025,interview,10,SP053,TEL053,intercept,10,0,-91.78291
SP025,INT025,interview,10,SP054,TEL054,intercept,10,0,-97.43152
SP025,INT025,interview,10,SP056,TEL056,intercept,10,0,-129.9652
SP025,INT025,interview,10,SP058,TEL058,intercept,10,0,-103.9488
SP025,INT025,interview,10,SP059,TEL059,intercept,10,0,-100.0635
SP025,INT025,interview,10,SP060,TEL060,intercept,10,0,-99.86323
SP025,INT025,interview,10,SP062,TEL062,intercept,10,0,-58.65169
SP025,INT025,interview,10,SP063,TEL063,intercept,10,0,-88.28031
SP025,INT025,interview,10,SP064,TEL064,intercept,10,0,-90.66542
SP025,INT025,interview,10,SP065,TEL065,intercept,10,0,-80.08425
SP025,INT025,interview,10,SP066,TEL066,intercept,10,0,-123.1123
SP025,INT025,interview,10,SP067,TEL067,intercept,10,0,-113.4808
SP025,INT025,interview,10,SP068,TEL068,intercept,10,0,-100.9523
SP025,INT025,interview,10,SP069,TEL069,intercept,10,0,-100.8438
SP025,INT025,interview,10,SP071,TEL071,intercept,10,0,-90.33386
SP025,INT025,interview,10,SP072,TEL072,intercept,10,0,-63.40698
SP025,INT025,interview,10,SP073,TEL073,intercept,10,0,-109.3973
SP025,INT025,interview,10,SP074,TEL074,intercept,10,0,-40.05204
SP025,INT025,interview,10,SP075,TEL075,intercept,10,0,-91.22583
SP025,INT025,interview,10,SP076,TEL076,intercept,10,0,-122.558
SP025,INT025,interview,10,SP077,TEL077,intercept,10,0,-86.65666
SP025,INT025,interview,10,SP078,TEL078,intercept,10,0,-86.51729
SP025,INT025,interview,10,SP079,TEL079,intercept,10,0,-115.6013
SP025,INT025,interview,10,SP080,TEL080,intercept,10,0,-94.16531
SP025,INT025,interview,10,SP081,TEL081,intercept,10,0,-101.6386
SP025,INT025,interview,10,SP084,TEL084,intercept,10,0,-44.51202
SP025,INT025,interview,10,SP085,TEL085,intercept,10,0,-112.0549
SP025,INT025,interview,10,SP086,TEL086,intercept,10,0,-117.1106
SP025,INT025,interview,10,SP087,TEL087,intercept,10,0,-85.02374
SP025,INT025,interview,10,SP088,TEL088,intercept,10,0,-55.59066
SP025,INT025,interview,10,SP090,TEL090,intercept,10,0,-77.7771
SP025,INT025,interview,10,SP093,TEL093,intercept,10,0,-67.17359
SP025,INT025,interview,10,SP094,TEL094,intercept,10,0,-95.90846
SP025,INT025,interview,10,SP095,TEL095,intercept,10,0,-70.8006
SP025,INT025,interview,10,SP096,TEL096,intercept,10,0,-95.0621
SP025,INT025,interview,10,SP097,TEL097,intercept,10,0,-91.52983
SP025,INT025,interview,10,SP099,TEL099,intercept,10,0,-98.93095
SP025,INT025,interview,10,SP100,TEL100,intercept,10,0,-60.56886
SP025,INT025,interview,10,SP102,TEL102,intercept,10,0,-49.43771
SP025,INT025,interview,10,SP103,TEL103,intercept,10,0,-94.02872
SP025,INT025,interview,10,SP105,TEL105,intercept,10,0,-80.66859
SP025,INT025,interview,10,SP106,TEL106,intercept,10,0,-121.957
SP025,INT025,interview,10,SP107,TEL107,intercept,10,0,-70.64091
SP025,INT025,interview,10,SP108,TEL108,intercept,10,0,-90.39307
SP025,INT025,interview,10,SP111,TEL111,intercept,10,0,-95.36957
SP025,INT025,interview,10,SP112,TEL112,intercept,10,0,-75.36135
SP025,INT025,interview,10,SP113,TEL113,intercept,10,0,-84.71506
SP025,INT025,interview,10,SP114,TEL114,intercept,10,0,-54.57332
SP025,INT025,interview,10,SP115,TEL115,intercept,10,0,-58.39153
SP025,INT025,interview,10,SP118,TEL118,intercept,10,0,-140.9729
SP025,INT025,interview,10,SP120,TEL120,intercept,10,0,-100.1405
SP025,INT025,interview,10,SP121,TEL121,intercept,10,0,-89.00703
SP026,INT026,interview,10,SP001,TEL001,intercept,10,0,-65.93169
SP026,INT026,interview,10,SP002,TEL002,intercept,10,0,-98.3271
SP026,INT026,interview,10,SP003,TEL003,intercept,10,0,-133.2716
SP026,INT026,interview,10,SP004,TEL004,intercept,10,0,-117.9965
SP026,INT026,interview,10,SP008,TEL008,intercept,10,0,-114.3234
SP026,INT026,interview,10,SP010,TEL010,intercept,10,0,-98.80517
SP026,INT026,interview,10,SP011,TEL011,intercept,10,0,-76.34293
SP026,INT026,interview,10,SP012,TEL012,intercept,10,0,-69.93102
SP026,INT026,interview,10,SP013,TEL013,intercept,10,0,-71.15487
SP026,INT026,interview,10,SP015,TEL015,intercept,10,0,-75.4604
SP026,INT026,interview,10,SP016,TEL016,intercept,10,0,-79.12447
SP026,INT026,interview,10,SP017,TEL017,intercept,10,0,-102.0586
SP026,INT026,interview,10,SP018,TEL018,intercept,10,0,-124.5853
SP026,INT026,interview,10,SP019,TEL019,intercept,10,0,-116.4657
SP026,INT026,interview,10,SP020,TEL020,intercept,10,0,-141.7683
SP026,INT026,interview,10,SP021,TEL021,intercept,10,0,-134.055
SP026,INT026,interview,10,SP022,TEL022,intercept,10,0,-126.6449
SP026,INT026,interview,10,SP023,TEL023,intercept,10,0,-115.8584
SP026,INT026,interview,10,SP024,TEL024,intercept,10,0,-134.1477
SP026,INT026,interview,10,SP025,TEL025,intercept,10,0,-63.54052
SP026,INT026,interview,10,SP026,TEL026,intercept,10,1,-2.72199
SP026,INT026,interview,10,SP027,TEL027,intercept,10,0,-130.5726
SP026,INT026,interview,10,SP028,TEL028,intercept,10,0,-85.76096
SP026,INT026,interview,10,SP029,TEL029,intercept,10,0,-94.60123
SP026,INT026,interview,10,SP030,TEL030,intercept,10,0,-116.8391
SP026,INT026,interview,10,SP031,TEL031,intercept,10,0,-83.84283
SP026,INT026,interview,10,SP032,TEL032,intercept,10,0,-103.2681
SP026,INT026,interview,10,SP033,TEL033,intercept,10,0,-90.84785
SP026,INT026,interview,10,SP034,TEL034,intercept,10,0,-108.7546
SP026,INT026,interview,10,SP035,TEL035,intercept,10,0,-77.64248
SP026,INT026,interview,10,SP036,TEL036,intercept,10,0,-74.54586
SP026,INT026,interview,10,SP037,TEL037,intercept,10,0,-114.7124
SP026,INT026,interview,10,SP038,TEL038,intercept,10,0,-143.2593
SP026,INT026,interview,10,SP039,TEL039,intercept,10,0,-104.3948
SP026,INT026,interview,10,SP040,TEL040,intercept,10,0,-125.1604
SP026,INT026,interview,10,SP042,TEL042,intercept,10,0,-60.95267
SP026,INT026,interview,10,SP043,TEL043,intercept,10,0,-83.91077
SP026,INT026,interview,10,SP044,TEL044,intercept,10,0,-133.9429
SP026,INT026,interview,10,SP045,TEL045,intercept,10,0,-126.2907
SP026,INT026,interview,10,SP046,TEL046,intercept,10,0,-101.7371
SP026,INT026,interview,10,SP047,TEL047,intercept,10,0,-92.07189
SP026,INT026,interview,10,SP048,TEL048,intercept,10,0,-72.01443
SP026,INT026,interview,10,SP049,TEL049,intercept,10,0,-138.1557
SP026,INT026,interview,10,SP050,TEL050,intercept,10,0,-63.80517
SP026,INT026,interview,10,SP051,TEL051,intercept,10,0,-119.4398
SP026,INT026,interview,10,SP052,TEL052,intercept,10,0,-111.55
SP026,INT026,interview,10,SP053,TEL053,intercept,10,0,-102.1198
SP026,INT026,interview,10,SP054,TEL054,intercept,10,0,-106.5911
SP026,INT026,interview,10,SP056,TEL056,intercept,10,0,-54.81151
SP026,INT026,interview,10,SP058,TEL058,intercept,10,0,-113.2203
SP026,INT026,interview,10,SP059,TEL059,intercept,10,0,-96.54897
SP026,INT026,interview,10,SP060,TEL060,intercept,10,0,-98.38995
SP026,INT026,interview,10,SP062,TEL062,intercept,10,0,-77.82573
SP026,INT026,interview,10,SP063,TEL063,intercept,10,0,-83.59657
SP026,INT026,interview,10,SP064,TEL064,intercept,10,0,-123.7179
SP026,INT026,interview,10,SP065,TEL065,intercept,10,0,-107.3288
SP026,INT026,interview,10,SP066,TEL066,intercept,10,0,-106.3815
SP026,INT026,interview,10,SP067,TEL067,intercept,10,0,-126.7321
SP026,INT026,interview,10,SP068,TEL068,intercept,10,0,-86.83121
SP026,INT026,interview,10,SP069,TEL069,intercept,10,0,-95.32782
SP026,INT026,interview,10,SP071,TEL071,intercept,10,0,-112.533
SP026,INT026,interview,10,SP072,TEL072,intercept,10,0,-79.67453
SP026,INT026,interview,10,SP073,TEL073,intercept,10,0,-118.8874
SP026,INT026,interview,10,SP074,TEL074,intercept,10,0,-55.62329
SP026,INT026,interview,10,SP075,TEL075,intercept,10,0,-102.0397
SP026,INT026,interview,10,SP076,TEL076,intercept,10,0,-144.1559
SP026,INT026,interview,10,SP077,TEL077,intercept,10,0,-101.6408
SP026,INT026,interview,10,SP078,TEL078,intercept,10,0,-134.131
SP026,INT026,interview,10,SP079,TEL079,intercept,10,0,-81.08199
SP026,INT026,interview,10,SP080,TEL080,intercept,10,0,-95.00262
SP026,INT026,interview,10,SP081,TEL081,intercept,10,0,-73.1903
SP026,INT026,interview,10,SP084,TEL084,intercept,10,0,-45.63517
SP026,INT026,interview,10,SP085,TEL085,intercept,10,0,-107.7901
SP026,INT026,interview,10,SP086,TEL086,intercept,10,0,-118.3783
SP026,INT026,interview,10,SP087,TEL087,intercept,10,0,-60.46576
SP026,INT026,interview,10,SP088,TEL088,intercept,10,0,-71.19343
SP026,INT026,interview,10,SP090,TEL090,intercept,10,0,-57.14166
SP026,INT026,interview,10,SP093,TEL093,intercept,10,0,-67.89947
SP026,INT026,interview,10,SP094,TEL094,intercept,10,0,-91.83018
SP026,INT026,interview,10,SP095,TEL095,intercept,10,0,-63.70524
SP026,INT026,interview,10,SP096,TEL096,intercept,10,0,-104.1955
SP026,INT026,interview,10,SP097,TEL097,intercept,10,0,-61.21469
SP026,INT026,interview,10,SP099,TEL099,intercept,10,0,-121.9796
SP026,INT026,interview,10,SP100,TEL100,intercept,10,0,-121.4627
SP026,INT026,interview,10,SP102,TEL102,intercept,10,0,-67.82386
SP026,INT026,interview,10,SP103,TEL103,intercept,10,0,-72.85004
SP026,INT026,interview,10,SP105,TEL105,intercept,10,0,-120.5094
SP026,INT026,interview,10,SP106,TEL106,intercept,10,0,-97.94212
SP026,INT026,interview,10,SP107,TEL107,intercept,10,0,-87.45068
SP026,INT026,interview,10,SP108,TEL108,intercept,10,0,-90.06889
SP026,INT026,interview,10,SP111,TEL111,intercept,10,0,-75.01635
SP026,INT026,interview,10,SP112,TEL112,intercept,10,0,-38.15714
SP026,INT026,interview,10,SP113,TEL113,intercept,10,0,-132.9619
SP026,INT026,interview,10,SP114,TEL114,intercept,10,0,-71.24773
SP026,INT026,interview,10,SP115,TEL115,intercept,10,0,-79.63794
SP026,INT026,interview,10,SP118,TEL118,intercept,10,0,-114.6491
SP026,INT026,interview,10,SP120,TEL120,intercept,10,0,-70.12946
SP026,INT026,interview,10,SP121,TEL121,intercept,10,0,-101.0181
SP027,INT027,interview,10,SP001,TEL001,intercept,10,0,-108.4481
SP027,INT027,interview,10,SP002,TEL002,intercept,10,0,-165.4402
SP027,INT027,interview,10,SP003,TEL003,intercept,10,0,-129.4844
SP027,INT027,interview,10,SP004,TEL004,intercept,10,0,-42.74783
SP027,INT027,interview,10,SP008,TEL008,intercept,10,0,-90.48593
SP027,INT027,interview,10,SP010,TEL010,intercept,10,0,-83.48565
SP027,INT027,interview,10,SP011,TEL011,intercept,10,0,-87.92052
SP027,INT027,interview,10,SP012,TEL012,intercept,10,0,-145.1545
SP027,INT027,interview,10,SP013,TEL013,intercept,10,0,-128.9496
SP027,INT027,interview,10,SP015,TEL015,intercept,10,0,-83.01135
SP027,INT027,interview,10,SP016,TEL016,intercept,10,0,-115.73
SP027,INT027,interview,10,SP017,TEL017,intercept,10,0,-85.11357
SP027,INT027,interview,10,SP018,TEL018,intercept,10,0,-105.7615
SP027,INT027,interview,10,SP019,TEL019,intercept,10,0,-104.4916
SP027,INT027,interview,10,SP020,TEL020,intercept,10,0,-135.684
SP027,INT027,interview,10,SP021,TEL021,intercept,10,0,-67.21095
SP027,INT027,interview,10,SP022,TEL022,intercept,10,0,-129.3059
SP027,INT027,interview,10,SP023,TEL023,intercept,10,0,-85.8308
SP027,INT027,interview,10,SP024,TEL024,intercept,10,0,-155.5415
SP027,INT027,interview,10,SP025,TEL025,intercept,10,0,-108.7163
SP027,INT027,interview,10,SP026,TEL026,intercept,10,0,-108.3971
SP027,INT027,interview,10,SP027,TEL027,intercept,10,1,-29.46233
SP027,INT027,interview,10,SP028,TEL028,intercept,10,0,-119.1985
SP027,INT027,interview,10,SP029,TEL029,intercept,10,0,-97.04705
SP027,INT027,interview,10,SP030,TEL030,intercept,10,0,-136.7628
SP027,INT027,interview,10,SP031,TEL031,intercept,10,0,-132.123
SP027,INT027,interview,10,SP032,TEL032,intercept,10,0,-68.4827
SP027,INT027,interview,10,SP033,TEL033,intercept,10,0,-124.4157
SP027,INT027,interview,10,SP034,TEL034,intercept,10,0,-114.2773
SP027,INT027,interview,10,SP035,TEL035,intercept,10,0,-83.23721
SP027,INT027,interview,10,SP036,TEL036,intercept,10,0,-88.27238
SP027,INT027,interview,10,SP037,TEL037,intercept,10,0,-142.5462
SP027,INT027,interview,10,SP038,TEL038,intercept,10,0,-126.3379
SP027,INT027,interview,10,SP039,TEL039,intercept,10,0,-97.45647
SP027,INT027,interview,10,SP040,TEL040,intercept,10,0,-71.69367
SP027,INT027,interview,10,SP042,TEL042,intercept,10,0,-104.1746
SP027,INT027,interview,10,SP043,TEL043,intercept,10,0,-68.40742
SP027,INT027,interview,10,SP044,TEL044,intercept,10,0,-71.64248
SP027,INT027,interview,10,SP045,TEL045,intercept,10,0,-160.6606
SP027,INT027,interview,10,SP046,TEL046,intercept,10,0,-113.2339
SP027,INT027,interview,10,SP047,TEL047,intercept,10,0,-165.7416
SP027,INT027,interview,10,SP048,TEL048,intercept,10,0,-85.0214
SP027,INT027,interview,10,SP049,TEL049,intercept,10,0,-153.3707
SP027,INT027,interview,10,SP050,TEL050,intercept,10,0,-70.72307
SP027,INT027,interview,10,SP051,TEL051,intercept,10,0,-172.4503
SP027,INT027,interview,10,SP052,TEL052,intercept,10,0,-107.9904
SP027,INT027,interview,10,SP053,TEL053,intercept,10,0,-79.53952
SP027,INT027,interview,10,SP054,TEL054,intercept,10,0,-71.27575
SP027,INT027,interview,10,SP056,TEL056,intercept,10,0,-119.6201
SP027,INT027,interview,10,SP058,TEL058,intercept,10,0,-128.9918
SP027,INT027,interview,10,SP059,TEL059,intercept,10,0,-93.99266
SP027,INT027,interview,10,SP060,TEL060,intercept,10,0,-114.3916
SP027,INT027,interview,10,SP062,TEL062,intercept,10,0,-113.0913
SP027,INT027,interview,10,SP063,TEL063,intercept,10,0,-118.4895
SP027,INT027,interview,10,SP064,TEL064,intercept,10,0,-64.48613
SP027,INT027,interview,10,SP065,TEL065,intercept,10,0,-81.29726
SP027,INT027,interview,10,SP066,TEL066,intercept,10,0,-115.8383
SP027,INT027,interview,10,SP067,TEL067,intercept,10,0,-110.2654
SP027,INT027,interview,10,SP068,TEL068,intercept,10,0,-119.9396
SP027,INT027,interview,10,SP069,TEL069,intercept,10,0,-92.38242
SP027,INT027,interview,10,SP071,TEL071,intercept,10,0,-145.3672
SP027,INT027,interview,10,SP072,TEL072,intercept,10,0,-103.6391
SP027,INT027,interview,10,SP073,TEL073,intercept,10,0,-79.18465
SP027,INT027,interview,10,SP074,TEL074,intercept,10,0,-48.56389
SP027,INT027,interview,10,SP075,TEL075,intercept,10,0,-159.0134
SP027,INT027,interview,10,SP076,TEL076,intercept,10,0,-99.82978
SP027,INT027,interview,10,SP077,TEL077,intercept,10,0,-57.93579
SP027,INT027,interview,10,SP078,TEL078,intercept,10,0,-113.916
SP027,INT027,interview,10,SP079,TEL079,intercept,10,0,-137.8222
SP027,INT027,interview,10,SP080,TEL080,intercept,10,0,-141.5489
SP027,INT027,interview,10,SP081,TEL081,intercept,10,0,-106.2417
SP027,INT027,interview,10,SP084,TEL084,intercept,10,0,-93.45961
SP027,INT027,interview,10,SP085,TEL085,intercept,10,0,-175.4234
SP027,INT027,interview,10,SP086,TEL086,intercept,10,0,-90.79015
SP027,INT027,interview,10,SP087,TEL087,intercept,10,0,-83.95143
SP027,INT027,interview,10,SP088,TEL088,intercept,10,0,-62.6948
SP027,INT027,interview,10,SP090,TEL090,intercept,10,0,-145.2815
SP027,INT027,interview,10,SP093,TEL093,intercept,10,0,-56.60085
SP027,INT027,interview,10,SP094,TEL094,intercept,10,0,-75.86607
SP027,INT027,interview,10,SP095,TEL095,intercept,10,0,-74.4482
SP027,INT027,interview,10,SP096,TEL096,intercept,10,0,-138.8688
SP027,INT027,interview,10,SP097,TEL097,intercept,10,0,-128.9832
SP027,INT027,interview,10,SP099,TEL099,intercept,10,0,-124.5035
SP027,INT027,interview,10,SP100,TEL100,intercept,10,0,-69.47211
SP027,INT027,interview,10,SP102,TEL102,intercept,10,0,-82.93508
SP027,INT027,interview,10,SP103,TEL103,intercept,10,0,-108.0288
SP027,INT027,interview,10,SP105,TEL105,intercept,10,0,-72.64397
SP027,INT027,interview,10,SP106,TEL106,intercept,10,0,-138.2469
SP027,INT027,interview,10,SP107,TEL107,intercept,10,0,-78.12255
SP027,INT027,interview,10,SP108,TEL108,intercept,10,0,-125.0941
SP027,INT027,interview,10,SP111,TEL111,intercept,10,0,-136.2435
SP027,INT027,interview,10,SP112,TEL112,intercept,10,0,-103.3902
SP027,INT027,interview,10,SP113,TEL113,intercept,10,0,-82.69502
SP027,INT027,interview,10,SP114,TEL114,intercept,10,0,-99.99013
SP027,INT027,interview,10,SP115,TEL115,intercept,10,0,-64.49757
SP027,INT027,interview,10,SP118,TEL118,intercept,10,0,-146.7886
SP027,INT027,interview,10,SP120,TEL120,intercept,10,0,-87.90126
SP027,INT027,interview,10,SP121,TEL121,intercept,10,0,-61.4104
SP028,INT028,interview,10,SP001,TEL001,intercept,10,0,-117.7306
SP028,INT028,interview,10,SP002,TEL002,intercept,10,0,-132.0688
SP028,INT028,interview,10,SP003,TEL003,intercept,10,0,-174.7147
SP028,INT028,interview,10,SP004,TEL004,intercept,10,0,-77.60098
SP028,INT028,interview,10,SP008,TEL008,intercept,10,0,-91.72267
SP028,INT028,interview,10,SP010,TEL010,intercept,10,0,-125.5314
SP028,INT028,interview,10,SP011,TEL011,intercept,10,0,-95.04869
SP028,INT028,interview,10,SP012,TEL012,intercept,10,0,-138.1638
SP028,INT028,interview,10,SP013,TEL013,intercept,10,0,-93.87357
SP028,INT028,interview,10,SP015,TEL015,intercept,10,0,-97.35397
SP028,INT028,interview,10,SP016,TEL016,intercept,10,0,-111.9253
SP028,INT028,interview,10,SP017,TEL017,intercept,10,0,-96.27843
SP028,INT028,interview,10,SP018,TEL018,intercept,10,0,-131.9805
SP028,INT028,interview,10,SP019,TEL019,intercept,10,0,-27.80205
SP028,INT028,interview,10,SP020,TEL020,intercept,10,0,-140.1846
SP028,INT028,interview,10,SP021,TEL021,intercept,10,0,-69.5138
SP028,INT028,interview,10,SP022,TEL022,intercept,10,0,-148.7351
SP028,INT028,interview,10,SP023,TEL023,intercept,10,0,-83.99696
SP028,INT028,interview,10,SP024,TEL024,intercept,10,0,-148.6149
SP028,INT028,interview,10,SP025,TEL025,intercept,10,0,-80.90002
SP028,INT028,interview,10,SP026,TEL026,intercept,10,0,-114.8548
SP028,INT028,interview,10,SP027,TEL027,intercept,10,0,-80.17368
SP028,INT028,interview,10,SP028,TEL028,intercept,10,1,-40.59772
SP028,INT028,interview,10,SP029,TEL029,intercept,10,0,-99.60458
SP028,INT028,interview,10,SP030,TEL030,intercept,10,0,-82.77771
SP028,INT028,interview,10,SP031,TEL031,intercept,10,0,-133.9744
SP028,INT028,interview,10,SP032,TEL032,intercept,10,0,-96.07106
SP028,INT028,interview,10,SP033,TEL033,intercept,10,0,-107.3901
SP028,INT028,interview,10,SP034,TEL034,intercept,10,0,-115.7237
SP028,INT028,interview,10,SP035,TEL035,intercept,10,0,-65.03459
SP028,INT028,interview,10,SP036,TEL036,intercept,10,0,-91.12112
SP028,INT028,interview,10,SP037,TEL037,intercept,10,0,-169.0093
SP028,INT028,interview,10,SP038,TEL038,intercept,10,0,-149.3546
SP028,INT028,interview,10,SP039,TEL039,intercept,10,0,-58.49379
SP028,INT028,interview,10,SP040,TEL040,intercept,10,0,-73.024
SP028,INT028,interview,10,SP042,TEL042,intercept,10,0,-51.82194
SP028,INT028,interview,10,SP043,TEL043,intercept,10,0,-126.2471
SP028,INT028,interview,10,SP044,TEL044,intercept,10,0,-47.51599
SP028,INT028,interview,10,SP045,TEL045,intercept,10,0,-150.915
SP028,INT028,interview,10,SP046,TEL046,intercept,10,0,-100.1626
SP028,INT028,interview,10,SP047,TEL047,intercept,10,0,-130.1702
SP028,INT028,interview,10,SP048,TEL048,intercept,10,0,-19.04896
SP028,INT028,interview,10,SP049,TEL049,intercept,10,0,-144.9077
SP028,INT028,interview,10,SP050,TEL050,intercept,10,0,-65.49761
SP028,INT028,interview,10,SP051,TEL051,intercept,10,0,-134.4328
SP028,INT028,interview,10,SP052,TEL052,intercept,10,0,-85.63979
SP028,INT028,interview,10,SP053,TEL053,intercept,10,0,-124.5585
SP028,INT028,interview,10,SP054,TEL054,intercept,10,0,-74.14958
SP028,INT028,interview,10,SP056,TEL056,intercept,10,0,-111.1828
SP028,INT028,interview,10,SP058,TEL058,intercept,10,0,-125.8879
SP028,INT028,interview,10,SP059,TEL059,intercept,10,0,-76.38583
SP028,INT028,interview,10,SP060,TEL060,intercept,10,0,-75.1702
SP028,INT028,interview,10,SP062,TEL062,intercept,10,0,-102.2126
SP028,INT028,interview,10,SP063,TEL063,intercept,10,0,-133.3965
SP028,INT028,interview,10,SP064,TEL064,intercept,10,0,-107.3203
SP028,INT028,interview,10,SP065,TEL065,intercept,10,0,-51.63516
SP028,INT028,interview,10,SP066,TEL066,intercept,10,0,-112.7111
SP028,INT028,interview,10,SP067,TEL067,intercept,10,0,-75.56187
SP028,INT028,interview,10,SP068,TEL068,intercept,10,0,-107.3781
SP028,INT028,interview,10,SP069,TEL069,intercept,10,0,-73.7037
SP028,INT028,interview,10,SP071,TEL071,intercept,10,0,-108.9453
SP028,INT028,interview,10,SP072,TEL072,intercept,10,0,-78.84853
SP028,INT028,interview,10,SP073,TEL073,intercept,10,0,-105.3562
SP028,INT028,interview,10,SP074,TEL074,intercept,10,0,-54.48415
SP028,INT028,interview,10,SP075,TEL075,intercept,10,0,-131.3342
SP028,INT028,interview,10,SP076,TEL076,intercept,10,0,-133.385
SP028,INT028,interview,10,SP077,TEL077,intercept,10,0,-77.95296
SP028,INT028,interview,10,SP078,TEL078,intercept,10,0,-77.01102
SP028,INT028,interview,10,SP079,TEL079,intercept,10,0,-105.9565
SP028,INT028,interview,10,SP080,TEL080,intercept,10,0,-113.7011
SP028,INT028,interview,10,SP081,TEL081,intercept,10,0,-62.39465
SP028,INT028,interview,10,SP084,TEL084,intercept,10,0,-64.03324
SP028,INT028,interview,10,SP085,TEL085,intercept,10,0,-130.5491
SP028,INT028,interview,10,SP086,TEL086,intercept,10,0,-94.3133
SP028,INT028,interview,10,SP087,TEL087,intercept,10,0,-67.66318
SP028,INT028,interview,10,SP088,TEL088,intercept,10,0,-95.51833
SP028,INT028,interview,10,SP090,TEL090,intercept,10,0,-108.4268
SP028,INT028,interview,10,SP093,TEL093,intercept,10,0,-108.5557
SP028,INT028,interview,10,SP094,TEL094,intercept,10,0,-86.46903
SP028,INT028,interview,10,SP095,TEL095,intercept,10,0,-66.72211
SP028,INT028,interview,10,SP096,TEL096,intercept,10,0,-113.7012
SP028,INT028,interview,10,SP097,TEL097,intercept,10,0,-112.2421
SP028,INT028,interview,10,SP099,TEL099,intercept,10,0,-105.3036
SP028,INT028,interview,10,SP100,TEL100,intercept,10,0,-82.73654
SP028,INT028,interview,10,SP102,TEL102,intercept,10,0,-82.61814
SP028,INT028,interview,10,SP103,TEL103,intercept,10,0,-116.3644
SP028,INT028,interview,10,SP105,TEL105,intercept,10,0,-83.76169
SP028,INT028,interview,10,SP106,TEL106,intercept,10,0,-108.1551
SP028,INT028,interview,10,SP107,TEL107,intercept,10,0,-53.01962
SP028,INT028,interview,10,SP108,TEL108,intercept,10,0,-100.4655
SP028,INT028,interview,10,SP111,TEL111,intercept,10,0,-109.5106
SP028,INT028,interview,10,SP112,TEL112,intercept,10,0,-99.18304
SP028,INT028,interview,10,SP113,TEL113,intercept,10,0,-91.37476
SP028,INT028,interview,10,SP114,TEL114,intercept,10,0,-83.33369
SP028,INT028,interview,10,SP115,TEL115,intercept,10,0,-68.32235
SP028,INT028,interview,10,SP118,TEL118,intercept,10,0,-136.691
SP028,INT028,interview,10,SP120,TEL120,intercept,10,0,-98.92132
SP028,INT028,interview,10,SP121,TEL121,intercept,10,0,-73.19685
SP029,INT029,interview,10,SP001,TEL001,intercept,10,0,-70.4248
SP029,INT029,interview,10,SP002,TEL002,intercept,10,0,-122.8497
SP029,INT029,interview,10,SP003,TEL003,intercept,10,0,-138.5613
SP029,INT029,interview,10,SP004,TEL004,intercept,10,0,-89.60176
SP029,INT029,interview,10,SP008,TEL008,intercept,10,0,-118.3727
SP029,INT029,interview,10,SP010,TEL010,intercept,10,0,-97.54483
SP029,INT029,interview,10,SP011,TEL011,intercept,10,0,-101.1601
SP029,INT029,interview,10,SP012,TEL012,intercept,10,0,-63.85098
SP029,INT029,interview,10,SP013,TEL013,intercept,10,0,-84.40861
SP029,INT029,interview,10,SP015,TEL015,intercept,10,0,-64.99258
SP029,INT029,interview,10,SP016,TEL016,intercept,10,0,-112.1389
SP029,INT029,interview,10,SP017,TEL017,intercept,10,0,-89.7928
SP029,INT029,interview,10,SP018,TEL018,intercept,10,0,-96.93549
SP029,INT029,interview,10,SP019,TEL019,intercept,10,0,-82.0835
SP029,INT029,interview,10,SP020,TEL020,intercept,10,0,-89.86363
SP029,INT029,interview,10,SP021,TEL021,intercept,10,0,-101.7606
SP029,INT029,interview,10,SP022,TEL022,intercept,10,0,-134.4188
SP029,INT029,interview,10,SP023,TEL023,intercept,10,0,-96.10241
SP029,INT029,interview,10,SP024,TEL024,intercept,10,0,-128.0338
SP029,INT029,interview,10,SP025,TEL025,intercept,10,0,-50.20903
SP029,INT029,interview,10,SP026,TEL026,intercept,10,0,-107.9023
SP029,INT029,interview,10,SP027,TEL027,intercept,10,0,-104.4155
SP029,INT029,interview,10,SP028,TEL028,intercept,10,0,-91.83023
SP029,INT029,interview,10,SP029,TEL029,intercept,10,1,-55.15467
SP029,INT029,interview,10,SP030,TEL030,intercept,10,0,-79.01931
SP029,INT029,interview,10,SP031,TEL031,intercept,10,0,-123.2782
SP029,INT029,interview,10,SP032,TEL032,intercept,10,0,-79.83102
SP029,INT029,interview,10,SP033,TEL033,intercept,10,0,-72.56416
SP029,INT029,interview,10,SP034,TEL034,intercept,10,0,-72.86047
SP029,INT029,interview,10,SP035,TEL035,intercept,10,0,-61.29264
SP029,INT029,interview,10,SP036,TEL036,intercept,10,0,-65.83144
SP029,INT029,interview,10,SP037,TEL037,intercept,10,0,-149.423
SP029,INT029,interview,10,SP038,TEL038,intercept,10,0,-132.2446
SP029,INT029,interview,10,SP039,TEL039,intercept,10,0,-104.2507
SP029,INT029,interview,10,SP040,TEL040,intercept,10,0,-84.49054
SP029,INT029,interview,10,SP042,TEL042,intercept,10,0,-99.61191
SP029,INT029,interview,10,SP043,TEL043,intercept,10,0,-90.97576
SP029,INT029,interview,10,SP044,TEL044,intercept,10,0,-100.4273
SP029,INT029,interview,10,SP045,TEL045,intercept,10,0,-137.549
SP029,INT029,interview,10,SP046,TEL046,intercept,10,0,-112.0441
SP029,INT029,interview,10,SP047,TEL047,intercept,10,0,-103.0524
SP029,INT029,interview,10,SP048,TEL048,intercept,10,0,-74.44328
SP029,INT029,interview,10,SP049,TEL049,intercept,10,0,-133.3336
SP029,INT029,interview,10,SP050,TEL050,intercept,10,0,-86.44119
SP029,INT029,interview,10,SP051,TEL051,intercept,10,0,-112.964
SP029,INT029,interview,10,SP052,TEL052,intercept,10,0,-71.86193
SP029,INT029,interview,10,SP053,TEL053,intercept,10,0,-43.15395
SP029,INT029,interview,10,SP054,TEL054,intercept,10,0,-107.4475
SP029,INT029,interview,10,SP056,TEL056,intercept,10,0,-96.55895
SP029,INT029,interview,10,SP058,TEL058,intercept,10,0,-96.06013
SP029,INT029,interview,10,SP059,TEL059,intercept,10,0,-77.41634
SP029,INT029,interview,10,SP060,TEL060,intercept,10,0,-98.14787
SP029,INT029,interview,10,SP062,TEL062,intercept,10,0,-85.572
SP029,INT029,interview,10,SP063,TEL063,intercept,10,0,-92.55392
SP029,INT029,interview,10,SP064,TEL064,intercept,10,0,-57.66378
SP029,INT029,interview,10,SP065,TEL065,intercept,10,0,-96.32416
SP029,INT029,interview,10,SP066,TEL066,intercept,10,0,-155.1246
SP029,INT029,interview,10,SP067,TEL067,intercept,10,0,-94.26875
SP029,INT029,interview,10,SP068,TEL068,intercept,10,0,-79.94833
SP029,INT029,interview,10,SP069,TEL069,intercept,10,0,-72.40327
SP029,INT029,interview,10,SP071,TEL071,intercept,10,0,-90.32513
SP029,INT029,interview,10,SP072,TEL072,intercept,10,0,-79.38651
SP029,INT029,interview,10,SP073,TEL073,intercept,10,0,-96.61869
SP029,INT029,interview,10,SP074,TEL074,intercept,10,0,-68.25546
SP029,INT029,interview,10,SP075,TEL075,intercept,10,0,-122.376
SP029,INT029,interview,10,SP076,TEL076,intercept,10,0,-128.9937
SP029,INT029,interview,10,SP077,TEL077,intercept,10,0,-92.69522
SP029,INT029,interview,10,SP078,TEL078,intercept,10,0,-109.9785
SP029,INT029,interview,10,SP079,TEL079,intercept,10,0,-114.1923
SP029,INT029,interview,10,SP080,TEL080,intercept,10,0,-106.7511
SP029,INT029,interview,10,SP081,TEL081,intercept,10,0,-98.95141
SP029,INT029,interview,10,SP084,TEL084,intercept,10,0,-56.1119
SP029,INT029,interview,10,SP085,TEL085,intercept,10,0,-101.3775
SP029,INT029,interview,10,SP086,TEL086,intercept,10,0,-136.534
SP029,INT029,interview,10,SP087,TEL087,intercept,10,0,-90.28875
SP029,INT029,interview,10,SP088,TEL088,intercept,10,0,-72.09816
SP029,INT029,interview,10,SP090,TEL090,intercept,10,0,-109.9875
SP029,INT029,interview,10,SP093,TEL093,intercept,10,0,-54.26139
SP029,INT029,interview,10,SP094,TEL094,intercept,10,0,-55.01407
SP029,INT029,interview,10,SP095,TEL095,intercept,10,0,-80.76075
SP029,INT029,interview,10,SP096,TEL096,intercept,10,0,-94.33809
SP029,INT029,interview,10,SP097,TEL097,intercept,10,0,-74.81875
SP029,INT029,interview,10,SP099,TEL099,intercept,10,0,-89.32178
SP029,INT029,interview,10,SP100,TEL100,intercept,10,0,-91.62218
SP029,INT029,interview,10,SP102,TEL102,intercept,10,0,-60.6116
SP029,INT029,interview,10,SP103,TEL103,intercept,10,0,-48.99715
SP029,INT029,interview,10,SP105,TEL105,intercept,10,0,-121.3964
SP029,INT029,interview,10,SP106,TEL106,intercept,10,0,-134.9799
SP029,INT029,interview,10,SP107,TEL107,intercept,10,0,-79.74116
SP029,INT029,interview,10,SP108,TEL108,intercept,10,0,-80.9816
SP029,INT029,interview,10,SP111,TEL111,intercept,10,0,-110.5417
SP029,INT029,interview,10,SP112,TEL112,intercept,10,0,-88.19996
SP029,INT029,interview,10,SP113,TEL113,intercept,10,0,-83.66986
SP029,INT029,interview,10,SP114,TEL114,intercept,10,0,-87.53445
SP029,INT029,interview,10,SP115,TEL115,intercept,10,0,-81.14531
SP029,INT029,interview,10,SP118,TEL118,intercept,10,0,-103.4844
SP029,INT029,interview,10,SP120,TEL120,intercept,10,0,-84.62357
SP029,INT029,interview,10,SP121,TEL121,intercept,10,0,-97.40598
SP030,INT030,interview,10,SP001,TEL001,intercept,10,0,-69.90789
SP030,INT030,interview,10,SP002,TEL002,intercept,10,0,-83.97662
SP030,INT030,interview,10,SP003,TEL003,intercept,10,0,-120.9651
SP030,INT030,interview,10,SP004,TEL004,intercept,10,0,-109.7899
SP030,INT030,interview,10,SP008,TEL008,intercept,10,0,-94.2002
SP030,INT030,interview,10,SP010,TEL010,intercept,10,0,-91.75919
SP030,INT030,interview,10,SP011,TEL011,intercept,10,0,-89.44057
SP030,INT030,interview,10,SP012,TEL012,intercept,10,0,-86.00388
SP030,INT030,interview,10,SP013,TEL013,intercept,10,0,-68.88061
SP030,INT030,interview,10,SP015,TEL015,intercept,10,0,-45.95457
SP030,INT030,interview,10,SP016,TEL016,intercept,10,0,-70.84839
SP030,INT030,interview,10,SP017,TEL017,intercept,10,0,-69.43497
SP030,INT030,interview,10,SP018,TEL018,intercept,10,0,-142.1536
SP030,INT030,interview,10,SP019,TEL019,intercept,10,0,-76.92974
SP030,INT030,interview,10,SP020,TEL020,intercept,10,0,-107.4038
SP030,INT030,interview,10,SP021,TEL021,intercept,10,0,-117.4925
SP030,INT030,interview,10,SP022,TEL022,intercept,10,0,-100.9808
SP030,INT030,interview,10,SP023,TEL023,intercept,10,0,-114.2828
SP030,INT030,interview,10,SP024,TEL024,intercept,10,0,-117.4377
SP030,INT030,interview,10,SP025,TEL025,intercept,10,0,-35.6475
SP030,INT030,interview,10,SP026,TEL026,intercept,10,0,-81.22443
SP030,INT030,interview,10,SP027,TEL027,intercept,10,0,-117.0598
SP030,INT030,interview,10,SP028,TEL028,intercept,10,0,-52.66886
SP030,INT030,interview,10,SP029,TEL029,intercept,10,0,-92.17046
SP030,INT030,interview,10,SP030,TEL030,intercept,10,1,-13.49618
SP030,INT030,interview,10,SP031,TEL031,intercept,10,0,-54.86437
SP030,INT030,interview,10,SP032,TEL032,intercept,10,0,-131.5859
SP030,INT030,interview,10,SP033,TEL033,intercept,10,0,-137.053
SP030,INT030,interview,10,SP034,TEL034,intercept,10,0,-115.7727
SP030,INT030,interview,10,SP035,TEL035,intercept,10,0,-39.83407
SP030,INT030,interview,10,SP036,TEL036,intercept,10,0,-80.4808
SP030,INT030,interview,10,SP037,TEL037,intercept,10,0,-130.2089
SP030,INT030,interview,10,SP038,TEL038,intercept,10,0,-138.257
SP030,INT030,interview,10,SP039,TEL039,intercept,10,0,-85.37704
SP030,INT030,interview,10,SP040,TEL040,intercept,10,0,-83.49693
SP030,INT030,interview,10,SP042,TEL042,intercept,10,0,-45.25649
SP030,INT030,interview,10,SP043,TEL043,intercept,10,0,-89.23153
SP030,INT030,interview,10,SP044,TEL044,intercept,10,0,-73.39396
SP030,INT030,interview,10,SP045,TEL045,intercept,10,0,-81.84319
SP030,INT030,interview,10,SP046,TEL046,intercept,10,0,-46.54905
SP030,INT030,interview,10,SP047,TEL047,intercept,10,0,-76.01311
SP030,INT030,interview,10,SP048,TEL048,intercept,10,0,-65.85887
SP030,INT030,interview,10,SP049,TEL049,intercept,10,0,-126.2441
SP030,INT030,interview,10,SP050,TEL050,intercept,10,0,-91.31745
SP030,INT030,interview,10,SP051,TEL051,intercept,10,0,-82.01574
SP030,INT030,interview,10,SP052,TEL052,intercept,10,0,-76.21449
SP030,INT030,interview,10,SP053,TEL053,intercept,10,0,-85.29502
SP030,INT030,interview,10,SP054,TEL054,intercept,10,0,-86.74657
SP030,INT030,interview,10,SP056,TEL056,intercept,10,0,-88.55493
SP030,INT030,interview,10,SP058,TEL058,intercept,10,0,-85.57586
SP030,INT030,interview,10,SP059,TEL059,intercept,10,0,-113.1382
SP030,INT030,interview,10,SP060,TEL060,intercept,10,0,-81.3273
SP030,INT030,interview,10,SP062,TEL062,intercept,10,0,-67.21235
SP030,INT030,interview,10,SP063,TEL063,intercept,10,0,-109.1462
SP030,INT030,interview,10,SP064,TEL064,intercept,10,0,-119.656
SP030,INT030,interview,10,SP065,TEL065,intercept,10,0,-91.05414
SP030,INT030,interview,10,SP066,TEL066,intercept,10,0,-64.89348
SP030,INT030,interview,10,SP067,TEL067,intercept,10,0,-96.99271
SP030,INT030,interview,10,SP068,TEL068,intercept,10,0,-65.54446
SP030,INT030,interview,10,SP069,TEL069,intercept,10,0,-65.03395
SP030,INT030,interview,10,SP071,TEL071,intercept,10,0,-80.23235
SP030,INT030,interview,10,SP072,TEL072,intercept,10,0,-35.10286
SP030,INT030,interview,10,SP073,TEL073,intercept,10,0,-113.358
SP030,INT030,interview,10,SP074,TEL074,intercept,10,0,-81.59483
SP030,INT030,interview,10,SP075,TEL075,intercept,10,0,-127.639
SP030,INT030,interview,10,SP076,TEL076,intercept,10,0,-119.759
SP030,INT030,interview,10,SP077,TEL077,intercept,10,0,-51.56351
SP030,INT030,interview,10,SP078,TEL078,intercept,10,0,-111.5964
SP030,INT030,interview,10,SP079,TEL079,intercept,10,0,-97.80636
SP030,INT030,interview,10,SP080,TEL080,intercept,10,0,-73.50732
SP030,INT030,interview,10,SP081,TEL081,intercept,10,0,-80.6451
SP030,INT030,interview,10,SP084,TEL084,intercept,10,0,-46.25077
SP030,INT030,interview,10,SP085,TEL085,intercept,10,0,-124.9004
SP030,INT030,interview,10,SP086,TEL086,intercept,10,0,-121.7174
SP030,INT030,interview,10,SP087,TEL087,intercept,10,0,-42.6161
SP030,INT030,interview,10,SP088,TEL088,intercept,10,0,-68.13736
SP030,INT030,interview,10,SP090,TEL090,intercept,10,0,-73.6758
SP030,INT030,interview,10,SP093,TEL093,intercept,10,0,-72.68439
SP030,INT030,interview,10,SP094,TEL094,intercept,10,0,-74.73148
SP030,INT030,interview,10,SP095,TEL095,intercept,10,0,-67.93456
SP030,INT030,interview,10,SP096,TEL096,intercept,10,0,-105.3211
SP030,INT030,interview,10,SP097,TEL097,intercept,10,0,-85.51351
SP030,INT030,interview,10,SP099,TEL099,intercept,10,0,-87.37277
SP030,INT030,interview,10,SP100,TEL100,intercept,10,0,-83.03188
SP030,INT030,interview,10,SP102,TEL102,intercept,10,0,-83.08863
SP030,INT030,interview,10,SP103,TEL103,intercept,10,0,-79.54574
SP030,INT030,interview,10,SP105,TEL105,intercept,10,0,-61.62508
SP030,INT030,interview,10,SP106,TEL106,intercept,10,0,-67.52998
SP030,INT030,interview,10,SP107,TEL107,intercept,10,0,-40.15289
SP030,INT030,interview,10,SP108,TEL108,intercept,10,0,-77.30233
SP030,INT030,interview,10,SP111,TEL111,intercept,10,0,-54.60311
SP030,INT030,interview,10,SP112,TEL112,intercept,10,0,-57.9808
SP030,INT030,interview,10,SP113,TEL113,intercept,10,0,-97.81087
SP030,INT030,interview,10,SP114,TEL114,intercept,10,0,-76.27451
SP030,INT030,interview,10,SP115,TEL115,intercept,10,0,-71.77593
SP030,INT030,interview,10,SP118,TEL118,intercept,10,0,-123.2551
SP030,INT030,interview,10,SP120,TEL120,intercept,10,0,-116.949
SP030,INT030,interview,10,SP121,TEL121,intercept,10,0,-114.0236
SP031,INT031,interview,10,SP001,TEL001,intercept,10,0,-104.7882
SP031,INT031,interview,10,SP002,TEL002,intercept,10,0,-116.7016
SP031,INT031,interview,10,SP003,TEL003,intercept,10,0,-108.9061
SP031,INT031,interview,10,SP004,TEL004,intercept,10,0,-157.119
SP031,INT031,interview,10,SP008,TEL008,intercept,10,0,-103.3814
SP031,INT031,interview,10,SP010,TEL010,intercept,10,0,-76.90254
SP031,INT031,interview,10,SP011,TEL011,intercept,10,0,-81.39174
SP031,INT031,interview,10,SP012,TEL012,intercept,10,0,-110.8963
SP031,INT031,interview,10,SP013,TEL013,intercept,10,0,-112.2441
SP031,INT031,interview,10,SP015,TEL015,intercept,10,0,-56.09435
SP031,INT031,interview,10,SP016,TEL016,intercept,10,0,-78.02013
SP031,INT031,interview,10,SP017,TEL017,intercept,10,0,-82.04047
SP031,INT031,interview,10,SP018,TEL018,intercept,10,0,-152.9939
SP031,INT031,interview,10,SP019,TEL019,intercept,10,0,-118.5806
SP031,INT031,interview,10,SP020,TEL020,intercept,10,0,-146.7858
SP031,INT031,interview,10,SP021,TEL021,intercept,10,0,-99.2962
SP031,INT031,interview,10,SP022,TEL022,intercept,10,0,-78.73878
SP031,INT031,interview,10,SP023,TEL023,intercept,10,0,-104.2434
SP031,INT031,interview,10,SP024,TEL024,intercept,10,0,-112.6473
SP031,INT031,interview,10,SP025,TEL025,intercept,10,0,-68.89527
SP031,INT031,interview,10,SP026,TEL026,intercept,10,0,-90.35233
SP031,INT031,interview,10,SP027,TEL027,intercept,10,0,-161.4297
SP031,INT031,interview,10,SP028,TEL028,intercept,10,0,-108.4271
SP031,INT031,interview,10,SP029,TEL029,intercept,10,0,-92.40532
SP031,INT031,interview,10,SP030,TEL030,intercept,10,0,-89.64165
SP031,INT031,interview,10,SP031,TEL031,intercept,10,1,-19.14987
SP031,INT031,interview,10,SP032,TEL032,intercept,10,0,-135.4224
SP031,INT031,interview,10,SP033,TEL033,intercept,10,0,-82.29274
SP031,INT031,interview,10,SP034,TEL034,intercept,10,0,-119.5787
SP031,INT031,interview,10,SP035,TEL035,intercept,10,0,-89.07539
SP031,INT031,interview,10,SP036,TEL036,intercept,10,0,-96.88831
SP031,INT031,interview,10,SP037,TEL037,intercept,10,0,-114.212
SP031,INT031,interview,10,SP038,TEL038,intercept,10,0,-122.6961
SP031,INT031,interview,10,SP039,TEL039,intercept,10,0,-118.9117
SP031,INT031,interview,10,SP040,TEL040,intercept,10,0,-126.0395
SP031,INT031,interview,10,SP042,TEL042,intercept,10,0,-117.5888
SP031,INT031,interview,10,SP043,TEL043,intercept,10,0,-90.70869
SP031,INT031,interview,10,SP044,TEL044,intercept,10,0,-109.6315
SP031,INT031,interview,10,SP045,TEL045,intercept,10,0,-93.80439
SP031,INT031,interview,10,SP046,TEL046,intercept,10,0,-76.80518
SP031,INT031,interview,10,SP047,TEL047,intercept,10,0,-107.1662
SP031,INT031,interview,10,SP048,TEL048,intercept,10,0,-132.8893
SP031,INT031,interview,10,SP049,TEL049,intercept,10,0,-92.78452
SP031,INT031,interview,10,SP050,TEL050,intercept,10,0,-124.9455
SP031,INT031,interview,10,SP051,TEL051,intercept,10,0,-83.22517
SP031,INT031,interview,10,SP052,TEL052,intercept,10,0,-124.4617
SP031,INT031,interview,10,SP053,TEL053,intercept,10,0,-70.36604
SP031,INT031,interview,10,SP054,TEL054,intercept,10,0,-123.5648
SP031,INT031,interview,10,SP056,TEL056,intercept,10,0,-105.5203
SP031,INT031,interview,10,SP058,TEL058,intercept,10,0,-110.9311
SP031,INT031,interview,10,SP059,TEL059,intercept,10,0,-114.0801
SP031,INT031,interview,10,SP060,TEL060,intercept,10,0,-92.1281
SP031,INT031,interview,10,SP062,TEL062,intercept,10,0,-75.91486
SP031,INT031,interview,10,SP063,TEL063,intercept,10,0,-72.67719
SP031,INT031,interview,10,SP064,TEL064,intercept,10,0,-124.1948
SP031,INT031,interview,10,SP065,TEL065,intercept,10,0,-130.2436
SP031,INT031,interview,10,SP066,TEL066,intercept,10,0,-32.18853
SP031,INT031,interview,10,SP067,TEL067,intercept,10,0,-127.3493
SP031,INT031,interview,10,SP068,TEL068,intercept,10,0,-112.7583
SP031,INT031,interview,10,SP069,TEL069,intercept,10,0,-137.1352
SP031,INT031,interview,10,SP071,TEL071,intercept,10,0,-76.5772
SP031,INT031,interview,10,SP072,TEL072,intercept,10,0,-122.8987
SP031,INT031,interview,10,SP073,TEL073,intercept,10,0,-144.3552
SP031,INT031,interview,10,SP074,TEL074,intercept,10,0,-105.2071
SP031,INT031,interview,10,SP075,TEL075,intercept,10,0,-130.8544
SP031,INT031,interview,10,SP076,TEL076,intercept,10,0,-110.2276
SP031,INT031,interview,10,SP077,TEL077,intercept,10,0,-131.5496
SP031,INT031,interview,10,SP078,TEL078,intercept,10,0,-142.2526
SP031,INT031,interview,10,SP079,TEL079,intercept,10,0,-57.10316
SP031,INT031,interview,10,SP080,TEL080,intercept,10,0,-115.8725
SP031,INT031,interview,10,SP081,TEL081,intercept,10,0,-138.6556
SP031,INT031,interview,10,SP084,TEL084,intercept,10,0,-62.66031
SP031,INT031,interview,10,SP085,TEL085,intercept,10,0,-95.51589
SP031,INT031,interview,10,SP086,TEL086,intercept,10,0,-114.1003
SP031,INT031,interview,10,SP087,TEL087,intercept,10,0,-71.35003
SP031,INT031,interview,10,SP088,TEL088,intercept,10,0,-85.38368
SP031,INT031,interview,10,SP090,TEL090,intercept,10,0,-55.05274
SP031,INT031,interview,10,SP093,TEL093,intercept,10,0,-116.8509
SP031,INT031,interview,10,SP094,TEL094,intercept,10,0,-128.7188
SP031,INT031,interview,10,SP095,TEL095,intercept,10,0,-63.73626
SP031,INT031,interview,10,SP096,TEL096,intercept,10,0,-130.0823
SP031,INT031,interview,10,SP097,TEL097,intercept,10,0,-46.07743
SP031,INT031,interview,10,SP099,TEL099,intercept,10,0,-103.3159
SP031,INT031,interview,10,SP100,TEL100,intercept,10,0,-87.24427
SP031,INT031,interview,10,SP102,TEL102,intercept,10,0,-84.54449
SP031,INT031,interview,10,SP103,TEL103,intercept,10,0,-109.2095
SP031,INT031,interview,10,SP105,TEL105,intercept,10,0,-116.4646
SP031,INT031,interview,10,SP106,TEL106,intercept,10,0,-72.49763
SP031,INT031,interview,10,SP107,TEL107,intercept,10,0,-101.2682
SP031,INT031,interview,10,SP108,TEL108,intercept,10,0,-60.87268
SP031,INT031,interview,10,SP111,TEL111,intercept,10,0,-93.65685
SP031,INT031,interview,10,SP112,TEL112,intercept,10,0,-72.93845
SP031,INT031,interview,10,SP113,TEL113,intercept,10,0,-126.5946
SP031,INT031,interview,10,SP114,TEL114,intercept,10,0,-99.05197
SP031,INT031,interview,10,SP115,TEL115,intercept,10,0,-122.37
SP031,INT031,interview,10,SP118,TEL118,intercept,10,0,-131.1899
SP031,INT031,interview,10,SP120,TEL120,intercept,10,0,-115.525
SP031,INT031,interview,10,SP121,TEL121,intercept,10,0,-92.76798
SP032,INT032,interview,10,SP001,TEL001,intercept,10,0,-53.9879
SP032,INT032,interview,10,SP002,TEL002,intercept,10,0,-147.2708
SP032,INT032,interview,10,SP003,TEL003,intercept,10,0,-91.50048
SP032,INT032,interview,10,SP004,TEL004,intercept,10,0,-33.447
SP032,INT032,interview,10,SP008,TEL008,intercept,10,0,-91.99024
SP032,INT032,interview,10,SP010,TEL010,intercept,10,0,-90.18272
SP032,INT032,interview,10,SP011,TEL011,intercept,10,0,-99.72163
SP032,INT032,interview,10,SP012,TEL012,intercept,10,0,-114.9586
SP032,INT032,interview,10,SP013,TEL013,intercept,10,0,-104.361
SP032,INT032,interview,10,SP015,TEL015,intercept,10,0,-92.33217
SP032,INT032,interview,10,SP016,TEL016,intercept,10,0,-113.897
SP032,INT032,interview,10,SP017,TEL017,intercept,10,0,-87.70635
SP032,INT032,interview,10,SP018,TEL018,intercept,10,0,-87.92426
SP032,INT032,interview,10,SP019,TEL019,intercept,10,0,-143.6274
SP032,INT032,interview,10,SP020,TEL020,intercept,10,0,-143.664
SP032,INT032,interview,10,SP021,TEL021,intercept,10,0,-111.8907
SP032,INT032,interview,10,SP022,TEL022,intercept,10,0,-144.301
SP032,INT032,interview,10,SP023,TEL023,intercept,10,0,-95.65631
SP032,INT032,interview,10,SP024,TEL024,intercept,10,0,-125.9735
SP032,INT032,interview,10,SP025,TEL025,intercept,10,0,-63.92229
SP032,INT032,interview,10,SP026,TEL026,intercept,10,0,-64.50502
SP032,INT032,interview,10,SP027,TEL027,intercept,10,0,-79.61509
SP032,INT032,interview,10,SP028,TEL028,intercept,10,0,-109.044
SP032,INT032,interview,10,SP029,TEL029,intercept,10,0,-118.6948
SP032,INT032,interview,10,SP030,TEL030,intercept,10,0,-134.8789
SP032,INT032,interview,10,SP031,TEL031,intercept,10,0,-115.7314
SP032,INT032,interview,10,SP032,TEL032,intercept,10,1,-30.71387
SP032,INT032,interview,10,SP033,TEL033,intercept,10,0,-79.40102
SP032,INT032,interview,10,SP034,TEL034,intercept,10,0,-61.02782
SP032,INT032,interview,10,SP035,TEL035,intercept,10,0,-98.87965
SP032,INT032,interview,10,SP036,TEL036,intercept,10,0,-74.83826
SP032,INT032,interview,10,SP037,TEL037,intercept,10,0,-113.3638
SP032,INT032,interview,10,SP038,TEL038,intercept,10,0,-152.3805
SP032,INT032,interview,10,SP039,TEL039,intercept,10,0,-116.9072
SP032,INT032,interview,10,SP040,TEL040,intercept,10,0,-87.45412
SP032,INT032,interview,10,SP042,TEL042,intercept,10,0,-63.18895
SP032,INT032,interview,10,SP043,TEL043,intercept,10,0,-54.03825
SP032,INT032,interview,10,SP044,TEL044,intercept,10,0,-107.2431
SP032,INT032,interview,10,SP045,TEL045,intercept,10,0,-137.681
SP032,INT032,interview,10,SP046,TEL046,intercept,10,0,-103.9341
SP032,INT032,interview,10,SP047,TEL047,intercept,10,0,-122.2501
SP032,INT032,interview,10,SP048,TEL048,intercept,10,0,-89.19756
SP032,INT032,interview,10,SP049,TEL049,intercept,10,0,-138.3207
SP032,INT032,interview,10,SP050,TEL050,intercept,10,0,-39.76132
SP032,INT032,interview,10,SP051,TEL051,intercept,10,0,-160.779
SP032,INT032,interview,10,SP052,TEL052,intercept,10,0,-100.7066
SP032,INT032,interview,10,SP053,TEL053,intercept,10,0,-48.84751
SP032,INT032,interview,10,SP054,TEL054,intercept,10,0,-87.68035
SP032,INT032,interview,10,SP056,TEL056,intercept,10,0,-122.7665
SP032,INT032,interview,10,SP058,TEL058,intercept,10,0,-99.17336
SP032,INT032,interview,10,SP059,TEL059,intercept,10,0,-117.5708
SP032,INT032,interview,10,SP060,TEL060,intercept,10,0,-87.77741
SP032,INT032,interview,10,SP062,TEL062,intercept,10,0,-69.08082
SP032,INT032,interview,10,SP063,TEL063,intercept,10,0,-106.36
SP032,INT032,interview,10,SP064,TEL064,intercept,10,0,-58.66341
SP032,INT032,interview,10,SP065,TEL065,intercept,10,0,-111.7731
SP032,INT032,interview,10,SP066,TEL066,intercept,10,0,-140.7787
SP032,INT032,interview,10,SP067,TEL067,intercept,10,0,-127.9403
SP032,INT032,interview,10,SP068,TEL068,intercept,10,0,-122.6123
SP032,INT032,interview,10,SP069,TEL069,intercept,10,0,-104.744
SP032,INT032,interview,10,SP071,TEL071,intercept,10,0,-149.4865
SP032,INT032,interview,10,SP072,TEL072,intercept,10,0,-99.94579
SP032,INT032,interview,10,SP073,TEL073,intercept,10,0,-72.10381
SP032,INT032,interview,10,SP074,TEL074,intercept,10,0,-21.49326
SP032,INT032,interview,10,SP075,TEL075,intercept,10,0,-129.4304
SP032,INT032,interview,10,SP076,TEL076,intercept,10,0,-133.8571
SP032,INT032,interview,10,SP077,TEL077,intercept,10,0,-70.5355
SP032,INT032,interview,10,SP078,TEL078,intercept,10,0,-107.1025
SP032,INT032,interview,10,SP079,TEL079,intercept,10,0,-114.9008
SP032,INT032,interview,10,SP080,TEL080,intercept,10,0,-114.8417
SP032,INT032,interview,10,SP081,TEL081,intercept,10,0,-104.7629
SP032,INT032,interview,10,SP084,TEL084,intercept,10,0,-51.20271
SP032,INT032,interview,10,SP085,TEL085,intercept,10,0,-140.2471
SP032,INT032,interview,10,SP086,TEL086,intercept,10,0,-112.1353
SP032,INT032,interview,10,SP087,TEL087,intercept,10,0,-80.52255
SP032,INT032,interview,10,SP088,TEL088,intercept,10,0,-34.68783
SP032,INT032,interview,10,SP090,TEL090,intercept,10,0,-96.30647
SP032,INT032,interview,10,SP093,TEL093,intercept,10,0,-53.05859
SP032,INT032,interview,10,SP094,TEL094,intercept,10,0,-45.7197
SP032,INT032,interview,10,SP095,TEL095,intercept,10,0,-43.46606
SP032,INT032,interview,10,SP096,TEL096,intercept,10,0,-132.4254
SP032,INT032,interview,10,SP097,TEL097,intercept,10,0,-105.4131
SP032,INT032,interview,10,SP099,TEL099,intercept,10,0,-140.5989
SP032,INT032,interview,10,SP100,TEL100,intercept,10,0,-82.48804
SP032,INT032,interview,10,SP102,TEL102,intercept,10,0,-61.92336
SP032,INT032,interview,10,SP103,TEL103,intercept,10,0,-105.8477
SP032,INT032,interview,10,SP105,TEL105,intercept,10,0,-88.2167
SP032,INT032,interview,10,SP106,TEL106,intercept,10,0,-134.7328
SP032,INT032,interview,10,SP107,TEL107,intercept,10,0,-70.54287
SP032,INT032,interview,10,SP108,TEL108,intercept,10,0,-116.9171
SP032,INT032,interview,10,SP111,TEL111,intercept,10,0,-81.286
SP032,INT032,interview,10,SP112,TEL112,intercept,10,0,-65.26705
SP032,INT032,interview,10,SP113,TEL113,intercept,10,0,-104.5452
SP032,INT032,interview,10,SP114,TEL114,intercept,10,0,-68.01139
SP032,INT032,interview,10,SP115,TEL115,intercept,10,0,-64.27135
SP032,INT032,interview,10,SP118,TEL118,intercept,10,0,-113.3577
SP032,INT032,interview,10,SP120,TEL120,intercept,10,0,-84.85616
SP032,INT032,interview,10,SP121,TEL121,intercept,10,0,-85.64871
SP033,INT033,interview,10,SP001,TEL001,intercept,10,0,-130.3285
SP033,INT033,interview,10,SP002,TEL002,intercept,10,0,-104.9728
SP033,INT033,interview,10,SP003,TEL003,intercept,10,0,-150.0478
SP033,INT033,interview,10,SP004,TEL004,intercept,10,0,-138.9297
SP033,INT033,interview,10,SP008,TEL008,intercept,10,0,-130.8359
SP033,INT033,interview,10,SP010,TEL010,intercept,10,0,-129.8537
SP033,INT033,interview,10,SP011,TEL011,intercept,10,0,-145.6341
SP033,INT033,interview,10,SP012,TEL012,intercept,10,0,-112.2317
SP033,INT033,interview,10,SP013,TEL013,intercept,10,0,-159.5962
SP033,INT033,interview,10,SP015,TEL015,intercept,10,0,-117.7767
SP033,INT033,interview,10,SP016,TEL016,intercept,10,0,-106.3577
SP033,INT033,interview,10,SP017,TEL017,intercept,10,0,-140.4944
SP033,INT033,interview,10,SP018,TEL018,intercept,10,0,-147.4565
SP033,INT033,interview,10,SP019,TEL019,intercept,10,0,-117.1274
SP033,INT033,interview,10,SP020,TEL020,intercept,10,0,-132.2659
SP033,INT033,interview,10,SP021,TEL021,intercept,10,0,-128.0236
SP033,INT033,interview,10,SP022,TEL022,intercept,10,0,-144.7012
SP033,INT033,interview,10,SP023,TEL023,intercept,10,0,-134.6411
SP033,INT033,interview,10,SP024,TEL024,intercept,10,0,-158.8289
SP033,INT033,interview,10,SP025,TEL025,intercept,10,0,-112.221
SP033,INT033,interview,10,SP026,TEL026,intercept,10,0,-123.0312
SP033,INT033,interview,10,SP027,TEL027,intercept,10,0,-191.1026
SP033,INT033,interview,10,SP028,TEL028,intercept,10,0,-115.7121
SP033,INT033,interview,10,SP029,TEL029,intercept,10,0,-147.8713
SP033,INT033,interview,10,SP030,TEL030,intercept,10,0,-104.7986
SP033,INT033,interview,10,SP031,TEL031,intercept,10,0,-117.4138
SP033,INT033,interview,10,SP032,TEL032,intercept,10,0,-127.0621
SP033,INT033,interview,10,SP033,TEL033,intercept,10,1,-47.76937
SP033,INT033,interview,10,SP034,TEL034,intercept,10,0,-107.5505
SP033,INT033,interview,10,SP035,TEL035,intercept,10,0,-136.5807
SP033,INT033,interview,10,SP036,TEL036,intercept,10,0,-88.87136
SP033,INT033,interview,10,SP037,TEL037,intercept,10,0,-127.8023
SP033,INT033,interview,10,SP038,TEL038,intercept,10,0,-175.2593
SP033,INT033,interview,10,SP039,TEL039,intercept,10,0,-132.3035
SP033,INT033,interview,10,SP040,TEL040,intercept,10,0,-167.9759
SP033,INT033,interview,10,SP042,TEL042,intercept,10,0,-114.9924
SP033,INT033,interview,10,SP043,TEL043,intercept,10,0,-149.7439
SP033,INT033,interview,10,SP044,TEL044,intercept,10,0,-105.5746
SP033,INT033,interview,10,SP045,TEL045,intercept,10,0,-143.1618
SP033,INT033,interview,10,SP046,TEL046,intercept,10,0,-118.2168
SP033,INT033,interview,10,SP047,TEL047,intercept,10,0,-125.1945
SP033,INT033,interview,10,SP048,TEL048,intercept,10,0,-97.84442
SP033,INT033,interview,10,SP049,TEL049,intercept,10,0,-128.697
SP033,INT033,interview,10,SP050,TEL050,intercept,10,0,-133.8953
SP033,INT033,interview,10,SP051,TEL051,intercept,10,0,-129.6309
SP033,INT033,interview,10,SP052,TEL052,intercept,10,0,-92.8199
SP033,INT033,interview,10,SP053,TEL053,intercept,10,0,-148.0479
SP033,INT033,interview,10,SP054,TEL054,intercept,10,0,-123.5535
SP033,INT033,interview,10,SP056,TEL056,intercept,10,0,-152.3245
SP033,INT033,interview,10,SP058,TEL058,intercept,10,0,-132.239
SP033,INT033,interview,10,SP059,TEL059,intercept,10,0,-116.2314
SP033,INT033,interview,10,SP060,TEL060,intercept,10,0,-72.87184
SP033,INT033,interview,10,SP062,TEL062,intercept,10,0,-101.3374
SP033,INT033,interview,10,SP063,TEL063,intercept,10,0,-128.5304
SP033,INT033,interview,10,SP064,TEL064,intercept,10,0,-113.5681
SP033,INT033,interview,10,SP065,TEL065,intercept,10,0,-120.8802
SP033,INT033,interview,10,SP066,TEL066,intercept,10,0,-128.9293
SP033,INT033,interview,10,SP067,TEL067,intercept,10,0,-109.9651
SP033,INT033,interview,10,SP068,TEL068,intercept,10,0,-115.1003
SP033,INT033,interview,10,SP069,TEL069,intercept,10,0,-91.91579
SP033,INT033,interview,10,SP071,TEL071,intercept,10,0,-86.37422
SP033,INT033,interview,10,SP072,TEL072,intercept,10,0,-132.2231
SP033,INT033,interview,10,SP073,TEL073,intercept,10,0,-136.2805
SP033,INT033,interview,10,SP074,TEL074,intercept,10,0,-141.4905
SP033,INT033,interview,10,SP075,TEL075,intercept,10,0,-122.5862
SP033,INT033,interview,10,SP076,TEL076,intercept,10,0,-155.4991
SP033,INT033,interview,10,SP077,TEL077,intercept,10,0,-170.6249
SP033,INT033,interview,10,SP078,TEL078,intercept,10,0,-130.8541
SP033,INT033,interview,10,SP079,TEL079,intercept,10,0,-100.0764
SP033,INT033,interview,10,SP080,TEL080,intercept,10,0,-132.6887
SP033,INT033,interview,10,SP081,TEL081,intercept,10,0,-120.4244
SP033,INT033,interview,10,SP084,TEL084,intercept,10,0,-57.67024
SP033,INT033,interview,10,SP085,TEL085,intercept,10,0,-95.80737
SP033,INT033,interview,10,SP086,TEL086,intercept,10,0,-172.6607
SP033,INT033,interview,10,SP087,TEL087,intercept,10,0,-114.4045
SP033,INT033,interview,10,SP088,TEL088,intercept,10,0,-149.1863
SP033,INT033,interview,10,SP090,TEL090,intercept,10,0,-108.1517
SP033,INT033,interview,10,SP093,TEL093,intercept,10,0,-132.8408
SP033,INT033,interview,10,SP094,TEL094,intercept,10,0,-71.79543
SP033,INT033,interview,10,SP095,TEL095,intercept,10,0,-119.1515
SP033,INT033,interview,10,SP096,TEL096,intercept,10,0,-135.9453
SP033,INT033,interview,10,SP097,TEL097,intercept,10,0,-84.46195
SP033,INT033,interview,10,SP099,TEL099,intercept,10,0,-118.0821
SP033,INT033,interview,10,SP100,TEL100,intercept,10,0,-127.3056
SP033,INT033,interview,10,SP102,TEL102,intercept,10,0,-93.18446
SP033,INT033,interview,10,SP103,TEL103,intercept,10,0,-137.1248
SP033,INT033,interview,10,SP105,TEL105,intercept,10,0,-143.0454
SP033,INT033,interview,10,SP106,TEL106,intercept,10,0,-147.9453
SP033,INT033,interview,10,SP107,TEL107,intercept,10,0,-113.7306
SP033,INT033,interview,10,SP108,TEL108,intercept,10,0,-129.1831
SP033,INT033,interview,10,SP111,TEL111,intercept,10,0,-103.921
SP033,INT033,interview,10,SP112,TEL112,intercept,10,0,-117.1715
SP033,INT033,interview,10,SP113,TEL113,intercept,10,0,-144.4456
SP033,INT033,interview,10,SP114,TEL114,intercept,10,0,-102.4177
SP033,INT033,interview,10,SP115,TEL115,intercept,10,0,-142.5937
SP033,INT033,interview,10,SP118,TEL118,intercept,10,0,-130.1604
SP033,INT033,interview,10,SP120,TEL120,intercept,10,0,-95.66936
SP033,INT033,interview,10,SP121,TEL121,intercept,10,0,-126.4977
SP034,INT034,interview,10,SP001,TEL001,intercept,10,0,-117.7107
SP034,INT034,interview,10,SP002,TEL002,intercept,10,0,-148.7171
SP034,INT034,interview,10,SP003,TEL003,intercept,10,0,-118.2059
SP034,INT034,interview,10,SP004,TEL004,intercept,10,0,-121.6745
SP034,INT034,interview,10,SP008,TEL008,intercept,10,0,-137.2677
SP034,INT034,interview,10,SP010,TEL010,intercept,10,0,-125.6865
SP034,INT034,interview,10,SP011,TEL011,intercept,10,0,-123.3594
SP034,INT034,interview,10,SP012,TEL012,intercept,10,0,-114.8134
SP034,INT034,interview,10,SP013,TEL013,intercept,10,0,-150.8217
SP034,INT034,interview,10,SP015,TEL015,intercept,10,0,-117.4752
SP034,INT034,interview,10,SP016,TEL016,intercept,10,0,-107.1237
SP034,INT034,interview,10,SP017,TEL017,intercept,10,0,-149.1477
SP034,INT034,interview,10,SP018,TEL018,intercept,10,0,-127.6824
SP034,INT034,interview,10,SP019,TEL019,intercept,10,0,-157.0563
SP034,INT034,interview,10,SP020,TEL020,intercept,10,0,-168.9222
SP034,INT034,interview,10,SP021,TEL021,intercept,10,0,-147.8565
SP034,INT034,interview,10,SP022,TEL022,intercept,10,0,-122.7714
SP034,INT034,interview,10,SP023,TEL023,intercept,10,0,-135.4029
SP034,INT034,interview,10,SP024,TEL024,intercept,10,0,-149.5714
SP034,INT034,interview,10,SP025,TEL025,intercept,10,0,-124.6985
SP034,INT034,interview,10,SP026,TEL026,intercept,10,0,-90.51913
SP034,INT034,interview,10,SP027,TEL027,intercept,10,0,-142.1689
SP034,INT034,interview,10,SP028,TEL028,intercept,10,0,-127.3121
SP034,INT034,interview,10,SP029,TEL029,intercept,10,0,-142.3674
SP034,INT034,interview,10,SP030,TEL030,intercept,10,0,-149.1396
SP034,INT034,interview,10,SP031,TEL031,intercept,10,0,-151.8759
SP034,INT034,interview,10,SP032,TEL032,intercept,10,0,-103.9421
SP034,INT034,interview,10,SP033,TEL033,intercept,10,0,-42.94182
SP034,INT034,interview,10,SP034,TEL034,intercept,10,1,-30.52155
SP034,INT034,interview,10,SP035,TEL035,intercept,10,0,-130.4884
SP034,INT034,interview,10,SP036,TEL036,intercept,10,0,-97.33464
SP034,INT034,interview,10,SP037,TEL037,intercept,10,0,-85.71799
SP034,INT034,interview,10,SP038,TEL038,intercept,10,0,-171.9923
SP034,INT034,interview,10,SP039,TEL039,intercept,10,0,-132.3786
SP034,INT034,interview,10,SP040,TEL040,intercept,10,0,-136.0452
SP034,INT034,interview,10,SP042,TEL042,intercept,10,0,-106.7881
SP034,INT034,interview,10,SP043,TEL043,intercept,10,0,-139.062
SP034,INT034,interview,10,SP044,TEL044,intercept,10,0,-123.4151
SP034,INT034,interview,10,SP045,TEL045,intercept,10,0,-163.9103
SP034,INT034,interview,10,SP046,TEL046,intercept,10,0,-149.0802
SP034,INT034,interview,10,SP047,TEL047,intercept,10,0,-126.6984
SP034,INT034,interview,10,SP048,TEL048,intercept,10,0,-105.8115
SP034,INT034,interview,10,SP049,TEL049,intercept,10,0,-110.1504
SP034,INT034,interview,10,SP050,TEL050,intercept,10,0,-91.91094
SP034,INT034,interview,10,SP051,TEL051,intercept,10,0,-150.0931
SP034,INT034,interview,10,SP052,TEL052,intercept,10,0,-96.03873
SP034,INT034,interview,10,SP053,TEL053,intercept,10,0,-144.6024
SP034,INT034,interview,10,SP054,TEL054,intercept,10,0,-135.0538
SP034,INT034,interview,10,SP056,TEL056,intercept,10,0,-123.746
SP034,INT034,interview,10,SP058,TEL058,intercept,10,0,-115.9899
SP034,INT034,interview,10,SP059,TEL059,intercept,10,0,-104.4375
SP034,INT034,interview,10,SP060,TEL060,intercept,10,0,-77.20734
SP034,INT034,interview,10,SP062,TEL062,intercept,10,0,-97.54242
SP034,INT034,interview,10,SP063,TEL063,intercept,10,0,-118.7596
SP034,INT034,interview,10,SP064,TEL064,intercept,10,0,-113.9486
SP034,INT034,interview,10,SP065,TEL065,intercept,10,0,-132.2681
SP034,INT034,interview,10,SP066,TEL066,intercept,10,0,-156.4786
SP034,INT034,interview,10,SP067,TEL067,intercept,10,0,-114.7701
SP034,INT034,interview,10,SP068,TEL068,intercept,10,0,-163.9998
SP034,INT034,interview,10,SP069,TEL069,intercept,10,0,-78.65169
SP034,INT034,interview,10,SP071,TEL071,intercept,10,0,-135.1133
SP034,INT034,interview,10,SP072,TEL072,intercept,10,0,-130.3975
SP034,INT034,interview,10,SP073,TEL073,intercept,10,0,-140.3078
SP034,INT034,interview,10,SP074,TEL074,intercept,10,0,-103.8535
SP034,INT034,interview,10,SP075,TEL075,intercept,10,0,-103.3965
SP034,INT034,interview,10,SP076,TEL076,intercept,10,0,-186.7884
SP034,INT034,interview,10,SP077,TEL077,intercept,10,0,-138.0808
SP034,INT034,interview,10,SP078,TEL078,intercept,10,0,-128.0405
SP034,INT034,interview,10,SP079,TEL079,intercept,10,0,-104.7327
SP034,INT034,interview,10,SP080,TEL080,intercept,10,0,-117.1617
SP034,INT034,interview,10,SP081,TEL081,intercept,10,0,-129.2264
SP034,INT034,interview,10,SP084,TEL084,intercept,10,0,-58.03494
SP034,INT034,interview,10,SP085,TEL085,intercept,10,0,-122.9505
SP034,INT034,interview,10,SP086,TEL086,intercept,10,0,-168.797
SP034,INT034,interview,10,SP087,TEL087,intercept,10,0,-127.5808
SP034,INT034,interview,10,SP088,TEL088,intercept,10,0,-135.9036
SP034,INT034,interview,10,SP090,TEL090,intercept,10,0,-79.62803
SP034,INT034,interview,10,SP093,TEL093,intercept,10,0,-109.4083
SP034,INT034,interview,10,SP094,TEL094,intercept,10,0,-71.96952
SP034,INT034,interview,10,SP095,TEL095,intercept,10,0,-98.53004
SP034,INT034,interview,10,SP096,TEL096,intercept,10,0,-113.8785
SP034,INT034,interview,10,SP097,TEL097,intercept,10,0,-117.9628
SP034,INT034,interview,10,SP099,TEL099,intercept,10,0,-125.4779
SP034,INT034,interview,10,SP100,TEL100,intercept,10,0,-125.0278
SP034,INT034,interview,10,SP102,TEL102,intercept,10,0,-97.24925
SP034,INT034,interview,10,SP103,TEL103,intercept,10,0,-127.3682
SP034,INT034,interview,10,SP105,TEL105,intercept,10,0,-134.6479
SP034,INT034,interview,10,SP106,TEL106,intercept,10,0,-155.5102
SP034,INT034,interview,10,SP107,TEL107,intercept,10,0,-116.0959
SP034,INT034,interview,10,SP108,TEL108,intercept,10,0,-130.4897
SP034,INT034,interview,10,SP111,TEL111,intercept,10,0,-78.65807
SP034,INT034,interview,10,SP112,TEL112,intercept,10,0,-109.3611
SP034,INT034,interview,10,SP113,TEL113,intercept,10,0,-144.1002
SP034,INT034,interview,10,SP114,TEL114,intercept,10,0,-102.0885
SP034,INT034,interview,10,SP115,TEL115,intercept,10,0,-110.1414
SP034,INT034,interview,10,SP118,TEL118,intercept,10,0,-111.613
SP034,INT034,interview,10,SP120,TEL120,intercept,10,0,-101.7464
SP034,INT034,interview,10,SP121,TEL121,intercept,10,0,-129.3923
SP035,INT035,interview,10,SP001,TEL001,intercept,10,0,-39.17728
SP035,INT035,interview,10,SP002,TEL002,intercept,10,0,-118.4903
SP035,INT035,interview,10,SP003,TEL003,intercept,10,0,-101.5027
SP035,INT035,interview,10,SP004,TEL004,intercept,10,0,-77.47096
SP035,INT035,interview,10,SP008,TEL008,intercept,10,0,-112.5549
SP035,INT035,interview,10,SP010,TEL010,intercept,10,0,-129.2457
SP035,INT035,interview,10,SP011,TEL011,intercept,10,0,-140.9682
SP035,INT035,interview,10,SP012,TEL012,intercept,10,0,-128.7206
SP035,INT035,interview,10,SP013,TEL013,intercept,10,0,-97.74135
SP035,INT035,interview,10,SP015,TEL015,intercept,10,0,-112.2877
SP035,INT035,interview,10,SP016,TEL016,intercept,10,0,-134.6888
SP035,INT035,interview,10,SP017,TEL017,intercept,10,0,-100.0985
SP035,INT035,interview,10,SP018,TEL018,intercept,10,0,-116.2127
SP035,INT035,interview,10,SP019,TEL019,intercept,10,0,-120.4282
SP035,INT035,interview,10,SP020,TEL020,intercept,10,0,-134.4647
SP035,INT035,interview,10,SP021,TEL021,intercept,10,0,-126.7545
SP035,INT035,interview,10,SP022,TEL022,intercept,10,0,-147.0493
SP035,INT035,interview,10,SP023,TEL023,intercept,10,0,-123.1294
SP035,INT035,interview,10,SP024,TEL024,intercept,10,0,-135.3977
SP035,INT035,interview,10,SP025,TEL025,intercept,10,0,-65.45961
SP035,INT035,interview,10,SP026,TEL026,intercept,10,0,-92.58099
SP035,INT035,interview,10,SP027,TEL027,intercept,10,0,-83.7733
SP035,INT035,interview,10,SP028,TEL028,intercept,10,0,-104.4447
SP035,INT035,interview,10,SP029,TEL029,intercept,10,0,-118.5762
SP035,INT035,interview,10,SP030,TEL030,intercept,10,0,-110.6933
SP035,INT035,interview,10,SP031,TEL031,intercept,10,0,-119.2552
SP035,INT035,interview,10,SP032,TEL032,intercept,10,0,-92.53799
SP035,INT035,interview,10,SP033,TEL033,intercept,10,0,-100.3104
SP035,INT035,interview,10,SP034,TEL034,intercept,10,0,-82.82408
SP035,INT035,interview,10,SP035,TEL035,intercept,10,1,-24.18392
SP035,INT035,interview,10,SP036,TEL036,intercept,10,0,-86.20403
SP035,INT035,interview,10,SP037,TEL037,intercept,10,0,-144.4382
SP035,INT035,interview,10,SP038,TEL038,intercept,10,0,-180.9702
SP035,INT035,interview,10,SP039,TEL039,intercept,10,0,-115.2416
SP035,INT035,interview,10,SP040,TEL040,intercept,10,0,-81.16689
SP035,INT035,interview,10,SP042,TEL042,intercept,10,0,-67.14351
SP035,INT035,interview,10,SP043,TEL043,intercept,10,0,-130.5779
SP035,INT035,interview,10,SP044,TEL044,intercept,10,0,-128.4915
SP035,INT035,interview,10,SP045,TEL045,intercept,10,0,-119.8639
SP035,INT035,interview,10,SP046,TEL046,intercept,10,0,-102.0894
SP035,INT035,interview,10,SP047,TEL047,intercept,10,0,-164.4207
SP035,INT035,interview,10,SP048,TEL048,intercept,10,0,-113.4309
SP035,INT035,interview,10,SP049,TEL049,intercept,10,0,-121.5544
SP035,INT035,interview,10,SP050,TEL050,intercept,10,0,-76.42702
SP035,INT035,interview,10,SP051,TEL051,intercept,10,0,-111.2029
SP035,INT035,interview,10,SP052,TEL052,intercept,10,0,-112.1253
SP035,INT035,interview,10,SP053,TEL053,intercept,10,0,-82.05946
SP035,INT035,interview,10,SP054,TEL054,intercept,10,0,-135.6975
SP035,INT035,interview,10,SP056,TEL056,intercept,10,0,-136.0084
SP035,INT035,interview,10,SP058,TEL058,intercept,10,0,-77.93314
SP035,INT035,interview,10,SP059,TEL059,intercept,10,0,-129.0871
SP035,INT035,interview,10,SP060,TEL060,intercept,10,0,-108.8849
SP035,INT035,interview,10,SP062,TEL062,intercept,10,0,-99.27372
SP035,INT035,interview,10,SP063,TEL063,intercept,10,0,-133.4881
SP035,INT035,interview,10,SP064,TEL064,intercept,10,0,-131.3748
SP035,INT035,interview,10,SP065,TEL065,intercept,10,0,-139.3143
SP035,INT035,interview,10,SP066,TEL066,intercept,10,0,-147.9326
SP035,INT035,interview,10,SP067,TEL067,intercept,10,0,-143.6563
SP035,INT035,interview,10,SP068,TEL068,intercept,10,0,-114.7854
SP035,INT035,interview,10,SP069,TEL069,intercept,10,0,-85.66266
SP035,INT035,interview,10,SP071,TEL071,intercept,10,0,-145.1084
SP035,INT035,interview,10,SP072,TEL072,intercept,10,0,-86.45634
SP035,INT035,interview,10,SP073,TEL073,intercept,10,0,-104.9223
SP035,INT035,interview,10,SP074,TEL074,intercept,10,0,-52.87959
SP035,INT035,interview,10,SP075,TEL075,intercept,10,0,-145.8942
SP035,INT035,interview,10,SP076,TEL076,intercept,10,0,-186.5215
SP035,INT035,interview,10,SP077,TEL077,intercept,10,0,-100.0522
SP035,INT035,interview,10,SP078,TEL078,intercept,10,0,-106.5406
SP035,INT035,interview,10,SP079,TEL079,intercept,10,0,-73.56005
SP035,INT035,interview,10,SP080,TEL080,intercept,10,0,-99.19769
SP035,INT035,interview,10,SP081,TEL081,intercept,10,0,-106.7426
SP035,INT035,interview,10,SP084,TEL084,intercept,10,0,-83.88392
SP035,INT035,interview,10,SP085,TEL085,intercept,10,0,-103.4261
SP035,INT035,interview,10,SP086,TEL086,intercept,10,0,-112.9042
SP035,INT035,interview,10,SP087,TEL087,intercept,10,0,-96.19724
SP035,INT035,interview,10,SP088,TEL088,intercept,10,0,-48.03369
SP035,INT035,interview,10,SP090,TEL090,intercept,10,0,-109.361
SP035,INT035,interview,10,SP093,TEL093,intercept,10,0,-80.41081
SP035,INT035,interview,10,SP094,TEL094,intercept,10,0,-59.41127
SP035,INT035,interview,10,SP095,TEL095,intercept,10,0,-64.53077
SP035,INT035,interview,10,SP096,TEL096,intercept,10,0,-164.7285
SP035,INT035,interview,10,SP097,TEL097,intercept,10,0,-113.4042
SP035,INT035,interview,10,SP099,TEL099,intercept,10,0,-155.0237
SP035,INT035,interview,10,SP100,TEL100,intercept,10,0,-131.0387
SP035,INT035,interview,10,SP102,TEL102,intercept,10,0,-72.29311
SP035,INT035,interview,10,SP103,TEL103,intercept,10,0,-86.46414
SP035,INT035,interview,10,SP105,TEL105,intercept,10,0,-131.9023
SP035,INT035,interview,10,SP106,TEL106,intercept,10,0,-163.566
SP035,INT035,interview,10,SP107,TEL107,intercept,10,0,-65.97708
SP035,INT035,interview,10,SP108,TEL108,intercept,10,0,-84.75372
SP035,INT035,interview,10,SP111,TEL111,intercept,10,0,-111.743
SP035,INT035,interview,10,SP112,TEL112,intercept,10,0,-66.06605
SP035,INT035,interview,10,SP113,TEL113,intercept,10,0,-160.4149
SP035,INT035,interview,10,SP114,TEL114,intercept,10,0,-105.1525
SP035,INT035,interview,10,SP115,TEL115,intercept,10,0,-64.98862
SP035,INT035,interview,10,SP118,TEL118,intercept,10,0,-143.3549
SP035,INT035,interview,10,SP120,TEL120,intercept,10,0,-117.7911
SP035,INT035,interview,10,SP121,TEL121,intercept,10,0,-113.8066
SP036,INT036,interview,10,SP001,TEL001,intercept,10,0,-62.7531
SP036,INT036,interview,10,SP002,TEL002,intercept,10,0,-112.6701
SP036,INT036,interview,10,SP003,TEL003,intercept,10,0,-99.49097
SP036,INT036,interview,10,SP004,TEL004,intercept,10,0,-63.8495
SP036,INT036,interview,10,SP008,TEL008,intercept,10,0,-95.38481
SP036,INT036,interview,10,SP010,TEL010,intercept,10,0,-92.5483
SP036,INT036,interview,10,SP011,TEL011,intercept,10,0,-86.60282
SP036,INT036,interview,10,SP012,TEL012,intercept,10,0,-89.09065
SP036,INT036,interview,10,SP013,TEL013,intercept,10,0,-66.34013
SP036,INT036,interview,10,SP015,TEL015,intercept,10,0,-79.53075
SP036,INT036,interview,10,SP016,TEL016,intercept,10,0,-83.91454
SP036,INT036,interview,10,SP017,TEL017,intercept,10,0,-81.95419
SP036,INT036,interview,10,SP018,TEL018,intercept,10,0,-105.0253
SP036,INT036,interview,10,SP019,TEL019,intercept,10,0,-60.37038
SP036,INT036,interview,10,SP020,TEL020,intercept,10,0,-129.0996
SP036,INT036,interview,10,SP021,TEL021,intercept,10,0,-81.60773
SP036,INT036,interview,10,SP022,TEL022,intercept,10,0,-115.522
SP036,INT036,interview,10,SP023,TEL023,intercept,10,0,-84.52731
SP036,INT036,interview,10,SP024,TEL024,intercept,10,0,-114.7139
SP036,INT036,interview,10,SP025,TEL025,intercept,10,0,-67.96328
SP036,INT036,interview,10,SP026,TEL026,intercept,10,0,-98.90711
SP036,INT036,interview,10,SP027,TEL027,intercept,10,0,-100.9202
SP036,INT036,interview,10,SP028,TEL028,intercept,10,0,-74.43633
SP036,INT036,interview,10,SP029,TEL029,intercept,10,0,-120.1755
SP036,INT036,interview,10,SP030,TEL030,intercept,10,0,-78.51995
SP036,INT036,interview,10,SP031,TEL031,intercept,10,0,-105.8814
SP036,INT036,interview,10,SP032,TEL032,intercept,10,0,-72.19791
SP036,INT036,interview,10,SP033,TEL033,intercept,10,0,-66.60326
SP036,INT036,interview,10,SP034,TEL034,intercept,10,0,-85.93697
SP036,INT036,interview,10,SP035,TEL035,intercept,10,0,-58.08997
SP036,INT036,interview,10,SP036,TEL036,intercept,10,1,-33.84632
SP036,INT036,interview,10,SP037,TEL037,intercept,10,0,-112.1948
SP036,INT036,interview,10,SP038,TEL038,intercept,10,0,-130.2318
SP036,INT036,interview,10,SP039,TEL039,intercept,10,0,-71.26895
SP036,INT036,interview,10,SP040,TEL040,intercept,10,0,-59.4333
SP036,INT036,interview,10,SP042,TEL042,intercept,10,0,-62.1586
SP036,INT036,interview,10,SP043,TEL043,intercept,10,0,-92.48281
SP036,INT036,interview,10,SP044,TEL044,intercept,10,0,-49.72167
SP036,INT036,interview,10,SP045,TEL045,intercept,10,0,-112.7402
SP036,INT036,interview,10,SP046,TEL046,intercept,10,0,-79.68146
SP036,INT036,interview,10,SP047,TEL047,intercept,10,0,-94.55984
SP036,INT036,interview,10,SP048,TEL048,intercept,10,0,-53.48685
SP036,INT036,interview,10,SP049,TEL049,intercept,10,0,-126.7467
SP036,INT036,interview,10,SP050,TEL050,intercept,10,0,-58.52505
SP036,INT036,interview,10,SP051,TEL051,intercept,10,0,-128.5438
SP036,INT036,interview,10,SP052,TEL052,intercept,10,0,-78.1606
SP036,INT036,interview,10,SP053,TEL053,intercept,10,0,-69.76561
SP036,INT036,interview,10,SP054,TEL054,intercept,10,0,-83.19203
SP036,INT036,interview,10,SP056,TEL056,intercept,10,0,-125.4436
SP036,INT036,interview,10,SP058,TEL058,intercept,10,0,-88.84063
SP036,INT036,interview,10,SP059,TEL059,intercept,10,0,-85.54868
SP036,INT036,interview,10,SP060,TEL060,intercept,10,0,-76.049
SP036,INT036,interview,10,SP062,TEL062,intercept,10,0,-50.51909
SP036,INT036,interview,10,SP063,TEL063,intercept,10,0,-101.3827
SP036,INT036,interview,10,SP064,TEL064,intercept,10,0,-94.37914
SP036,INT036,interview,10,SP065,TEL065,intercept,10,0,-49.47766
SP036,INT036,interview,10,SP066,TEL066,intercept,10,0,-116.4978
SP036,INT036,interview,10,SP067,TEL067,intercept,10,0,-90.72085
SP036,INT036,interview,10,SP068,TEL068,intercept,10,0,-87.61118
SP036,INT036,interview,10,SP069,TEL069,intercept,10,0,-88.93031
SP036,INT036,interview,10,SP071,TEL071,intercept,10,0,-79.8397
SP036,INT036,interview,10,SP072,TEL072,intercept,10,0,-72.11539
SP036,INT036,interview,10,SP073,TEL073,intercept,10,0,-103.9945
SP036,INT036,interview,10,SP074,TEL074,intercept,10,0,-45.40063
SP036,INT036,interview,10,SP075,TEL075,intercept,10,0,-118.3079
SP036,INT036,interview,10,SP076,TEL076,intercept,10,0,-138.4374
SP036,INT036,interview,10,SP077,TEL077,intercept,10,0,-58.26346
SP036,INT036,interview,10,SP078,TEL078,intercept,10,0,-98.12927
SP036,INT036,interview,10,SP079,TEL079,intercept,10,0,-98.87172
SP036,INT036,interview,10,SP080,TEL080,intercept,10,0,-86.73445
SP036,INT036,interview,10,SP081,TEL081,intercept,10,0,-70.39205
SP036,INT036,interview,10,SP084,TEL084,intercept,10,0,-24.06463
SP036,INT036,interview,10,SP085,TEL085,intercept,10,0,-91.42984
SP036,INT036,interview,10,SP086,TEL086,intercept,10,0,-82.7026
SP036,INT036,interview,10,SP087,TEL087,intercept,10,0,-68.83202
SP036,INT036,interview,10,SP088,TEL088,intercept,10,0,-44.83723
SP036,INT036,interview,10,SP090,TEL090,intercept,10,0,-86.3046
SP036,INT036,interview,10,SP093,TEL093,intercept,10,0,-98.58197
SP036,INT036,interview,10,SP094,TEL094,intercept,10,0,-67.6917
SP036,INT036,interview,10,SP095,TEL095,intercept,10,0,-63.98959
SP036,INT036,interview,10,SP096,TEL096,intercept,10,0,-101.5616
SP036,INT036,interview,10,SP097,TEL097,intercept,10,0,-94.95205
SP036,INT036,interview,10,SP099,TEL099,intercept,10,0,-110.1419
SP036,INT036,interview,10,SP100,TEL100,intercept,10,0,-86.99015
SP036,INT036,interview,10,SP102,TEL102,intercept,10,0,-67.14645
SP036,INT036,interview,10,SP103,TEL103,intercept,10,0,-88.25208
SP036,INT036,interview,10,SP105,TEL105,intercept,10,0,-81.31384
SP036,INT036,interview,10,SP106,TEL106,intercept,10,0,-100.6769
SP036,INT036,interview,10,SP107,TEL107,intercept,10,0,-60.67842
SP036,INT036,interview,10,SP108,TEL108,intercept,10,0,-77.79496
SP036,INT036,interview,10,SP111,TEL111,intercept,10,0,-71.49967
SP036,INT036,interview,10,SP112,TEL112,intercept,10,0,-62.14236
SP036,INT036,interview,10,SP113,TEL113,intercept,10,0,-92.11908
SP036,INT036,interview,10,SP114,TEL114,intercept,10,0,-57.83579
SP036,INT036,interview,10,SP115,TEL115,intercept,10,0,-88.90443
SP036,INT036,interview,10,SP118,TEL118,intercept,10,0,-112.8153
SP036,INT036,interview,10,SP120,TEL120,intercept,10,0,-129.2307
SP036,INT036,interview,10,SP121,TEL121,intercept,10,0,-94.82122
SP037,INT037,interview,10,SP001,TEL001,intercept,10,0,-98.90659
SP037,INT037,interview,10,SP002,TEL002,intercept,10,0,-125.7817
SP037,INT037,interview,10,SP003,TEL003,intercept,10,0,-109.0079
SP037,INT037,interview,10,SP004,TEL004,intercept,10,0,-132.5448
SP037,INT037,interview,10,SP008,TEL008,intercept,10,0,-151.321
SP037,INT037,interview,10,SP010,TEL010,intercept,10,0,-141.7691
SP037,INT037,interview,10,SP011,TEL011,intercept,10,0,-138.0043
SP037,INT037,interview,10,SP012,TEL012,intercept,10,0,-120.7214
SP037,INT037,interview,10,SP013,TEL013,intercept,10,0,-143.0859
SP037,INT037,interview,10,SP015,TEL015,intercept,10,0,-106.1051
SP037,INT037,interview,10,SP016,TEL016,intercept,10,0,-75.76831
SP037,INT037,interview,10,SP017,TEL017,intercept,10,0,-111.762
SP037,INT037,interview,10,SP018,TEL018,intercept,10,0,-144.2655
SP037,INT037,interview,10,SP019,TEL019,intercept,10,0,-132.7436
SP037,INT037,interview,10,SP020,TEL020,intercept,10,0,-160.0104
SP037,INT037,interview,10,SP021,TEL021,intercept,10,0,-140.5054
SP037,INT037,interview,10,SP022,TEL022,intercept,10,0,-69.30486
SP037,INT037,interview,10,SP023,TEL023,intercept,10,0,-111.6176
SP037,INT037,interview,10,SP024,TEL024,intercept,10,0,-134.6454
SP037,INT037,interview,10,SP025,TEL025,intercept,10,0,-115.0724
SP037,INT037,interview,10,SP026,TEL026,intercept,10,0,-100.98
SP037,INT037,interview,10,SP027,TEL027,intercept,10,0,-166.5539
SP037,INT037,interview,10,SP028,TEL028,intercept,10,0,-162.3822
SP037,INT037,interview,10,SP029,TEL029,intercept,10,0,-139.8015
SP037,INT037,interview,10,SP030,TEL030,intercept,10,0,-108.7885
SP037,INT037,interview,10,SP031,TEL031,intercept,10,0,-138.6513
SP037,INT037,interview,10,SP032,TEL032,intercept,10,0,-109.8519
SP037,INT037,interview,10,SP033,TEL033,intercept,10,0,-58.57915
SP037,INT037,interview,10,SP034,TEL034,intercept,10,0,-68.03204
SP037,INT037,interview,10,SP035,TEL035,intercept,10,0,-133.2018
SP037,INT037,interview,10,SP036,TEL036,intercept,10,0,-89.90697
SP037,INT037,interview,10,SP037,TEL037,intercept,10,1,-30.61175
SP037,INT037,interview,10,SP038,TEL038,intercept,10,0,-174.388
SP037,INT037,interview,10,SP039,TEL039,intercept,10,0,-143.1903
SP037,INT037,interview,10,SP040,TEL040,intercept,10,0,-147.3351
SP037,INT037,interview,10,SP042,TEL042,intercept,10,0,-125.5575
SP037,INT037,interview,10,SP043,TEL043,intercept,10,0,-133.2789
SP037,INT037,interview,10,SP044,TEL044,intercept,10,0,-126.4848
SP037,INT037,interview,10,SP045,TEL045,intercept,10,0,-145.5136
SP037,INT037,interview,10,SP046,TEL046,intercept,10,0,-116.9924
SP037,INT037,interview,10,SP047,TEL047,intercept,10,0,-112.4139
SP037,INT037,interview,10,SP048,TEL048,intercept,10,0,-101.1261
SP037,INT037,interview,10,SP049,TEL049,intercept,10,0,-99.75333
SP037,INT037,interview,10,SP050,TEL050,intercept,10,0,-142.6087
SP037,INT037,interview,10,SP051,TEL051,intercept,10,0,-93.06706
SP037,INT037,interview,10,SP052,TEL052,intercept,10,0,-96.43208
SP037,INT037,interview,10,SP053,TEL053,intercept,10,0,-124.7483
SP037,INT037,interview,10,SP054,TEL054,intercept,10,0,-108.1872
SP037,INT037,interview,10,SP056,TEL056,intercept,10,0,-143.8416
SP037,INT037,interview,10,SP058,TEL058,intercept,10,0,-121.0636
SP037,INT037,interview,10,SP059,TEL059,intercept,10,0,-127.2886
SP037,INT037,interview,10,SP060,TEL060,intercept,10,0,-97.43616
SP037,INT037,interview,10,SP062,TEL062,intercept,10,0,-118.901
SP037,INT037,interview,10,SP063,TEL063,intercept,10,0,-106.7303
SP037,INT037,interview,10,SP064,TEL064,intercept,10,0,-103.4218
SP037,INT037,interview,10,SP065,TEL065,intercept,10,0,-148.8518
SP037,INT037,interview,10,SP066,TEL066,intercept,10,0,-140.0865
SP037,INT037,interview,10,SP067,TEL067,intercept,10,0,-121.7443
SP037,INT037,interview,10,SP068,TEL068,intercept,10,0,-157.1174
SP037,INT037,interview,10,SP069,TEL069,intercept,10,0,-107.5071
SP037,INT037,interview,10,SP071,TEL071,intercept,10,0,-113.0847
SP037,INT037,interview,10,SP072,TEL072,intercept,10,0,-141.8286
SP037,INT037,interview,10,SP073,TEL073,intercept,10,0,-155.6055
SP037,INT037,interview,10,SP074,TEL074,intercept,10,0,-138.4325
SP037,INT037,interview,10,SP075,TEL075,intercept,10,0,-128.0472
SP037,INT037,interview,10,SP076,TEL076,intercept,10,0,-167.9897
SP037,INT037,interview,10,SP077,TEL077,intercept,10,0,-125.2859
SP037,INT037,interview,10,SP078,TEL078,intercept,10,0,-149.4365
SP037,INT037,interview,10,SP079,TEL079,intercept,10,0,-132.0533
SP037,INT037,interview,10,SP080,TEL080,intercept,10,0,-84.34368
SP037,INT037,interview,10,SP081,TEL081,intercept,10,0,-153.9053
SP037,INT037,interview,10,SP084,TEL084,intercept,10,0,-87.57451
SP037,INT037,interview,10,SP085,TEL085,intercept,10,0,-124.3762
SP037,INT037,interview,10,SP086,TEL086,intercept,10,0,-137.7571
SP037,INT037,interview,10,SP087,TEL087,intercept,10,0,-111.1897
SP037,INT037,interview,10,SP088,TEL088,intercept,10,0,-129.5818
SP037,INT037,interview,10,SP090,TEL090,intercept,10,0,-116.9799
SP037,INT037,interview,10,SP093,TEL093,intercept,10,0,-137.2479
SP037,INT037,interview,10,SP094,TEL094,intercept,10,0,-84.98408
SP037,INT037,interview,10,SP095,TEL095,intercept,10,0,-147.0299
SP037,INT037,interview,10,SP096,TEL096,intercept,10,0,-101.8747
SP037,INT037,interview,10,SP097,TEL097,intercept,10,0,-119.3779
SP037,INT037,interview,10,SP099,TEL099,intercept,10,0,-143.9274
SP037,INT037,interview,10,SP100,TEL100,intercept,10,0,-140.749
SP037,INT037,interview,10,SP102,TEL102,intercept,10,0,-119.9219
SP037,INT037,interview,10,SP103,TEL103,intercept,10,0,-109.2589
SP037,INT037,interview,10,SP105,TEL105,intercept,10,0,-129.1292
SP037,INT037,interview,10,SP106,TEL106,intercept,10,0,-164.593
SP037,INT037,interview,10,SP107,TEL107,intercept,10,0,-114.1394
SP037,INT037,interview,10,SP108,TEL108,intercept,10,0,-119.8428
SP037,INT037,interview,10,SP111,TEL111,intercept,10,0,-84.40264
SP037,INT037,interview,10,SP112,TEL112,intercept,10,0,-94.31094
SP037,INT037,interview,10,SP113,TEL113,intercept,10,0,-122.7032
SP037,INT037,interview,10,SP114,TEL114,intercept,10,0,-117.6921
SP037,INT037,interview,10,SP115,TEL115,intercept,10,0,-136.1598
SP037,INT037,interview,10,SP118,TEL118,intercept,10,0,-93.52923
SP037,INT037,interview,10,SP120,TEL120,intercept,10,0,-152.7108
SP037,INT037,interview,10,SP121,TEL121,intercept,10,0,-152.079
SP038,INT038,interview,10,SP001,TEL001,intercept,10,0,-142.012
SP038,INT038,interview,10,SP002,TEL002,intercept,10,0,-152.7299
SP038,INT038,interview,10,SP003,TEL003,intercept,10,0,-121.6387
SP038,INT038,interview,10,SP004,TEL004,intercept,10,0,-141.7382
SP038,INT038,interview,10,SP008,TEL008,intercept,10,0,-97.0619
SP038,INT038,interview,10,SP010,TEL010,intercept,10,0,-109.4249
SP038,INT038,interview,10,SP011,TEL011,intercept,10,0,-79.26438
SP038,INT038,interview,10,SP012,TEL012,intercept,10,0,-100.2331
SP038,INT038,interview,10,SP013,TEL013,intercept,10,0,-57.63831
SP038,INT038,interview,10,SP015,TEL015,intercept,10,0,-81.17718
SP038,INT038,interview,10,SP016,TEL016,intercept,10,0,-93.54902
SP038,INT038,interview,10,SP017,TEL017,intercept,10,0,-122.7332
SP038,INT038,interview,10,SP018,TEL018,intercept,10,0,-120.4143
SP038,INT038,interview,10,SP019,TEL019,intercept,10,0,-95.9475
SP038,INT038,interview,10,SP020,TEL020,intercept,10,0,-174.3458
SP038,INT038,interview,10,SP021,TEL021,intercept,10,0,-102.0463
SP038,INT038,interview,10,SP022,TEL022,intercept,10,0,-131.7427
SP038,INT038,interview,10,SP023,TEL023,intercept,10,0,-107.6275
SP038,INT038,interview,10,SP024,TEL024,intercept,10,0,-119.3617
SP038,INT038,interview,10,SP025,TEL025,intercept,10,0,-59.75069
SP038,INT038,interview,10,SP026,TEL026,intercept,10,0,-120.1723
SP038,INT038,interview,10,SP027,TEL027,intercept,10,0,-151.1852
SP038,INT038,interview,10,SP028,TEL028,intercept,10,0,-100.0548
SP038,INT038,interview,10,SP029,TEL029,intercept,10,0,-99.02597
SP038,INT038,interview,10,SP030,TEL030,intercept,10,0,-131.3957
SP038,INT038,interview,10,SP031,TEL031,intercept,10,0,-124.1194
SP038,INT038,interview,10,SP032,TEL032,intercept,10,0,-134.3984
SP038,INT038,interview,10,SP033,TEL033,intercept,10,0,-102.3365
SP038,INT038,interview,10,SP034,TEL034,intercept,10,0,-132.6964
SP038,INT038,interview,10,SP035,TEL035,intercept,10,0,-78.17306
SP038,INT038,interview,10,SP036,TEL036,intercept,10,0,-110.0021
SP038,INT038,interview,10,SP037,TEL037,intercept,10,0,-157.5352
SP038,INT038,interview,10,SP038,TEL038,intercept,10,1,-96.68881
SP038,INT038,interview,10,SP039,TEL039,intercept,10,0,-115.3175
SP038,INT038,interview,10,SP040,TEL040,intercept,10,0,-108.1582
SP038,INT038,interview,10,SP042,TEL042,intercept,10,0,-87.57107
SP038,INT038,interview,10,SP043,TEL043,intercept,10,0,-124.8945
SP038,INT038,interview,10,SP044,TEL044,intercept,10,0,-101.4571
SP038,INT038,interview,10,SP045,TEL045,intercept,10,0,-122.0858
SP038,INT038,interview,10,SP046,TEL046,intercept,10,0,-105.9423
SP038,INT038,interview,10,SP047,TEL047,intercept,10,0,-106.5891
SP038,INT038,interview,10,SP048,TEL048,intercept,10,0,-67.1432
SP038,INT038,interview,10,SP049,TEL049,intercept,10,0,-143.9001
SP038,INT038,interview,10,SP050,TEL050,intercept,10,0,-107.2235
SP038,INT038,interview,10,SP051,TEL051,intercept,10,0,-143.0916
SP038,INT038,interview,10,SP052,TEL052,intercept,10,0,-73.69085
SP038,INT038,interview,10,SP053,TEL053,intercept,10,0,-95.96314
SP038,INT038,interview,10,SP054,TEL054,intercept,10,0,-111.9471
SP038,INT038,interview,10,SP056,TEL056,intercept,10,0,-127.2554
SP038,INT038,interview,10,SP058,TEL058,intercept,10,0,-102.6796
SP038,INT038,interview,10,SP059,TEL059,intercept,10,0,-111.1391
SP038,INT038,interview,10,SP060,TEL060,intercept,10,0,-74.72065
SP038,INT038,interview,10,SP062,TEL062,intercept,10,0,-83.35168
SP038,INT038,interview,10,SP063,TEL063,intercept,10,0,-128.4546
SP038,INT038,interview,10,SP064,TEL064,intercept,10,0,-112.8851
SP038,INT038,interview,10,SP065,TEL065,intercept,10,0,-83.10506
SP038,INT038,interview,10,SP066,TEL066,intercept,10,0,-115.9851
SP038,INT038,interview,10,SP067,TEL067,intercept,10,0,-128.5713
SP038,INT038,interview,10,SP068,TEL068,intercept,10,0,-92.644
SP038,INT038,interview,10,SP069,TEL069,intercept,10,0,-112.4968
SP038,INT038,interview,10,SP071,TEL071,intercept,10,0,-92.33067
SP038,INT038,interview,10,SP072,TEL072,intercept,10,0,-89.8576
SP038,INT038,interview,10,SP073,TEL073,intercept,10,0,-143.6388
SP038,INT038,interview,10,SP074,TEL074,intercept,10,0,-100.2693
SP038,INT038,interview,10,SP075,TEL075,intercept,10,0,-134.4275
SP038,INT038,interview,10,SP076,TEL076,intercept,10,0,-144.4526
SP038,INT038,interview,10,SP077,TEL077,intercept,10,0,-71.94219
SP038,INT038,interview,10,SP078,TEL078,intercept,10,0,-97.6151
SP038,INT038,interview,10,SP079,TEL079,intercept,10,0,-110.753
SP038,INT038,interview,10,SP080,TEL080,intercept,10,0,-93.95081
SP038,INT038,interview,10,SP081,TEL081,intercept,10,0,-93.16717
SP038,INT038,interview,10,SP084,TEL084,intercept,10,0,-43.43716
SP038,INT038,interview,10,SP085,TEL085,intercept,10,0,-110.025
SP038,INT038,interview,10,SP086,TEL086,intercept,10,0,-139.7505
SP038,INT038,interview,10,SP087,TEL087,intercept,10,0,-78.72331
SP038,INT038,interview,10,SP088,TEL088,intercept,10,0,-80.51431
SP038,INT038,interview,10,SP090,TEL090,intercept,10,0,-81.48781
SP038,INT038,interview,10,SP093,TEL093,intercept,10,0,-97.82027
SP038,INT038,interview,10,SP094,TEL094,intercept,10,0,-104.496
SP038,INT038,interview,10,SP095,TEL095,intercept,10,0,-78.85635
SP038,INT038,interview,10,SP096,TEL096,intercept,10,0,-97.83162
SP038,INT038,interview,10,SP097,TEL097,intercept,10,0,-84.90845
SP038,INT038,interview,10,SP099,TEL099,intercept,10,0,-106.6259
SP038,INT038,interview,10,SP100,TEL100,intercept,10,0,-101.1069
SP038,INT038,interview,10,SP102,TEL102,intercept,10,0,-121.4799
SP038,INT038,interview,10,SP103,TEL103,intercept,10,0,-127.7013
SP038,INT038,interview,10,SP105,TEL105,intercept,10,0,-76.82529
SP038,INT038,interview,10,SP106,TEL106,intercept,10,0,-89.14674
SP038,INT038,interview,10,SP107,TEL107,intercept,10,0,-83.6863
SP038,INT038,interview,10,SP108,TEL108,intercept,10,0,-112.6599
SP038,INT038,interview,10,SP111,TEL111,intercept,10,0,-99.51884
SP038,INT038,interview,10,SP112,TEL112,intercept,10,0,-76.62088
SP038,INT038,interview,10,SP113,TEL113,intercept,10,0,-101.7344
SP038,INT038,interview,10,SP114,TEL114,intercept,10,0,-64.79413
SP038,INT038,interview,10,SP115,TEL115,intercept,10,0,-94.61567
SP038,INT038,interview,10,SP118,TEL118,intercept,10,0,-138.7991
SP038,INT038,interview,10,SP120,TEL120,intercept,10,0,-120.2358
SP038,INT038,interview,10,SP121,TEL121,intercept,10,0,-125.2348
SP039,INT039,interview,10,SP001,TEL001,intercept,10,0,-91.2979
SP039,INT039,interview,10,SP002,TEL002,intercept,10,0,-147.4802
SP039,INT039,interview,10,SP003,TEL003,intercept,10,0,-149.1958
SP039,INT039,interview,10,SP004,TEL004,intercept,10,0,-93.3301
SP039,INT039,interview,10,SP008,TEL008,intercept,10,0,-101.4318
SP039,INT039,interview,10,SP010,TEL010,intercept,10,0,-115.9517
SP039,INT039,interview,10,SP011,TEL011,intercept,10,0,-85.02621
SP039,INT039,interview,10,SP012,TEL012,intercept,10,0,-96.36283
SP039,INT039,interview,10,SP013,TEL013,intercept,10,0,-70.34109
SP039,INT039,interview,10,SP015,TEL015,intercept,10,0,-74.84108
SP039,INT039,interview,10,SP016,TEL016,intercept,10,0,-76.67506
SP039,INT039,interview,10,SP017,TEL017,intercept,10,0,-126.6272
SP039,INT039,interview,10,SP018,TEL018,intercept,10,0,-111.7556
SP039,INT039,interview,10,SP019,TEL019,intercept,10,0,-67.23441
SP039,INT039,interview,10,SP020,TEL020,intercept,10,0,-136.9944
SP039,INT039,interview,10,SP021,TEL021,intercept,10,0,-102.011
SP039,INT039,interview,10,SP022,TEL022,intercept,10,0,-132.8863
SP039,INT039,interview,10,SP023,TEL023,intercept,10,0,-127.9638
SP039,INT039,interview,10,SP024,TEL024,intercept,10,0,-137.6737
SP039,INT039,interview,10,SP025,TEL025,intercept,10,0,-90.44889
SP039,INT039,interview,10,SP026,TEL026,intercept,10,0,-116.2782
SP039,INT039,interview,10,SP027,TEL027,intercept,10,0,-135.6892
SP039,INT039,interview,10,SP028,TEL028,intercept,10,0,-71.11888
SP039,INT039,interview,10,SP029,TEL029,intercept,10,0,-106.4835
SP039,INT039,interview,10,SP030,TEL030,intercept,10,0,-109.7978
SP039,INT039,interview,10,SP031,TEL031,intercept,10,0,-138.3199
SP039,INT039,interview,10,SP032,TEL032,intercept,10,0,-83.9166
SP039,INT039,interview,10,SP033,TEL033,intercept,10,0,-63.32605
SP039,INT039,interview,10,SP034,TEL034,intercept,10,0,-83.09827
SP039,INT039,interview,10,SP035,TEL035,intercept,10,0,-91.93681
SP039,INT039,interview,10,SP036,TEL036,intercept,10,0,-64.31766
SP039,INT039,interview,10,SP037,TEL037,intercept,10,0,-137.8717
SP039,INT039,interview,10,SP038,TEL038,intercept,10,0,-141.208
SP039,INT039,interview,10,SP039,TEL039,intercept,10,1,-44.40649
SP039,INT039,interview,10,SP040,TEL040,intercept,10,0,-95.24034
SP039,INT039,interview,10,SP042,TEL042,intercept,10,0,-81.10564
SP039,INT039,interview,10,SP043,TEL043,intercept,10,0,-83.35561
SP039,INT039,interview,10,SP044,TEL044,intercept,10,0,-86.17269
SP039,INT039,interview,10,SP045,TEL045,intercept,10,0,-153.1374
SP039,INT039,interview,10,SP046,TEL046,intercept,10,0,-94.46822
SP039,INT039,interview,10,SP047,TEL047,intercept,10,0,-108.305
SP039,INT039,interview,10,SP048,TEL048,intercept,10,0,-60.91871
SP039,INT039,interview,10,SP049,TEL049,intercept,10,0,-125.7523
SP039,INT039,interview,10,SP050,TEL050,intercept,10,0,-77.12212
SP039,INT039,interview,10,SP051,TEL051,intercept,10,0,-150.3319
SP039,INT039,interview,10,SP052,TEL052,intercept,10,0,-91.8472
SP039,INT039,interview,10,SP053,TEL053,intercept,10,0,-115.5362
SP039,INT039,interview,10,SP054,TEL054,intercept,10,0,-92.79176
SP039,INT039,interview,10,SP056,TEL056,intercept,10,0,-91.07195
SP039,INT039,interview,10,SP058,TEL058,intercept,10,0,-92.97488
SP039,INT039,interview,10,SP059,TEL059,intercept,10,0,-60.47612
SP039,INT039,interview,10,SP060,TEL060,intercept,10,0,-76.59298
SP039,INT039,interview,10,SP062,TEL062,intercept,10,0,-96.87801
SP039,INT039,interview,10,SP063,TEL063,intercept,10,0,-98.85893
SP039,INT039,interview,10,SP064,TEL064,intercept,10,0,-79.28606
SP039,INT039,interview,10,SP065,TEL065,intercept,10,0,-90.4707
SP039,INT039,interview,10,SP066,TEL066,intercept,10,0,-114.7161
SP039,INT039,interview,10,SP067,TEL067,intercept,10,0,-53.22613
SP039,INT039,interview,10,SP068,TEL068,intercept,10,0,-84.19622
SP039,INT039,interview,10,SP069,TEL069,intercept,10,0,-51.83734
SP039,INT039,interview,10,SP071,TEL071,intercept,10,0,-98.72203
SP039,INT039,interview,10,SP072,TEL072,intercept,10,0,-48.48159
SP039,INT039,interview,10,SP073,TEL073,intercept,10,0,-145.8888
SP039,INT039,interview,10,SP074,TEL074,intercept,10,0,-30.86356
SP039,INT039,interview,10,SP075,TEL075,intercept,10,0,-111.8839
SP039,INT039,interview,10,SP076,TEL076,intercept,10,0,-162.9976
SP039,INT039,interview,10,SP077,TEL077,intercept,10,0,-89.90185
SP039,INT039,interview,10,SP078,TEL078,intercept,10,0,-91.83361
SP039,INT039,interview,10,SP079,TEL079,intercept,10,0,-104.0296
SP039,INT039,interview,10,SP080,TEL080,intercept,10,0,-108.8841
SP039,INT039,interview,10,SP081,TEL081,intercept,10,0,-63.65428
SP039,INT039,interview,10,SP084,TEL084,intercept,10,0,-55.95457
SP039,INT039,interview,10,SP085,TEL085,intercept,10,0,-109.3453
SP039,INT039,interview,10,SP086,TEL086,intercept,10,0,-133.2631
SP039,INT039,interview,10,SP087,TEL087,intercept,10,0,-87.40958
SP039,INT039,interview,10,SP088,TEL088,intercept,10,0,-88.17022
SP039,INT039,interview,10,SP090,TEL090,intercept,10,0,-78.91356
SP039,INT039,interview,10,SP093,TEL093,intercept,10,0,-71.96909
SP039,INT039,interview,10,SP094,TEL094,intercept,10,0,-76.2981
SP039,INT039,interview,10,SP095,TEL095,intercept,10,0,-58.9306
SP039,INT039,interview,10,SP096,TEL096,intercept,10,0,-85.21241
SP039,INT039,interview,10,SP097,TEL097,intercept,10,0,-69.91324
SP039,INT039,interview,10,SP099,TEL099,intercept,10,0,-82.72472
SP039,INT039,interview,10,SP100,TEL100,intercept,10,0,-116.7654
SP039,INT039,interview,10,SP102,TEL102,intercept,10,0,-82.07127
SP039,INT039,interview,10,SP103,TEL103,intercept,10,0,-89.72574
SP039,INT039,interview,10,SP105,TEL105,intercept,10,0,-121.8831
SP039,INT039,interview,10,SP106,TEL106,intercept,10,0,-101.8566
SP039,INT039,interview,10,SP107,TEL107,intercept,10,0,-74.68021
SP039,INT039,interview,10,SP108,TEL108,intercept,10,0,-81.72408
SP039,INT039,interview,10,SP111,TEL111,intercept,10,0,-98.44345
SP039,INT039,interview,10,SP112,TEL112,intercept,10,0,-79.83031
SP039,INT039,interview,10,SP113,TEL113,intercept,10,0,-89.74747
SP039,INT039,interview,10,SP114,TEL114,intercept,10,0,-66.6656
SP039,INT039,interview,10,SP115,TEL115,intercept,10,0,-91.81441
SP039,INT039,interview,10,SP118,TEL118,intercept,10,0,-146.6351
SP039,INT039,interview,10,SP120,TEL120,intercept,10,0,-81.56425
SP039,INT039,interview,10,SP121,TEL121,intercept,10,0,-107.8042
SP040,INT040,interview,10,SP001,TEL001,intercept,10,0,-77.68755
SP040,INT040,interview,10,SP002,TEL002,intercept,10,0,-133.9348
SP040,INT040,interview,10,SP003,TEL003,intercept,10,0,-106.7416
SP040,INT040,interview,10,SP004,TEL004,intercept,10,0,-35.32784
SP040,INT040,interview,10,SP008,TEL008,intercept,10,0,-95.10491
SP040,INT040,interview,10,SP010,TEL010,intercept,10,0,-92.1984
SP040,INT040,interview,10,SP011,TEL011,intercept,10,0,-92.82981
SP040,INT040,interview,10,SP012,TEL012,intercept,10,0,-105.3451
SP040,INT040,interview,10,SP013,TEL013,intercept,10,0,-63.84851
SP040,INT040,interview,10,SP015,TEL015,intercept,10,0,-92.0886
SP040,INT040,interview,10,SP016,TEL016,intercept,10,0,-79.77796
SP040,INT040,interview,10,SP017,TEL017,intercept,10,0,-72.75269
SP040,INT040,interview,10,SP018,TEL018,intercept,10,0,-76.08262
SP040,INT040,interview,10,SP019,TEL019,intercept,10,0,-118.1849
SP040,INT040,interview,10,SP020,TEL020,intercept,10,0,-93.3
SP040,INT040,interview,10,SP021,TEL021,intercept,10,0,-93.33742
SP040,INT040,interview,10,SP022,TEL022,intercept,10,0,-151.2309
SP040,INT040,interview,10,SP023,TEL023,intercept,10,0,-133.0092
SP040,INT040,interview,10,SP024,TEL024,intercept,10,0,-148.7999
SP040,INT040,interview,10,SP025,TEL025,intercept,10,0,-38.8588
SP040,INT040,interview,10,SP026,TEL026,intercept,10,0,-86.23351
SP040,INT040,interview,10,SP027,TEL027,intercept,10,0,-51.90184
SP040,INT040,interview,10,SP028,TEL028,intercept,10,0,-88.42982
SP040,INT040,interview,10,SP029,TEL029,intercept,10,0,-117.3946
SP040,INT040,interview,10,SP030,TEL030,intercept,10,0,-142.6874
SP040,INT040,interview,10,SP031,TEL031,intercept,10,0,-151.9232
SP040,INT040,interview,10,SP032,TEL032,intercept,10,0,-66.07849
SP040,INT040,interview,10,SP033,TEL033,intercept,10,0,-102.8391
SP040,INT040,interview,10,SP034,TEL034,intercept,10,0,-82.36221
SP040,INT040,interview,10,SP035,TEL035,intercept,10,0,-78.63662
SP040,INT040,interview,10,SP036,TEL036,intercept,10,0,-71.73351
SP040,INT040,interview,10,SP037,TEL037,intercept,10,0,-130.6605
SP040,INT040,interview,10,SP038,TEL038,intercept,10,0,-139.2989
SP040,INT040,interview,10,SP039,TEL039,intercept,10,0,-82.64592
SP040,INT040,interview,10,SP040,TEL040,intercept,10,1,-7.406999
SP040,INT040,interview,10,SP042,TEL042,intercept,10,0,-79.93928
SP040,INT040,interview,10,SP043,TEL043,intercept,10,0,-77.04681
SP040,INT040,interview,10,SP044,TEL044,intercept,10,0,-57.8149
SP040,INT040,interview,10,SP045,TEL045,intercept,10,0,-106.1468
SP040,INT040,interview,10,SP046,TEL046,intercept,10,0,-88.28572
SP040,INT040,interview,10,SP047,TEL047,intercept,10,0,-94.56805
SP040,INT040,interview,10,SP048,TEL048,intercept,10,0,-62.42281
SP040,INT040,interview,10,SP049,TEL049,intercept,10,0,-142.2048
SP040,INT040,interview,10,SP050,TEL050,intercept,10,0,-47.3436
SP040,INT040,interview,10,SP051,TEL051,intercept,10,0,-142.633
SP040,INT040,interview,10,SP052,TEL052,intercept,10,0,-119.0871
SP040,INT040,interview,10,SP053,TEL053,intercept,10,0,-88.20802
SP040,INT040,interview,10,SP054,TEL054,intercept,10,0,-78.6004
SP040,INT040,interview,10,SP056,TEL056,intercept,10,0,-123.0577
SP040,INT040,interview,10,SP058,TEL058,intercept,10,0,-94.79293
SP040,INT040,interview,10,SP059,TEL059,intercept,10,0,-83.11098
SP040,INT040,interview,10,SP060,TEL060,intercept,10,0,-122.9543
SP040,INT040,interview,10,SP062,TEL062,intercept,10,0,-80.69463
SP040,INT040,interview,10,SP063,TEL063,intercept,10,0,-128.6024
SP040,INT040,interview,10,SP064,TEL064,intercept,10,0,-112.8714
SP040,INT040,interview,10,SP065,TEL065,intercept,10,0,-106.6982
SP040,INT040,interview,10,SP066,TEL066,intercept,10,0,-161.082
SP040,INT040,interview,10,SP067,TEL067,intercept,10,0,-86.90421
SP040,INT040,interview,10,SP068,TEL068,intercept,10,0,-112.4516
SP040,INT040,interview,10,SP069,TEL069,intercept,10,0,-63.86845
SP040,INT040,interview,10,SP071,TEL071,intercept,10,0,-126.0317
SP040,INT040,interview,10,SP072,TEL072,intercept,10,0,-68.92105
SP040,INT040,interview,10,SP073,TEL073,intercept,10,0,-88.22768
SP040,INT040,interview,10,SP074,TEL074,intercept,10,0,-36.58628
SP040,INT040,interview,10,SP075,TEL075,intercept,10,0,-102.5996
SP040,INT040,interview,10,SP076,TEL076,intercept,10,0,-133.6944
SP040,INT040,interview,10,SP077,TEL077,intercept,10,0,-56.27276
SP040,INT040,interview,10,SP078,TEL078,intercept,10,0,-84.05159
SP040,INT040,interview,10,SP079,TEL079,intercept,10,0,-119.1407
SP040,INT040,interview,10,SP080,TEL080,intercept,10,0,-96.43552
SP040,INT040,interview,10,SP081,TEL081,intercept,10,0,-96.563
SP040,INT040,interview,10,SP084,TEL084,intercept,10,0,-62.26517
SP040,INT040,interview,10,SP085,TEL085,intercept,10,0,-121.792
SP040,INT040,interview,10,SP086,TEL086,intercept,10,0,-78.15642
SP040,INT040,interview,10,SP087,TEL087,intercept,10,0,-114.5625
SP040,INT040,interview,10,SP088,TEL088,intercept,10,0,-44.0313
SP040,INT040,interview,10,SP090,TEL090,intercept,10,0,-93.03448
SP040,INT040,interview,10,SP093,TEL093,intercept,10,0,-57.31135
SP040,INT040,interview,10,SP094,TEL094,intercept,10,0,-72.99086
SP040,INT040,interview,10,SP095,TEL095,intercept,10,0,-66.76534
SP040,INT040,interview,10,SP096,TEL096,intercept,10,0,-110.9379
SP040,INT040,interview,10,SP097,TEL097,intercept,10,0,-110.6703
SP040,INT040,interview,10,SP099,TEL099,intercept,10,0,-101.6881
SP040,INT040,interview,10,SP100,TEL100,intercept,10,0,-60.90762
SP040,INT040,interview,10,SP102,TEL102,intercept,10,0,-62.46447
SP040,INT040,interview,10,SP103,TEL103,intercept,10,0,-94.88464
SP040,INT040,interview,10,SP105,TEL105,intercept,10,0,-82.74927
SP040,INT040,interview,10,SP106,TEL106,intercept,10,0,-129.0876
SP040,INT040,interview,10,SP107,TEL107,intercept,10,0,-78.47763
SP040,INT040,interview,10,SP108,TEL108,intercept,10,0,-100.5735
SP040,INT040,interview,10,SP111,TEL111,intercept,10,0,-110.3491
SP040,INT040,interview,10,SP112,TEL112,intercept,10,0,-92.3095
SP040,INT040,interview,10,SP113,TEL113,intercept,10,0,-125.7508
SP040,INT040,interview,10,SP114,TEL114,intercept,10,0,-63.095
SP040,INT040,interview,10,SP115,TEL115,intercept,10,0,-66.43791
SP040,INT040,interview,10,SP118,TEL118,intercept,10,0,-161.2025
SP040,INT040,interview,10,SP120,TEL120,intercept,10,0,-122.9445
SP040,INT040,interview,10,SP121,TEL121,intercept,10,0,-69.82249
SP042,INT042,interview,10,SP001,TEL001,intercept,10,0,-58.38544
SP042,INT042,interview,10,SP002,TEL002,intercept,10,0,-115.5131
SP042,INT042,interview,10,SP003,TEL003,intercept,10,0,-119.3555
SP042,INT042,interview,10,SP004,TEL004,intercept,10,0,-60.42952
SP042,INT042,interview,10,SP008,TEL008,intercept,10,0,-96.26714
SP042,INT042,interview,10,SP010,TEL010,intercept,10,0,-71.8541
SP042,INT042,interview,10,SP011,TEL011,intercept,10,0,-97.52895
SP042,INT042,interview,10,SP012,TEL012,intercept,10,0,-96.53093
SP042,INT042,interview,10,SP013,TEL013,intercept,10,0,-79.15655
SP042,INT042,interview,10,SP015,TEL015,intercept,10,0,-72.0946
SP042,INT042,interview,10,SP016,TEL016,intercept,10,0,-98.76897
SP042,INT042,interview,10,SP017,TEL017,intercept,10,0,-104.9075
SP042,INT042,interview,10,SP018,TEL018,intercept,10,0,-81.41733
SP042,INT042,interview,10,SP019,TEL019,intercept,10,0,-66.93784
SP042,INT042,interview,10,SP020,TEL020,intercept,10,0,-142.0621
SP042,INT042,interview,10,SP021,TEL021,intercept,10,0,-80.87334
SP042,INT042,interview,10,SP022,TEL022,intercept,10,0,-140.1672
SP042,INT042,interview,10,SP023,TEL023,intercept,10,0,-114.0789
SP042,INT042,interview,10,SP024,TEL024,intercept,10,0,-116.4212
SP042,INT042,interview,10,SP025,TEL025,intercept,10,0,-62.33167
SP042,INT042,interview,10,SP026,TEL026,intercept,10,0,-69.99866
SP042,INT042,interview,10,SP027,TEL027,intercept,10,0,-96.87744
SP042,INT042,interview,10,SP028,TEL028,intercept,10,0,-87.09252
SP042,INT042,interview,10,SP029,TEL029,intercept,10,0,-92.76326
SP042,INT042,interview,10,SP030,TEL030,intercept,10,0,-93.29784
SP042,INT042,interview,10,SP031,TEL031,intercept,10,0,-103.5552
SP042,INT042,interview,10,SP032,TEL032,intercept,10,0,-40.81527
SP042,INT042,interview,10,SP033,TEL033,intercept,10,0,-86.0191
SP042,INT042,interview,10,SP034,TEL034,intercept,10,0,-84.98969
SP042,INT042,interview,10,SP035,TEL035,intercept,10,0,-67.60188
SP042,INT042,interview,10,SP036,TEL036,intercept,10,0,-51.60897
SP042,INT042,interview,10,SP037,TEL037,intercept,10,0,-104.5807
SP042,INT042,interview,10,SP038,TEL038,intercept,10,0,-153.3331
SP042,INT042,interview,10,SP039,TEL039,intercept,10,0,-69.26729
SP042,INT042,interview,10,SP040,TEL040,intercept,10,0,-74.1917
SP042,INT042,interview,10,SP042,TEL042,intercept,10,1,22.46746
SP042,INT042,interview,10,SP043,TEL043,intercept,10,0,-65.0411
SP042,INT042,interview,10,SP044,TEL044,intercept,10,0,-80.9409
SP042,INT042,interview,10,SP045,TEL045,intercept,10,0,-94.75794
SP042,INT042,interview,10,SP046,TEL046,intercept,10,0,-105.1861
SP042,INT042,interview,10,SP047,TEL047,intercept,10,0,-85.88014
SP042,INT042,interview,10,SP048,TEL048,intercept,10,0,-69.46426
SP042,INT042,interview,10,SP049,TEL049,intercept,10,0,-139.0148
SP042,INT042,interview,10,SP050,TEL050,intercept,10,0,-56.81041
SP042,INT042,interview,10,SP051,TEL051,intercept,10,0,-121.1196
SP042,INT042,interview,10,SP052,TEL052,intercept,10,0,-93.48498
SP042,INT042,interview,10,SP053,TEL053,intercept,10,0,-71.00603
SP042,INT042,interview,10,SP054,TEL054,intercept,10,0,-60.77224
SP042,INT042,interview,10,SP056,TEL056,intercept,10,0,-89.96346
SP042,INT042,interview,10,SP058,TEL058,intercept,10,0,-64.60549
SP042,INT042,interview,10,SP059,TEL059,intercept,10,0,-83.51185
SP042,INT042,interview,10,SP060,TEL060,intercept,10,0,-84.4818
SP042,INT042,interview,10,SP062,TEL062,intercept,10,0,-43.27181
SP042,INT042,interview,10,SP063,TEL063,intercept,10,0,-89.36333
SP042,INT042,interview,10,SP064,TEL064,intercept,10,0,-106.412
SP042,INT042,interview,10,SP065,TEL065,intercept,10,0,-98.30354
SP042,INT042,interview,10,SP066,TEL066,intercept,10,0,-93.99132
SP042,INT042,interview,10,SP067,TEL067,intercept,10,0,-89.57177
SP042,INT042,interview,10,SP068,TEL068,intercept,10,0,-86.89488
SP042,INT042,interview,10,SP069,TEL069,intercept,10,0,-84.43993
SP042,INT042,interview,10,SP071,TEL071,intercept,10,0,-105.357
SP042,INT042,interview,10,SP072,TEL072,intercept,10,0,-53.64395
SP042,INT042,interview,10,SP073,TEL073,intercept,10,0,-86.15627
SP042,INT042,interview,10,SP074,TEL074,intercept,10,0,-38.83335
SP042,INT042,interview,10,SP075,TEL075,intercept,10,0,-104.4434
SP042,INT042,interview,10,SP076,TEL076,intercept,10,0,-111.3206
SP042,INT042,interview,10,SP077,TEL077,intercept,10,0,-38.43057
SP042,INT042,interview,10,SP078,TEL078,intercept,10,0,-84.09866
SP042,INT042,interview,10,SP079,TEL079,intercept,10,0,-111.2364
SP042,INT042,interview,10,SP080,TEL080,intercept,10,0,-51.70354
SP042,INT042,interview,10,SP081,TEL081,intercept,10,0,-61.38182
SP042,INT042,interview,10,SP084,TEL084,intercept,10,0,-26.94517
SP042,INT042,interview,10,SP085,TEL085,intercept,10,0,-102.3264
SP042,INT042,interview,10,SP086,TEL086,intercept,10,0,-105.4239
SP042,INT042,interview,10,SP087,TEL087,intercept,10,0,-73.01908
SP042,INT042,interview,10,SP088,TEL088,intercept,10,0,-41.39769
SP042,INT042,interview,10,SP090,TEL090,intercept,10,0,-59.79956
SP042,INT042,interview,10,SP093,TEL093,intercept,10,0,-75.95899
SP042,INT042,interview,10,SP094,TEL094,intercept,10,0,-47.33097
SP042,INT042,interview,10,SP095,TEL095,intercept,10,0,-71.78806
SP042,INT042,interview,10,SP096,TEL096,intercept,10,0,-94.313
SP042,INT042,interview,10,SP097,TEL097,intercept,10,0,-84.84289
SP042,INT042,interview,10,SP099,TEL099,intercept,10,0,-106.4246
SP042,INT042,interview,10,SP100,TEL100,intercept,10,0,-94.83411
SP042,INT042,interview,10,SP102,TEL102,intercept,10,0,-72.77746
SP042,INT042,interview,10,SP103,TEL103,intercept,10,0,-105.4003
SP042,INT042,interview,10,SP105,TEL105,intercept,10,0,-67.15388
SP042,INT042,interview,10,SP106,TEL106,intercept,10,0,-89.01998
SP042,INT042,interview,10,SP107,TEL107,intercept,10,0,-70.91635
SP042,INT042,interview,10,SP108,TEL108,intercept,10,0,-88.21304
SP042,INT042,interview,10,SP111,TEL111,intercept,10,0,-50.10701
SP042,INT042,interview,10,SP112,TEL112,intercept,10,0,-49.92212
SP042,INT042,interview,10,SP113,TEL113,intercept,10,0,-117.3426
SP042,INT042,interview,10,SP114,TEL114,intercept,10,0,-67.02328
SP042,INT042,interview,10,SP115,TEL115,intercept,10,0,-72.1383
SP042,INT042,interview,10,SP118,TEL118,intercept,10,0,-133.9265
SP042,INT042,interview,10,SP120,TEL120,intercept,10,0,-90.64519
SP042,INT042,interview,10,SP121,TEL121,intercept,10,0,-75.05002
SP043,INT043,interview,10,SP001,TEL001,intercept,10,0,-103.9511
SP043,INT043,interview,10,SP002,TEL002,intercept,10,0,-137.9215
SP043,INT043,interview,10,SP003,TEL003,intercept,10,0,-94.16063
SP043,INT043,interview,10,SP004,TEL004,intercept,10,0,-102.6543
SP043,INT043,interview,10,SP008,TEL008,intercept,10,0,-95.88086
SP043,INT043,interview,10,SP010,TEL010,intercept,10,0,-97.62128
SP043,INT043,interview,10,SP011,TEL011,intercept,10,0,-64.84662
SP043,INT043,interview,10,SP012,TEL012,intercept,10,0,-101.1093
SP043,INT043,interview,10,SP013,TEL013,intercept,10,0,-128.7001
SP043,INT043,interview,10,SP015,TEL015,intercept,10,0,-69.96451
SP043,INT043,interview,10,SP016,TEL016,intercept,10,0,-111.4033
SP043,INT043,interview,10,SP017,TEL017,intercept,10,0,-113.2684
SP043,INT043,interview,10,SP018,TEL018,intercept,10,0,-126.4171
SP043,INT043,interview,10,SP019,TEL019,intercept,10,0,-145.1671
SP043,INT043,interview,10,SP020,TEL020,intercept,10,0,-132.2064
SP043,INT043,interview,10,SP021,TEL021,intercept,10,0,-92.80564
SP043,INT043,interview,10,SP022,TEL022,intercept,10,0,-123.708
SP043,INT043,interview,10,SP023,TEL023,intercept,10,0,-90.11044
SP043,INT043,interview,10,SP024,TEL024,intercept,10,0,-125.2768
SP043,INT043,interview,10,SP025,TEL025,intercept,10,0,-104.5782
SP043,INT043,interview,10,SP026,TEL026,intercept,10,0,-50.61786
SP043,INT043,interview,10,SP027,TEL027,intercept,10,0,-126.6048
SP043,INT043,interview,10,SP028,TEL028,intercept,10,0,-138.2171
SP043,INT043,interview,10,SP029,TEL029,intercept,10,0,-93.66269
SP043,INT043,interview,10,SP030,TEL030,intercept,10,0,-132.5245
SP043,INT043,interview,10,SP031,TEL031,intercept,10,0,-105.2928
SP043,INT043,interview,10,SP032,TEL032,intercept,10,0,-90.48653
SP043,INT043,interview,10,SP033,TEL033,intercept,10,0,-93.25365
SP043,INT043,interview,10,SP034,TEL034,intercept,10,0,-92.99355
SP043,INT043,interview,10,SP035,TEL035,intercept,10,0,-108.9165
SP043,INT043,interview,10,SP036,TEL036,intercept,10,0,-114.8166
SP043,INT043,interview,10,SP037,TEL037,intercept,10,0,-99.70895
SP043,INT043,interview,10,SP038,TEL038,intercept,10,0,-138.6657
SP043,INT043,interview,10,SP039,TEL039,intercept,10,0,-97.89776
SP043,INT043,interview,10,SP040,TEL040,intercept,10,0,-159.4156
SP043,INT043,interview,10,SP042,TEL042,intercept,10,0,-92.41796
SP043,INT043,interview,10,SP043,TEL043,intercept,10,1,-20.85717
SP043,INT043,interview,10,SP044,TEL044,intercept,10,0,-142.9474
SP043,INT043,interview,10,SP045,TEL045,intercept,10,0,-133.498
SP043,INT043,interview,10,SP046,TEL046,intercept,10,0,-116.7196
SP043,INT043,interview,10,SP047,TEL047,intercept,10,0,-117.1403
SP043,INT043,interview,10,SP048,TEL048,intercept,10,0,-120.3491
SP043,INT043,interview,10,SP049,TEL049,intercept,10,0,-96.04187
SP043,INT043,interview,10,SP050,TEL050,intercept,10,0,-110.6123
SP043,INT043,interview,10,SP051,TEL051,intercept,10,0,-147.8696
SP043,INT043,interview,10,SP052,TEL052,intercept,10,0,-109.2427
SP043,INT043,interview,10,SP053,TEL053,intercept,10,0,-89.10153
SP043,INT043,interview,10,SP054,TEL054,intercept,10,0,-89.68626
SP043,INT043,interview,10,SP056,TEL056,intercept,10,0,-87.37402
SP043,INT043,interview,10,SP058,TEL058,intercept,10,0,-141.8029
SP043,INT043,interview,10,SP059,TEL059,intercept,10,0,-97.96898
SP043,INT043,interview,10,SP060,TEL060,intercept,10,0,-101.1059
SP043,INT043,interview,10,SP062,TEL062,intercept,10,0,-90.01769
SP043,INT043,interview,10,SP063,TEL063,intercept,10,0,-90.88699
SP043,INT043,interview,10,SP064,TEL064,intercept,10,0,-55.91378
SP043,INT043,interview,10,SP065,TEL065,intercept,10,0,-116.9794
SP043,INT043,interview,10,SP066,TEL066,intercept,10,0,-111.8658
SP043,INT043,interview,10,SP067,TEL067,intercept,10,0,-144.4914
SP043,INT043,interview,10,SP068,TEL068,intercept,10,0,-102.0299
SP043,INT043,interview,10,SP069,TEL069,intercept,10,0,-122.3839
SP043,INT043,interview,10,SP071,TEL071,intercept,10,0,-103.9296
SP043,INT043,interview,10,SP072,TEL072,intercept,10,0,-100.9903
SP043,INT043,interview,10,SP073,TEL073,intercept,10,0,-76.95401
SP043,INT043,interview,10,SP074,TEL074,intercept,10,0,-71.1151
SP043,INT043,interview,10,SP075,TEL075,intercept,10,0,-142.0692
SP043,INT043,interview,10,SP076,TEL076,intercept,10,0,-142.8738
SP043,INT043,interview,10,SP077,TEL077,intercept,10,0,-97.17558
SP043,INT043,interview,10,SP078,TEL078,intercept,10,0,-118.2968
SP043,INT043,interview,10,SP079,TEL079,intercept,10,0,-130.8083
SP043,INT043,interview,10,SP080,TEL080,intercept,10,0,-98.58392
SP043,INT043,interview,10,SP081,TEL081,intercept,10,0,-104
SP043,INT043,interview,10,SP084,TEL084,intercept,10,0,-69.63026
SP043,INT043,interview,10,SP085,TEL085,intercept,10,0,-126.4857
SP043,INT043,interview,10,SP086,TEL086,intercept,10,0,-132.2256
SP043,INT043,interview,10,SP087,TEL087,intercept,10,0,-56.31512
SP043,INT043,interview,10,SP088,TEL088,intercept,10,0,-70.02232
SP043,INT043,interview,10,SP090,TEL090,intercept,10,0,-124.6651
SP043,INT043,interview,10,SP093,TEL093,intercept,10,0,-70.26367
SP043,INT043,interview,10,SP094,TEL094,intercept,10,0,-97.63531
SP043,INT043,interview,10,SP095,TEL095,intercept,10,0,-76.19589
SP043,INT043,interview,10,SP096,TEL096,intercept,10,0,-121.4644
SP043,INT043,interview,10,SP097,TEL097,intercept,10,0,-110.0432
SP043,INT043,interview,10,SP099,TEL099,intercept,10,0,-139.1628
SP043,INT043,interview,10,SP100,TEL100,intercept,10,0,-98.19331
SP043,INT043,interview,10,SP102,TEL102,intercept,10,0,-65.85701
SP043,INT043,interview,10,SP103,TEL103,intercept,10,0,-71.20058
SP043,INT043,interview,10,SP105,TEL105,intercept,10,0,-107.04
SP043,INT043,interview,10,SP106,TEL106,intercept,10,0,-95.71548
SP043,INT043,interview,10,SP107,TEL107,intercept,10,0,-124.6597
SP043,INT043,interview,10,SP108,TEL108,intercept,10,0,-101.8415
SP043,INT043,interview,10,SP111,TEL111,intercept,10,0,-114.7102
SP043,INT043,interview,10,SP112,TEL112,intercept,10,0,-56.4735
SP043,INT043,interview,10,SP113,TEL113,intercept,10,0,-104.173
SP043,INT043,interview,10,SP114,TEL114,intercept,10,0,-76.35557
SP043,INT043,interview,10,SP115,TEL115,intercept,10,0,-97.16095
SP043,INT043,interview,10,SP118,TEL118,intercept,10,0,-123.5991
SP043,INT043,interview,10,SP120,TEL120,intercept,10,0,-107.4372
SP043,INT043,interview,10,SP121,TEL121,intercept,10,0,-129.3816
SP044,INT044,interview,10,SP001,TEL001,intercept,10,0,-95.27118
SP044,INT044,interview,10,SP002,TEL002,intercept,10,0,-122.7623
SP044,INT044,interview,10,SP003,TEL003,intercept,10,0,-94.84541
SP044,INT044,interview,10,SP004,TEL004,intercept,10,0,-82.4558
SP044,INT044,interview,10,SP008,TEL008,intercept,10,0,-65.40406
SP044,INT044,interview,10,SP010,TEL010,intercept,10,0,-92.83749
SP044,INT044,interview,10,SP011,TEL011,intercept,10,0,-103.1825
SP044,INT044,interview,10,SP012,TEL012,intercept,10,0,-109.756
SP044,INT044,interview,10,SP013,TEL013,intercept,10,0,-70.64938
SP044,INT044,interview,10,SP015,TEL015,intercept,10,0,-77.61135
SP044,INT044,interview,10,SP016,TEL016,intercept,10,0,-94.19441
SP044,INT044,interview,10,SP017,TEL017,intercept,10,0,-54.66055
SP044,INT044,interview,10,SP018,TEL018,intercept,10,0,-71.46498
SP044,INT044,interview,10,SP019,TEL019,intercept,10,0,-76.58469
SP044,INT044,interview,10,SP020,TEL020,intercept,10,0,-65.2019
SP044,INT044,interview,10,SP021,TEL021,intercept,10,0,-82.70741
SP044,INT044,interview,10,SP022,TEL022,intercept,10,0,-110.8898
SP044,INT044,interview,10,SP023,TEL023,intercept,10,0,-96.85706
SP044,INT044,interview,10,SP024,TEL024,intercept,10,0,-131.8705
SP044,INT044,interview,10,SP025,TEL025,intercept,10,0,-56.04642
SP044,INT044,interview,10,SP026,TEL026,intercept,10,0,-111.8903
SP044,INT044,interview,10,SP027,TEL027,intercept,10,0,-100.3089
SP044,INT044,interview,10,SP028,TEL028,intercept,10,0,-74.04778
SP044,INT044,interview,10,SP029,TEL029,intercept,10,0,-85.61903
SP044,INT044,interview,10,SP030,TEL030,intercept,10,0,-62.68628
SP044,INT044,interview,10,SP031,TEL031,intercept,10,0,-91.61691
SP044,INT044,interview,10,SP032,TEL032,intercept,10,0,-116.4176
SP044,INT044,interview,10,SP033,TEL033,intercept,10,0,-109.0158
SP044,INT044,interview,10,SP034,TEL034,intercept,10,0,-103.5785
SP044,INT044,interview,10,SP035,TEL035,intercept,10,0,-79.15484
SP044,INT044,interview,10,SP036,TEL036,intercept,10,0,-76.67977
SP044,INT044,interview,10,SP037,TEL037,intercept,10,0,-125.5843
SP044,INT044,interview,10,SP038,TEL038,intercept,10,0,-104.3043
SP044,INT044,interview,10,SP039,TEL039,intercept,10,0,-62.97264
SP044,INT044,interview,10,SP040,TEL040,intercept,10,0,-68.59078
SP044,INT044,interview,10,SP042,TEL042,intercept,10,0,-108.0345
SP044,INT044,interview,10,SP043,TEL043,intercept,10,0,-48.56843
SP044,INT044,interview,10,SP044,TEL044,intercept,10,1,-13.01169
SP044,INT044,interview,10,SP045,TEL045,intercept,10,0,-112.9712
SP044,INT044,interview,10,SP046,TEL046,intercept,10,0,-62.59956
SP044,INT044,interview,10,SP047,TEL047,intercept,10,0,-70.04279
SP044,INT044,interview,10,SP048,TEL048,intercept,10,0,-75.11219
SP044,INT044,interview,10,SP049,TEL049,intercept,10,0,-128.6863
SP044,INT044,interview,10,SP050,TEL050,intercept,10,0,-82.78866
SP044,INT044,interview,10,SP051,TEL051,intercept,10,0,-131.2879
SP044,INT044,interview,10,SP052,TEL052,intercept,10,0,-105.9682
SP044,INT044,interview,10,SP053,TEL053,intercept,10,0,-56.786
SP044,INT044,interview,10,SP054,TEL054,intercept,10,0,-73.87132
SP044,INT044,interview,10,SP056,TEL056,intercept,10,0,-133.5025
SP044,INT044,interview,10,SP058,TEL058,intercept,10,0,-111.8402
SP044,INT044,interview,10,SP059,TEL059,intercept,10,0,-86.32698
SP044,INT044,interview,10,SP060,TEL060,intercept,10,0,-113.919
SP044,INT044,interview,10,SP062,TEL062,intercept,10,0,-55.26701
SP044,INT044,interview,10,SP063,TEL063,intercept,10,0,-101.5782
SP044,INT044,interview,10,SP064,TEL064,intercept,10,0,-78.16082
SP044,INT044,interview,10,SP065,TEL065,intercept,10,0,-66.41973
SP044,INT044,interview,10,SP066,TEL066,intercept,10,0,-125.9668
SP044,INT044,interview,10,SP067,TEL067,intercept,10,0,-105.7432
SP044,INT044,interview,10,SP068,TEL068,intercept,10,0,-101.8523
SP044,INT044,interview,10,SP069,TEL069,intercept,10,0,-109.5608
SP044,INT044,interview,10,SP071,TEL071,intercept,10,0,-77.33201
SP044,INT044,interview,10,SP072,TEL072,intercept,10,0,-56.43772
SP044,INT044,interview,10,SP073,TEL073,intercept,10,0,-94.82822
SP044,INT044,interview,10,SP074,TEL074,intercept,10,0,-58.75005
SP044,INT044,interview,10,SP075,TEL075,intercept,10,0,-100.0535
SP044,INT044,interview,10,SP076,TEL076,intercept,10,0,-99.27477
SP044,INT044,interview,10,SP077,TEL077,intercept,10,0,-62.73964
SP044,INT044,interview,10,SP078,TEL078,intercept,10,0,-88.76494
SP044,INT044,interview,10,SP079,TEL079,intercept,10,0,-141.9917
SP044,INT044,interview,10,SP080,TEL080,intercept,10,0,-121.5751
SP044,INT044,interview,10,SP081,TEL081,intercept,10,0,-114.8259
SP044,INT044,interview,10,SP084,TEL084,intercept,10,0,-51.24835
SP044,INT044,interview,10,SP085,TEL085,intercept,10,0,-132.8513
SP044,INT044,interview,10,SP086,TEL086,intercept,10,0,-97.17545
SP044,INT044,interview,10,SP087,TEL087,intercept,10,0,-74.55718
SP044,INT044,interview,10,SP088,TEL088,intercept,10,0,-59.5579
SP044,INT044,interview,10,SP090,TEL090,intercept,10,0,-94.3012
SP044,INT044,interview,10,SP093,TEL093,intercept,10,0,-94.21941
SP044,INT044,interview,10,SP094,TEL094,intercept,10,0,-118.0156
SP044,INT044,interview,10,SP095,TEL095,intercept,10,0,-69.5943
SP044,INT044,interview,10,SP096,TEL096,intercept,10,0,-86.74348
SP044,INT044,interview,10,SP097,TEL097,intercept,10,0,-116.7557
SP044,INT044,interview,10,SP099,TEL099,intercept,10,0,-100.4672
SP044,INT044,interview,10,SP100,TEL100,intercept,10,0,-78.57635
SP044,INT044,interview,10,SP102,TEL102,intercept,10,0,-85.47081
SP044,INT044,interview,10,SP103,TEL103,intercept,10,0,-86.35625
SP044,INT044,interview,10,SP105,TEL105,intercept,10,0,-84.89158
SP044,INT044,interview,10,SP106,TEL106,intercept,10,0,-80.96354
SP044,INT044,interview,10,SP107,TEL107,intercept,10,0,-83.33634
SP044,INT044,interview,10,SP108,TEL108,intercept,10,0,-82.01877
SP044,INT044,interview,10,SP111,TEL111,intercept,10,0,-97.98319
SP044,INT044,interview,10,SP112,TEL112,intercept,10,0,-92.07787
SP044,INT044,interview,10,SP113,TEL113,intercept,10,0,-65.73778
SP044,INT044,interview,10,SP114,TEL114,intercept,10,0,-75.87557
SP044,INT044,interview,10,SP115,TEL115,intercept,10,0,-111.9456
SP044,INT044,interview,10,SP118,TEL118,intercept,10,0,-114.6482
SP044,INT044,interview,10,SP120,TEL120,intercept,10,0,-134.3578
SP044,INT044,interview,10,SP121,TEL121,intercept,10,0,-73.57814
SP045,INT045,interview,10,SP001,TEL001,intercept,10,0,-84.29485
SP045,INT045,interview,10,SP002,TEL002,intercept,10,0,-99.43011
SP045,INT045,interview,10,SP003,TEL003,intercept,10,0,-53.06942
SP045,INT045,interview,10,SP004,TEL004,intercept,10,0,-101.6017
SP045,INT045,interview,10,SP008,TEL008,intercept,10,0,-97.78335
SP045,INT045,interview,10,SP010,TEL010,intercept,10,0,-89.45004
SP045,INT045,interview,10,SP011,TEL011,intercept,10,0,-70.73086
SP045,INT045,interview,10,SP012,TEL012,intercept,10,0,-72.39803
SP045,INT045,interview,10,SP013,TEL013,intercept,10,0,-56.16492
SP045,INT045,interview,10,SP015,TEL015,intercept,10,0,-68.05228
SP045,INT045,interview,10,SP016,TEL016,intercept,10,0,-71.13654
SP045,INT045,interview,10,SP017,TEL017,intercept,10,0,-65.10742
SP045,INT045,interview,10,SP018,TEL018,intercept,10,0,-112.6046
SP045,INT045,interview,10,SP019,TEL019,intercept,10,0,-122.5133
SP045,INT045,interview,10,SP020,TEL020,intercept,10,0,-114.5448
SP045,INT045,interview,10,SP021,TEL021,intercept,10,0,-113.8397
SP045,INT045,interview,10,SP022,TEL022,intercept,10,0,-113.9622
SP045,INT045,interview,10,SP023,TEL023,intercept,10,0,-128.4949
SP045,INT045,interview,10,SP024,TEL024,intercept,10,0,-104.3043
SP045,INT045,interview,10,SP025,TEL025,intercept,10,0,-17.87567
SP045,INT045,interview,10,SP026,TEL026,intercept,10,0,-70.76596
SP045,INT045,interview,10,SP027,TEL027,intercept,10,0,-117.1369
SP045,INT045,interview,10,SP028,TEL028,intercept,10,0,-96.84996
SP045,INT045,interview,10,SP029,TEL029,intercept,10,0,-98.217
SP045,INT045,interview,10,SP030,TEL030,intercept,10,0,-110.8422
SP045,INT045,interview,10,SP031,TEL031,intercept,10,0,-99.28589
SP045,INT045,interview,10,SP032,TEL032,intercept,10,0,-99.59403
SP045,INT045,interview,10,SP033,TEL033,intercept,10,0,-93.75166
SP045,INT045,interview,10,SP034,TEL034,intercept,10,0,-77.26414
SP045,INT045,interview,10,SP035,TEL035,intercept,10,0,-93.39581
SP045,INT045,interview,10,SP036,TEL036,intercept,10,0,-74.89289
SP045,INT045,interview,10,SP037,TEL037,intercept,10,0,-96.93059
SP045,INT045,interview,10,SP038,TEL038,intercept,10,0,-121.5886
SP045,INT045,interview,10,SP039,TEL039,intercept,10,0,-100.3502
SP045,INT045,interview,10,SP040,TEL040,intercept,10,0,-56.53719
SP045,INT045,interview,10,SP042,TEL042,intercept,10,0,-84.32643
SP045,INT045,interview,10,SP043,TEL043,intercept,10,0,-66.05772
SP045,INT045,interview,10,SP044,TEL044,intercept,10,0,-83.21263
SP045,INT045,interview,10,SP045,TEL045,intercept,10,1,-35.92152
SP045,INT045,interview,10,SP046,TEL046,intercept,10,0,-83.2033
SP045,INT045,interview,10,SP047,TEL047,intercept,10,0,-64.17588
SP045,INT045,interview,10,SP048,TEL048,intercept,10,0,-77.8397
SP045,INT045,interview,10,SP049,TEL049,intercept,10,0,-119.3709
SP045,INT045,interview,10,SP050,TEL050,intercept,10,0,-89.21087
SP045,INT045,interview,10,SP051,TEL051,intercept,10,0,-114.5793
SP045,INT045,interview,10,SP052,TEL052,intercept,10,0,-70.91505
SP045,INT045,interview,10,SP053,TEL053,intercept,10,0,-87.06519
SP045,INT045,interview,10,SP054,TEL054,intercept,10,0,-85.17351
SP045,INT045,interview,10,SP056,TEL056,intercept,10,0,-111.0772
SP045,INT045,interview,10,SP058,TEL058,intercept,10,0,-120.4463
SP045,INT045,interview,10,SP059,TEL059,intercept,10,0,-100.4778
SP045,INT045,interview,10,SP060,TEL060,intercept,10,0,-86.82265
SP045,INT045,interview,10,SP062,TEL062,intercept,10,0,-42.66317
SP045,INT045,interview,10,SP063,TEL063,intercept,10,0,-92.2519
SP045,INT045,interview,10,SP064,TEL064,intercept,10,0,-81.9341
SP045,INT045,interview,10,SP065,TEL065,intercept,10,0,-109.0876
SP045,INT045,interview,10,SP066,TEL066,intercept,10,0,-121.2371
SP045,INT045,interview,10,SP067,TEL067,intercept,10,0,-112.5681
SP045,INT045,interview,10,SP068,TEL068,intercept,10,0,-106.8736
SP045,INT045,interview,10,SP069,TEL069,intercept,10,0,-88.56326
SP045,INT045,interview,10,SP071,TEL071,intercept,10,0,-76.17805
SP045,INT045,interview,10,SP072,TEL072,intercept,10,0,-78.8385
SP045,INT045,interview,10,SP073,TEL073,intercept,10,0,-125.2447
SP045,INT045,interview,10,SP074,TEL074,intercept,10,0,-73.53483
SP045,INT045,interview,10,SP075,TEL075,intercept,10,0,-80.18791
SP045,INT045,interview,10,SP076,TEL076,intercept,10,0,-135.3084
SP045,INT045,interview,10,SP077,TEL077,intercept,10,0,-63.45204
SP045,INT045,interview,10,SP078,TEL078,intercept,10,0,-115.5097
SP045,INT045,interview,10,SP079,TEL079,intercept,10,0,-120.687
SP045,INT045,interview,10,SP080,TEL080,intercept,10,0,-85.26104
SP045,INT045,interview,10,SP081,TEL081,intercept,10,0,-92.59462
SP045,INT045,interview,10,SP084,TEL084,intercept,10,0,-27.52823
SP045,INT045,interview,10,SP085,TEL085,intercept,10,0,-107.0182
SP045,INT045,interview,10,SP086,TEL086,intercept,10,0,-106.4792
SP045,INT045,interview,10,SP087,TEL087,intercept,10,0,-72.13758
SP045,INT045,interview,10,SP088,TEL088,intercept,10,0,-54.52057
SP045,INT045,interview,10,SP090,TEL090,intercept,10,0,-68.577
SP045,INT045,interview,10,SP093,TEL093,intercept,10,0,-71.32967
SP045,INT045,interview,10,SP094,TEL094,intercept,10,0,-93.79486
SP045,INT045,interview,10,SP095,TEL095,intercept,10,0,-56.10617
SP045,INT045,interview,10,SP096,TEL096,intercept,10,0,-93.35204
SP045,INT045,interview,10,SP097,TEL097,intercept,10,0,-100.0196
SP045,INT045,interview,10,SP099,TEL099,intercept,10,0,-75.43488
SP045,INT045,interview,10,SP100,TEL100,intercept,10,0,-64.85614
SP045,INT045,interview,10,SP102,TEL102,intercept,10,0,-71.87448
SP045,INT045,interview,10,SP103,TEL103,intercept,10,0,-66.36404
SP045,INT045,interview,10,SP105,TEL105,intercept,10,0,-89.46857
SP045,INT045,interview,10,SP106,TEL106,intercept,10,0,-82.13535
SP045,INT045,interview,10,SP107,TEL107,intercept,10,0,-76.84695
SP045,INT045,interview,10,SP108,TEL108,intercept,10,0,-66.22212
SP045,INT045,interview,10,SP111,TEL111,intercept,10,0,-83.95296
SP045,INT045,interview,10,SP112,TEL112,intercept,10,0,-51.35463
SP045,INT045,interview,10,SP113,TEL113,intercept,10,0,-104.5954
SP045,INT045,interview,10,SP114,TEL114,intercept,10,0,-53.34305
SP045,INT045,interview,10,SP115,TEL115,intercept,10,0,-86.59038
SP045,INT045,interview,10,SP118,TEL118,intercept,10,0,-113.5835
SP045,INT045,interview,10,SP120,TEL120,intercept,10,0,-126.1244
SP045,INT045,interview,10,SP121,TEL121,intercept,10,0,-129.0437
SP046,INT046,interview,10,SP001,TEL001,intercept,10,0,-97.87522
SP046,INT046,interview,10,SP002,TEL002,intercept,10,0,-146.8887
SP046,INT046,interview,10,SP003,TEL003,intercept,10,0,-132.1573
SP046,INT046,interview,10,SP004,TEL004,intercept,10,0,-117.2867
SP046,INT046,interview,10,SP008,TEL008,intercept,10,0,-141.8971
SP046,INT046,interview,10,SP010,TEL010,intercept,10,0,-119.386
SP046,INT046,interview,10,SP011,TEL011,intercept,10,0,-140.8365
SP046,INT046,interview,10,SP012,TEL012,intercept,10,0,-111.5053
SP046,INT046,interview,10,SP013,TEL013,intercept,10,0,-93.83247
SP046,INT046,interview,10,SP015,TEL015,intercept,10,0,-93.90791
SP046,INT046,interview,10,SP016,TEL016,intercept,10,0,-111.355
SP046,INT046,interview,10,SP017,TEL017,intercept,10,0,-113.5062
SP046,INT046,interview,10,SP018,TEL018,intercept,10,0,-143.7901
SP046,INT046,interview,10,SP019,TEL019,intercept,10,0,-110.9081
SP046,INT046,interview,10,SP020,TEL020,intercept,10,0,-140.4007
SP046,INT046,interview,10,SP021,TEL021,intercept,10,0,-129.4038
SP046,INT046,interview,10,SP022,TEL022,intercept,10,0,-120.6421
SP046,INT046,interview,10,SP023,TEL023,intercept,10,0,-101.5325
SP046,INT046,interview,10,SP024,TEL024,intercept,10,0,-144.1908
SP046,INT046,interview,10,SP025,TEL025,intercept,10,0,-85.08603
SP046,INT046,interview,10,SP026,TEL026,intercept,10,0,-128.3635
SP046,INT046,interview,10,SP027,TEL027,intercept,10,0,-167.4953
SP046,INT046,interview,10,SP028,TEL028,intercept,10,0,-115.4407
SP046,INT046,interview,10,SP029,TEL029,intercept,10,0,-122.6979
SP046,INT046,interview,10,SP030,TEL030,intercept,10,0,-86.65462
SP046,INT046,interview,10,SP031,TEL031,intercept,10,0,-98.69949
SP046,INT046,interview,10,SP032,TEL032,intercept,10,0,-118.5513
SP046,INT046,interview,10,SP033,TEL033,intercept,10,0,-84.95448
SP046,INT046,interview,10,SP034,TEL034,intercept,10,0,-119.044
SP046,INT046,interview,10,SP035,TEL035,intercept,10,0,-79.07858
SP046,INT046,interview,10,SP036,TEL036,intercept,10,0,-86.99068
SP046,INT046,interview,10,SP037,TEL037,intercept,10,0,-175.6149
SP046,INT046,interview,10,SP038,TEL038,intercept,10,0,-179.1206
SP046,INT046,interview,10,SP039,TEL039,intercept,10,0,-115.0242
SP046,INT046,interview,10,SP040,TEL040,intercept,10,0,-104.2493
SP046,INT046,interview,10,SP042,TEL042,intercept,10,0,-96.35423
SP046,INT046,interview,10,SP043,TEL043,intercept,10,0,-124.288
SP046,INT046,interview,10,SP044,TEL044,intercept,10,0,-102.3305
SP046,INT046,interview,10,SP045,TEL045,intercept,10,0,-133.5371
SP046,INT046,interview,10,SP046,TEL046,intercept,10,1,-45.20498
SP046,INT046,interview,10,SP047,TEL047,intercept,10,0,-129.7977
SP046,INT046,interview,10,SP048,TEL048,intercept,10,0,-112.6794
SP046,INT046,interview,10,SP049,TEL049,intercept,10,0,-122.6862
SP046,INT046,interview,10,SP050,TEL050,intercept,10,0,-100.6917
SP046,INT046,interview,10,SP051,TEL051,intercept,10,0,-119.1223
SP046,INT046,interview,10,SP052,TEL052,intercept,10,0,-103.5086
SP046,INT046,interview,10,SP053,TEL053,intercept,10,0,-68.29249
SP046,INT046,interview,10,SP054,TEL054,intercept,10,0,-118.03
SP046,INT046,interview,10,SP056,TEL056,intercept,10,0,-107.551
SP046,INT046,interview,10,SP058,TEL058,intercept,10,0,-101.103
SP046,INT046,interview,10,SP059,TEL059,intercept,10,0,-91.93957
SP046,INT046,interview,10,SP060,TEL060,intercept,10,0,-91.78521
SP046,INT046,interview,10,SP062,TEL062,intercept,10,0,-61.92648
SP046,INT046,interview,10,SP063,TEL063,intercept,10,0,-120.8479
SP046,INT046,interview,10,SP064,TEL064,intercept,10,0,-140.064
SP046,INT046,interview,10,SP065,TEL065,intercept,10,0,-121.9465
SP046,INT046,interview,10,SP066,TEL066,intercept,10,0,-114.3593
SP046,INT046,interview,10,SP067,TEL067,intercept,10,0,-121.9707
SP046,INT046,interview,10,SP068,TEL068,intercept,10,0,-92.71252
SP046,INT046,interview,10,SP069,TEL069,intercept,10,0,-139.7381
SP046,INT046,interview,10,SP071,TEL071,intercept,10,0,-105.65
SP046,INT046,interview,10,SP072,TEL072,intercept,10,0,-102.2703
SP046,INT046,interview,10,SP073,TEL073,intercept,10,0,-145.0736
SP046,INT046,interview,10,SP074,TEL074,intercept,10,0,-115.8335
SP046,INT046,interview,10,SP075,TEL075,intercept,10,0,-173.1682
SP046,INT046,interview,10,SP076,TEL076,intercept,10,0,-173.7984
SP046,INT046,interview,10,SP077,TEL077,intercept,10,0,-108.7831
SP046,INT046,interview,10,SP078,TEL078,intercept,10,0,-155.5637
SP046,INT046,interview,10,SP079,TEL079,intercept,10,0,-87.09454
SP046,INT046,interview,10,SP080,TEL080,intercept,10,0,-107.4685
SP046,INT046,interview,10,SP081,TEL081,intercept,10,0,-111.9952
SP046,INT046,interview,10,SP084,TEL084,intercept,10,0,-59.43821
SP046,INT046,interview,10,SP085,TEL085,intercept,10,0,-117.817
SP046,INT046,interview,10,SP086,TEL086,intercept,10,0,-139.5173
SP046,INT046,interview,10,SP087,TEL087,intercept,10,0,-78.31092
SP046,INT046,interview,10,SP088,TEL088,intercept,10,0,-79.41242
SP046,INT046,interview,10,SP090,TEL090,intercept,10,0,-86.84525
SP046,INT046,interview,10,SP093,TEL093,intercept,10,0,-113.7463
SP046,INT046,interview,10,SP094,TEL094,intercept,10,0,-113.8628
SP046,INT046,interview,10,SP095,TEL095,intercept,10,0,-63.71551
SP046,INT046,interview,10,SP096,TEL096,intercept,10,0,-134.751
SP046,INT046,interview,10,SP097,TEL097,intercept,10,0,-71.41788
SP046,INT046,interview,10,SP099,TEL099,intercept,10,0,-132.0315
SP046,INT046,interview,10,SP100,TEL100,intercept,10,0,-124.3762
SP046,INT046,interview,10,SP102,TEL102,intercept,10,0,-78.70854
SP046,INT046,interview,10,SP103,TEL103,intercept,10,0,-94.69869
SP046,INT046,interview,10,SP105,TEL105,intercept,10,0,-121.0352
SP046,INT046,interview,10,SP106,TEL106,intercept,10,0,-131.2721
SP046,INT046,interview,10,SP107,TEL107,intercept,10,0,-80.73966
SP046,INT046,interview,10,SP108,TEL108,intercept,10,0,-85.20518
SP046,INT046,interview,10,SP111,TEL111,intercept,10,0,-93.37173
SP046,INT046,interview,10,SP112,TEL112,intercept,10,0,-108.6165
SP046,INT046,interview,10,SP113,TEL113,intercept,10,0,-146.5305
SP046,INT046,interview,10,SP114,TEL114,intercept,10,0,-98.37588
SP046,INT046,interview,10,SP115,TEL115,intercept,10,0,-126.0564
SP046,INT046,interview,10,SP118,TEL118,intercept,10,0,-156.6746
SP046,INT046,interview,10,SP120,TEL120,intercept,10,0,-136.958
SP046,INT046,interview,10,SP121,TEL121,intercept,10,0,-90.75419
SP047,INT047,interview,10,SP001,TEL001,intercept,10,0,-98.90221
SP047,INT047,interview,10,SP002,TEL002,intercept,10,0,-143.6746
SP047,INT047,interview,10,SP003,TEL003,intercept,10,0,-142.4524
SP047,INT047,interview,10,SP004,TEL004,intercept,10,0,-93.60043
SP047,INT047,interview,10,SP008,TEL008,intercept,10,0,-124.821
SP047,INT047,interview,10,SP010,TEL010,intercept,10,0,-90.06177
SP047,INT047,interview,10,SP011,TEL011,intercept,10,0,-95.96036
SP047,INT047,interview,10,SP012,TEL012,intercept,10,0,-79.44266
SP047,INT047,interview,10,SP013,TEL013,intercept,10,0,-88.53225
SP047,INT047,interview,10,SP015,TEL015,intercept,10,0,-76.62056
SP047,INT047,interview,10,SP016,TEL016,intercept,10,0,-105.147
SP047,INT047,interview,10,SP017,TEL017,intercept,10,0,-103.6521
SP047,INT047,interview,10,SP018,TEL018,intercept,10,0,-107.1076
SP047,INT047,interview,10,SP019,TEL019,intercept,10,0,-99.4652
SP047,INT047,interview,10,SP020,TEL020,intercept,10,0,-151.6306
SP047,INT047,interview,10,SP021,TEL021,intercept,10,0,-120.0845
SP047,INT047,interview,10,SP022,TEL022,intercept,10,0,-150.8028
SP047,INT047,interview,10,SP023,TEL023,intercept,10,0,-149.5082
SP047,INT047,interview,10,SP024,TEL024,intercept,10,0,-132.1703
SP047,INT047,interview,10,SP025,TEL025,intercept,10,0,-62.41841
SP047,INT047,interview,10,SP026,TEL026,intercept,10,0,-118.3357
SP047,INT047,interview,10,SP027,TEL027,intercept,10,0,-159.3293
SP047,INT047,interview,10,SP028,TEL028,intercept,10,0,-108.7007
SP047,INT047,interview,10,SP029,TEL029,intercept,10,0,-130.4756
SP047,INT047,interview,10,SP030,TEL030,intercept,10,0,-119.1774
SP047,INT047,interview,10,SP031,TEL031,intercept,10,0,-136.4916
SP047,INT047,interview,10,SP032,TEL032,intercept,10,0,-111.349
SP047,INT047,interview,10,SP033,TEL033,intercept,10,0,-103.7682
SP047,INT047,interview,10,SP034,TEL034,intercept,10,0,-124.9039
SP047,INT047,interview,10,SP035,TEL035,intercept,10,0,-118.6274
SP047,INT047,interview,10,SP036,TEL036,intercept,10,0,-94.05963
SP047,INT047,interview,10,SP037,TEL037,intercept,10,0,-128.9729
SP047,INT047,interview,10,SP038,TEL038,intercept,10,0,-122.644
SP047,INT047,interview,10,SP039,TEL039,intercept,10,0,-119.7494
SP047,INT047,interview,10,SP040,TEL040,intercept,10,0,-79.4267
SP047,INT047,interview,10,SP042,TEL042,intercept,10,0,-55.39184
SP047,INT047,interview,10,SP043,TEL043,intercept,10,0,-94.75578
SP047,INT047,interview,10,SP044,TEL044,intercept,10,0,-93.88736
SP047,INT047,interview,10,SP045,TEL045,intercept,10,0,-118.6987
SP047,INT047,interview,10,SP046,TEL046,intercept,10,0,-106.9586
SP047,INT047,interview,10,SP047,TEL047,intercept,10,1,-39.61456
SP047,INT047,interview,10,SP048,TEL048,intercept,10,0,-101.9407
SP047,INT047,interview,10,SP049,TEL049,intercept,10,0,-157.0883
SP047,INT047,interview,10,SP050,TEL050,intercept,10,0,-63.19122
SP047,INT047,interview,10,SP051,TEL051,intercept,10,0,-133.7827
SP047,INT047,interview,10,SP052,TEL052,intercept,10,0,-80.75288
SP047,INT047,interview,10,SP053,TEL053,intercept,10,0,-80.26628
SP047,INT047,interview,10,SP054,TEL054,intercept,10,0,-94.65094
SP047,INT047,interview,10,SP056,TEL056,intercept,10,0,-113.2525
SP047,INT047,interview,10,SP058,TEL058,intercept,10,0,-106.1538
SP047,INT047,interview,10,SP059,TEL059,intercept,10,0,-123.8018
SP047,INT047,interview,10,SP060,TEL060,intercept,10,0,-113.9466
SP047,INT047,interview,10,SP062,TEL062,intercept,10,0,-60.00401
SP047,INT047,interview,10,SP063,TEL063,intercept,10,0,-76.87525
SP047,INT047,interview,10,SP064,TEL064,intercept,10,0,-100.7947
SP047,INT047,interview,10,SP065,TEL065,intercept,10,0,-77.71143
SP047,INT047,interview,10,SP066,TEL066,intercept,10,0,-137.12
SP047,INT047,interview,10,SP067,TEL067,intercept,10,0,-87.58257
SP047,INT047,interview,10,SP068,TEL068,intercept,10,0,-120.3433
SP047,INT047,interview,10,SP069,TEL069,intercept,10,0,-101.6171
SP047,INT047,interview,10,SP071,TEL071,intercept,10,0,-113.7411
SP047,INT047,interview,10,SP072,TEL072,intercept,10,0,-70.41921
SP047,INT047,interview,10,SP073,TEL073,intercept,10,0,-115.885
SP047,INT047,interview,10,SP074,TEL074,intercept,10,0,-65.78058
SP047,INT047,interview,10,SP075,TEL075,intercept,10,0,-65.71655
SP047,INT047,interview,10,SP076,TEL076,intercept,10,0,-136.575
SP047,INT047,interview,10,SP077,TEL077,intercept,10,0,-72.10869
SP047,INT047,interview,10,SP078,TEL078,intercept,10,0,-131.1159
SP047,INT047,interview,10,SP079,TEL079,intercept,10,0,-173.8302
SP047,INT047,interview,10,SP080,TEL080,intercept,10,0,-103.1556
SP047,INT047,interview,10,SP081,TEL081,intercept,10,0,-100.6133
SP047,INT047,interview,10,SP084,TEL084,intercept,10,0,-49.40742
SP047,INT047,interview,10,SP085,TEL085,intercept,10,0,-128.3146
SP047,INT047,interview,10,SP086,TEL086,intercept,10,0,-122.5808
SP047,INT047,interview,10,SP087,TEL087,intercept,10,0,-94.477
SP047,INT047,interview,10,SP088,TEL088,intercept,10,0,-65.3374
SP047,INT047,interview,10,SP090,TEL090,intercept,10,0,-106.8427
SP047,INT047,interview,10,SP093,TEL093,intercept,10,0,-121.1767
SP047,INT047,interview,10,SP094,TEL094,intercept,10,0,-126.9424
SP047,INT047,interview,10,SP095,TEL095,intercept,10,0,-138.1439
SP047,INT047,interview,10,SP096,TEL096,intercept,10,0,-72.80436
SP047,INT047,interview,10,SP097,TEL097,intercept,10,0,-110.4765
SP047,INT047,interview,10,SP099,TEL099,intercept,10,0,-119.9998
SP047,INT047,interview,10,SP100,TEL100,intercept,10,0,-82.14962
SP047,INT047,interview,10,SP102,TEL102,intercept,10,0,-107.1163
SP047,INT047,interview,10,SP103,TEL103,intercept,10,0,-106.9828
SP047,INT047,interview,10,SP105,TEL105,intercept,10,0,-96.62347
SP047,INT047,interview,10,SP106,TEL106,intercept,10,0,-87.96284
SP047,INT047,interview,10,SP107,TEL107,intercept,10,0,-127.3133
SP047,INT047,interview,10,SP108,TEL108,intercept,10,0,-117.747
SP047,INT047,interview,10,SP111,TEL111,intercept,10,0,-92.45068
SP047,INT047,interview,10,SP112,TEL112,intercept,10,0,-99.73416
SP047,INT047,interview,10,SP113,TEL113,intercept,10,0,-89.89101
SP047,INT047,interview,10,SP114,TEL114,intercept,10,0,-65.70787
SP047,INT047,interview,10,SP115,TEL115,intercept,10,0,-106.7813
SP047,INT047,interview,10,SP118,TEL118,intercept,10,0,-114.9213
SP047,INT047,interview,10,SP120,TEL120,intercept,10,0,-129.1422
SP047,INT047,interview,10,SP121,TEL121,intercept,10,0,-106.3266
SP048,INT048,interview,10,SP001,TEL001,intercept,10,0,-147.8564
SP048,INT048,interview,10,SP002,TEL002,intercept,10,0,-139.0766
SP048,INT048,interview,10,SP003,TEL003,intercept,10,0,-155.2935
SP048,INT048,interview,10,SP004,TEL004,intercept,10,0,-119.0783
SP048,INT048,interview,10,SP008,TEL008,intercept,10,0,-104.4355
SP048,INT048,interview,10,SP010,TEL010,intercept,10,0,-124.5414
SP048,INT048,interview,10,SP011,TEL011,intercept,10,0,-129.5856
SP048,INT048,interview,10,SP012,TEL012,intercept,10,0,-125.9274
SP048,INT048,interview,10,SP013,TEL013,intercept,10,0,-52.73719
SP048,INT048,interview,10,SP015,TEL015,intercept,10,0,-135.6033
SP048,INT048,interview,10,SP016,TEL016,intercept,10,0,-97.40385
SP048,INT048,interview,10,SP017,TEL017,intercept,10,0,-107.5692
SP048,INT048,interview,10,SP018,TEL018,intercept,10,0,-127.1831
SP048,INT048,interview,10,SP019,TEL019,intercept,10,0,-71.66715
SP048,INT048,interview,10,SP020,TEL020,intercept,10,0,-141.8266
SP048,INT048,interview,10,SP021,TEL021,intercept,10,0,-108.9864
SP048,INT048,interview,10,SP022,TEL022,intercept,10,0,-134.9758
SP048,INT048,interview,10,SP023,TEL023,intercept,10,0,-98.161
SP048,INT048,interview,10,SP024,TEL024,intercept,10,0,-149.5756
SP048,INT048,interview,10,SP025,TEL025,intercept,10,0,-73.06667
SP048,INT048,interview,10,SP026,TEL026,intercept,10,0,-129.0208
SP048,INT048,interview,10,SP027,TEL027,intercept,10,0,-144.3878
SP048,INT048,interview,10,SP028,TEL028,intercept,10,0,-82.25793
SP048,INT048,interview,10,SP029,TEL029,intercept,10,0,-120.1726
SP048,INT048,interview,10,SP030,TEL030,intercept,10,0,-110.3487
SP048,INT048,interview,10,SP031,TEL031,intercept,10,0,-142.2154
SP048,INT048,interview,10,SP032,TEL032,intercept,10,0,-121.9323
SP048,INT048,interview,10,SP033,TEL033,intercept,10,0,-111.1479
SP048,INT048,interview,10,SP034,TEL034,intercept,10,0,-135.5121
SP048,INT048,interview,10,SP035,TEL035,intercept,10,0,-107.9769
SP048,INT048,interview,10,SP036,TEL036,intercept,10,0,-129.7842
SP048,INT048,interview,10,SP037,TEL037,intercept,10,0,-177.066
SP048,INT048,interview,10,SP038,TEL038,intercept,10,0,-132.6784
SP048,INT048,interview,10,SP039,TEL039,intercept,10,0,-103.0387
SP048,INT048,interview,10,SP040,TEL040,intercept,10,0,-93.89489
SP048,INT048,interview,10,SP042,TEL042,intercept,10,0,-90.34763
SP048,INT048,interview,10,SP043,TEL043,intercept,10,0,-154.922
SP048,INT048,interview,10,SP044,TEL044,intercept,10,0,-102.8119
SP048,INT048,interview,10,SP045,TEL045,intercept,10,0,-132.7032
SP048,INT048,interview,10,SP046,TEL046,intercept,10,0,-82.72756
SP048,INT048,interview,10,SP047,TEL047,intercept,10,0,-141.4987
SP048,INT048,interview,10,SP048,TEL048,intercept,10,1,-15.26812
SP048,INT048,interview,10,SP049,TEL049,intercept,10,0,-169.0839
SP048,INT048,interview,10,SP050,TEL050,intercept,10,0,-122.3132
SP048,INT048,interview,10,SP051,TEL051,intercept,10,0,-140.7901
SP048,INT048,interview,10,SP052,TEL052,intercept,10,0,-102.0928
SP048,INT048,interview,10,SP053,TEL053,intercept,10,0,-142.451
SP048,INT048,interview,10,SP054,TEL054,intercept,10,0,-106.1926
SP048,INT048,interview,10,SP056,TEL056,intercept,10,0,-129.5407
SP048,INT048,interview,10,SP058,TEL058,intercept,10,0,-125.9545
SP048,INT048,interview,10,SP059,TEL059,intercept,10,0,-114.5045
SP048,INT048,interview,10,SP060,TEL060,intercept,10,0,-93.30573
SP048,INT048,interview,10,SP062,TEL062,intercept,10,0,-127.6272
SP048,INT048,interview,10,SP063,TEL063,intercept,10,0,-156.3212
SP048,INT048,interview,10,SP064,TEL064,intercept,10,0,-120.9726
SP048,INT048,interview,10,SP065,TEL065,intercept,10,0,-73.52467
SP048,INT048,interview,10,SP066,TEL066,intercept,10,0,-155.0034
SP048,INT048,interview,10,SP067,TEL067,intercept,10,0,-106.4266
SP048,INT048,interview,10,SP068,TEL068,intercept,10,0,-127.7294
SP048,INT048,interview,10,SP069,TEL069,intercept,10,0,-103.3497
SP048,INT048,interview,10,SP071,TEL071,intercept,10,0,-127.5697
SP048,INT048,interview,10,SP072,TEL072,intercept,10,0,-100.4552
SP048,INT048,interview,10,SP073,TEL073,intercept,10,0,-135.4742
SP048,INT048,interview,10,SP074,TEL074,intercept,10,0,-113.2406
SP048,INT048,interview,10,SP075,TEL075,intercept,10,0,-146.1516
SP048,INT048,interview,10,SP076,TEL076,intercept,10,0,-151.058
SP048,INT048,interview,10,SP077,TEL077,intercept,10,0,-90.63258
SP048,INT048,interview,10,SP078,TEL078,intercept,10,0,-91.9631
SP048,INT048,interview,10,SP079,TEL079,intercept,10,0,-95.10951
SP048,INT048,interview,10,SP080,TEL080,intercept,10,0,-112.715
SP048,INT048,interview,10,SP081,TEL081,intercept,10,0,-96.96619
SP048,INT048,interview,10,SP084,TEL084,intercept,10,0,-77.98994
SP048,INT048,interview,10,SP085,TEL085,intercept,10,0,-114.4241
SP048,INT048,interview,10,SP086,TEL086,intercept,10,0,-126.5284
SP048,INT048,interview,10,SP087,TEL087,intercept,10,0,-117.1806
SP048,INT048,interview,10,SP088,TEL088,intercept,10,0,-106.8526
SP048,INT048,interview,10,SP090,TEL090,intercept,10,0,-108.4943
SP048,INT048,interview,10,SP093,TEL093,intercept,10,0,-124.8624
SP048,INT048,interview,10,SP094,TEL094,intercept,10,0,-99.30998
SP048,INT048,interview,10,SP095,TEL095,intercept,10,0,-78.69522
SP048,INT048,interview,10,SP096,TEL096,intercept,10,0,-114.2193
SP048,INT048,interview,10,SP097,TEL097,intercept,10,0,-85.31986
SP048,INT048,interview,10,SP099,TEL099,intercept,10,0,-125.1878
SP048,INT048,interview,10,SP100,TEL100,intercept,10,0,-133.1551
SP048,INT048,interview,10,SP102,TEL102,intercept,10,0,-104.2052
SP048,INT048,interview,10,SP103,TEL103,intercept,10,0,-131.7252
SP048,INT048,interview,10,SP105,TEL105,intercept,10,0,-102.9894
SP048,INT048,interview,10,SP106,TEL106,intercept,10,0,-125.0174
SP048,INT048,interview,10,SP107,TEL107,intercept,10,0,-52.62395
SP048,INT048,interview,10,SP108,TEL108,intercept,10,0,-117.1452
SP048,INT048,interview,10,SP111,TEL111,intercept,10,0,-100.7502
SP048,INT048,interview,10,SP112,TEL112,intercept,10,0,-103.1832
SP048,INT048,interview,10,SP113,TEL113,intercept,10,0,-126.0956
SP048,INT048,interview,10,SP114,TEL114,intercept,10,0,-77.8812
SP048,INT048,interview,10,SP115,TEL115,intercept,10,0,-87.64051
SP048,INT048,interview,10,SP118,TEL118,intercept,10,0,-159.5404
SP048,INT048,interview,10,SP120,TEL120,intercept,10,0,-112.5692
SP048,INT048,interview,10,SP121,TEL121,intercept,10,0,-115.4442
SP049,INT049,interview,10,SP001,TEL001,intercept,10,0,-84.78803
SP049,INT049,interview,10,SP002,TEL002,intercept,10,0,-136.4908
SP049,INT049,interview,10,SP003,TEL003,intercept,10,0,-98.58702
SP049,INT049,interview,10,SP004,TEL004,intercept,10,0,-131.9566
SP049,INT049,interview,10,SP008,TEL008,intercept,10,0,-109.2732
SP049,INT049,interview,10,SP010,TEL010,intercept,10,0,-128.7668
SP049,INT049,interview,10,SP011,TEL011,intercept,10,0,-109.5653
SP049,INT049,interview,10,SP012,TEL012,intercept,10,0,-102.9225
SP049,INT049,interview,10,SP013,TEL013,intercept,10,0,-101.4591
SP049,INT049,interview,10,SP015,TEL015,intercept,10,0,-117.9286
SP049,INT049,interview,10,SP016,TEL016,intercept,10,0,-81.55596
SP049,INT049,interview,10,SP017,TEL017,intercept,10,0,-111.016
SP049,INT049,interview,10,SP018,TEL018,intercept,10,0,-125.2303
SP049,INT049,interview,10,SP019,TEL019,intercept,10,0,-128.2033
SP049,INT049,interview,10,SP020,TEL020,intercept,10,0,-141.8627
SP049,INT049,interview,10,SP021,TEL021,intercept,10,0,-141.7546
SP049,INT049,interview,10,SP022,TEL022,intercept,10,0,-92.79442
SP049,INT049,interview,10,SP023,TEL023,intercept,10,0,-88.77399
SP049,INT049,interview,10,SP024,TEL024,intercept,10,0,-63.87734
SP049,INT049,interview,10,SP025,TEL025,intercept,10,0,-124.355
SP049,INT049,interview,10,SP026,TEL026,intercept,10,0,-110.9885
SP049,INT049,interview,10,SP027,TEL027,intercept,10,0,-171.823
SP049,INT049,interview,10,SP028,TEL028,intercept,10,0,-148.1978
SP049,INT049,interview,10,SP029,TEL029,intercept,10,0,-119.2112
SP049,INT049,interview,10,SP030,TEL030,intercept,10,0,-125.4338
SP049,INT049,interview,10,SP031,TEL031,intercept,10,0,-131.1636
SP049,INT049,interview,10,SP032,TEL032,intercept,10,0,-89.3223
SP049,INT049,interview,10,SP033,TEL033,intercept,10,0,-70.86186
SP049,INT049,interview,10,SP034,TEL034,intercept,10,0,-71.27651
SP049,INT049,interview,10,SP035,TEL035,intercept,10,0,-96.94646
SP049,INT049,interview,10,SP036,TEL036,intercept,10,0,-66.14901
SP049,INT049,interview,10,SP037,TEL037,intercept,10,0,-81.4875
SP049,INT049,interview,10,SP038,TEL038,intercept,10,0,-150.8278
SP049,INT049,interview,10,SP039,TEL039,intercept,10,0,-98.16911
SP049,INT049,interview,10,SP040,TEL040,intercept,10,0,-142.9941
SP049,INT049,interview,10,SP042,TEL042,intercept,10,0,-130.6463
SP049,INT049,interview,10,SP043,TEL043,intercept,10,0,-123.3995
SP049,INT049,interview,10,SP044,TEL044,intercept,10,0,-152.383
SP049,INT049,interview,10,SP045,TEL045,intercept,10,0,-127.3831
SP049,INT049,interview,10,SP046,TEL046,intercept,10,0,-89.88485
SP049,INT049,interview,10,SP047,TEL047,intercept,10,0,-95.98256
SP049,INT049,interview,10,SP048,TEL048,intercept,10,0,-125.3529
SP049,INT049,interview,10,SP049,TEL049,intercept,10,1,-48.33742
SP049,INT049,interview,10,SP050,TEL050,intercept,10,0,-142.5756
SP049,INT049,interview,10,SP051,TEL051,intercept,10,0,-113.8325
SP049,INT049,interview,10,SP052,TEL052,intercept,10,0,-87.86956
SP049,INT049,interview,10,SP053,TEL053,intercept,10,0,-57.99715
SP049,INT049,interview,10,SP054,TEL054,intercept,10,0,-101.804
SP049,INT049,interview,10,SP056,TEL056,intercept,10,0,-120.523
SP049,INT049,interview,10,SP058,TEL058,intercept,10,0,-73.64857
SP049,INT049,interview,10,SP059,TEL059,intercept,10,0,-93.61449
SP049,INT049,interview,10,SP060,TEL060,intercept,10,0,-112.3519
SP049,INT049,interview,10,SP062,TEL062,intercept,10,0,-110.1003
SP049,INT049,interview,10,SP063,TEL063,intercept,10,0,-126.2189
SP049,INT049,interview,10,SP064,TEL064,intercept,10,0,-110.7571
SP049,INT049,interview,10,SP065,TEL065,intercept,10,0,-165.1449
SP049,INT049,interview,10,SP066,TEL066,intercept,10,0,-155.7469
SP049,INT049,interview,10,SP067,TEL067,intercept,10,0,-126.028
SP049,INT049,interview,10,SP068,TEL068,intercept,10,0,-129.9441
SP049,INT049,interview,10,SP069,TEL069,intercept,10,0,-117.8801
SP049,INT049,interview,10,SP071,TEL071,intercept,10,0,-112.3004
SP049,INT049,interview,10,SP072,TEL072,intercept,10,0,-128.4023
SP049,INT049,interview,10,SP073,TEL073,intercept,10,0,-144.7934
SP049,INT049,interview,10,SP074,TEL074,intercept,10,0,-127.9071
SP049,INT049,interview,10,SP075,TEL075,intercept,10,0,-131.8365
SP049,INT049,interview,10,SP076,TEL076,intercept,10,0,-188.4457
SP049,INT049,interview,10,SP077,TEL077,intercept,10,0,-123.546
SP049,INT049,interview,10,SP078,TEL078,intercept,10,0,-135.6128
SP049,INT049,interview,10,SP079,TEL079,intercept,10,0,-102.1709
SP049,INT049,interview,10,SP080,TEL080,intercept,10,0,-104.6287
SP049,INT049,interview,10,SP081,TEL081,intercept,10,0,-127.2028
SP049,INT049,interview,10,SP084,TEL084,intercept,10,0,-65.18253
SP049,INT049,interview,10,SP085,TEL085,intercept,10,0,-124.0015
SP049,INT049,interview,10,SP086,TEL086,intercept,10,0,-139.8094
SP049,INT049,interview,10,SP087,TEL087,intercept,10,0,-117.4962
SP049,INT049,interview,10,SP088,TEL088,intercept,10,0,-112.2761
SP049,INT049,interview,10,SP090,TEL090,intercept,10,0,-129.7025
SP049,INT049,interview,10,SP093,TEL093,intercept,10,0,-108.2894
SP049,INT049,interview,10,SP094,TEL094,intercept,10,0,-121.6439
SP049,INT049,interview,10,SP095,TEL095,intercept,10,0,-102.0745
SP049,INT049,interview,10,SP096,TEL096,intercept,10,0,-126.6848
SP049,INT049,interview,10,SP097,TEL097,intercept,10,0,-76.5108
SP049,INT049,interview,10,SP099,TEL099,intercept,10,0,-127.2801
SP049,INT049,interview,10,SP100,TEL100,intercept,10,0,-140.5815
SP049,INT049,interview,10,SP102,TEL102,intercept,10,0,-120.8164
SP049,INT049,interview,10,SP103,TEL103,intercept,10,0,-69.85645
SP049,INT049,interview,10,SP105,TEL105,intercept,10,0,-140.1281
SP049,INT049,interview,10,SP106,TEL106,intercept,10,0,-131.7191
SP049,INT049,interview,10,SP107,TEL107,intercept,10,0,-109.7024
SP049,INT049,interview,10,SP108,TEL108,intercept,10,0,-44.79537
SP049,INT049,interview,10,SP111,TEL111,intercept,10,0,-137.6344
SP049,INT049,interview,10,SP112,TEL112,intercept,10,0,-104.5542
SP049,INT049,interview,10,SP113,TEL113,intercept,10,0,-143.2986
SP049,INT049,interview,10,SP114,TEL114,intercept,10,0,-139.8087
SP049,INT049,interview,10,SP115,TEL115,intercept,10,0,-127.4413
SP049,INT049,interview,10,SP118,TEL118,intercept,10,0,-92.60496
SP049,INT049,interview,10,SP120,TEL120,intercept,10,0,-163.1196
SP049,INT049,interview,10,SP121,TEL121,intercept,10,0,-139.2656
SP050,INT050,interview,10,SP001,TEL001,intercept,10,0,-71.00948
SP050,INT050,interview,10,SP002,TEL002,intercept,10,0,-94.67072
SP050,INT050,interview,10,SP003,TEL003,intercept,10,0,-116.4247
SP050,INT050,interview,10,SP004,TEL004,intercept,10,0,-82.06604
SP050,INT050,interview,10,SP008,TEL008,intercept,10,0,-115.3251
SP050,INT050,interview,10,SP010,TEL010,intercept,10,0,-77.75475
SP050,INT050,interview,10,SP011,TEL011,intercept,10,0,-89.83524
SP050,INT050,interview,10,SP012,TEL012,intercept,10,0,-76.57509
SP050,INT050,interview,10,SP013,TEL013,intercept,10,0,-110.5574
SP050,INT050,interview,10,SP015,TEL015,intercept,10,0,-55.62408
SP050,INT050,interview,10,SP016,TEL016,intercept,10,0,-103.4981
SP050,INT050,interview,10,SP017,TEL017,intercept,10,0,-57.50209
SP050,INT050,interview,10,SP018,TEL018,intercept,10,0,-88.82835
SP050,INT050,interview,10,SP019,TEL019,intercept,10,0,-110.5977
SP050,INT050,interview,10,SP020,TEL020,intercept,10,0,-81.80924
SP050,INT050,interview,10,SP021,TEL021,intercept,10,0,-94.62665
SP050,INT050,interview,10,SP022,TEL022,intercept,10,0,-109.4093
SP050,INT050,interview,10,SP023,TEL023,intercept,10,0,-92.08073
SP050,INT050,interview,10,SP024,TEL024,intercept,10,0,-125.9454
SP050,INT050,interview,10,SP025,TEL025,intercept,10,0,-33.82219
SP050,INT050,interview,10,SP026,TEL026,intercept,10,0,-56.22445
SP050,INT050,interview,10,SP027,TEL027,intercept,10,0,-112.0984
SP050,INT050,interview,10,SP028,TEL028,intercept,10,0,-70.23023
SP050,INT050,interview,10,SP029,TEL029,intercept,10,0,-93.65753
SP050,INT050,interview,10,SP030,TEL030,intercept,10,0,-63.00119
SP050,INT050,interview,10,SP031,TEL031,intercept,10,0,-74.36135
SP050,INT050,interview,10,SP032,TEL032,intercept,10,0,-92.25613
SP050,INT050,interview,10,SP033,TEL033,intercept,10,0,-78.46358
SP050,INT050,interview,10,SP034,TEL034,intercept,10,0,-71.18138
SP050,INT050,interview,10,SP035,TEL035,intercept,10,0,-64.83831
SP050,INT050,interview,10,SP036,TEL036,intercept,10,0,-60.5694
SP050,INT050,interview,10,SP037,TEL037,intercept,10,0,-143.7548
SP050,INT050,interview,10,SP038,TEL038,intercept,10,0,-159.3294
SP050,INT050,interview,10,SP039,TEL039,intercept,10,0,-116.1324
SP050,INT050,interview,10,SP040,TEL040,intercept,10,0,-81.18104
SP050,INT050,interview,10,SP042,TEL042,intercept,10,0,-54.17804
SP050,INT050,interview,10,SP043,TEL043,intercept,10,0,-62.79217
SP050,INT050,interview,10,SP044,TEL044,intercept,10,0,-54.76056
SP050,INT050,interview,10,SP045,TEL045,intercept,10,0,-122.3263
SP050,INT050,interview,10,SP046,TEL046,intercept,10,0,-77.31397
SP050,INT050,interview,10,SP047,TEL047,intercept,10,0,-109.818
SP050,INT050,interview,10,SP048,TEL048,intercept,10,0,-95.18195
SP050,INT050,interview,10,SP049,TEL049,intercept,10,0,-146.0642
SP050,INT050,interview,10,SP050,TEL050,intercept,10,1,-32.39522
SP050,INT050,interview,10,SP051,TEL051,intercept,10,0,-82.24359
SP050,INT050,interview,10,SP052,TEL052,intercept,10,0,-99.22693
SP050,INT050,interview,10,SP053,TEL053,intercept,10,0,-72.16817
SP050,INT050,interview,10,SP054,TEL054,intercept,10,0,-89.88193
SP050,INT050,interview,10,SP056,TEL056,intercept,10,0,-77.00697
SP050,INT050,interview,10,SP058,TEL058,intercept,10,0,-78.79102
SP050,INT050,interview,10,SP059,TEL059,intercept,10,0,-104.7373
SP050,INT050,interview,10,SP060,TEL060,intercept,10,0,-81.87263
SP050,INT050,interview,10,SP062,TEL062,intercept,10,0,-35.77506
SP050,INT050,interview,10,SP063,TEL063,intercept,10,0,-64.01196
SP050,INT050,interview,10,SP064,TEL064,intercept,10,0,-95.89144
SP050,INT050,interview,10,SP065,TEL065,intercept,10,0,-93.26363
SP050,INT050,interview,10,SP066,TEL066,intercept,10,0,-77.05859
SP050,INT050,interview,10,SP067,TEL067,intercept,10,0,-134.4271
SP050,INT050,interview,10,SP068,TEL068,intercept,10,0,-109.5918
SP050,INT050,interview,10,SP069,TEL069,intercept,10,0,-108.8576
SP050,INT050,interview,10,SP071,TEL071,intercept,10,0,-96.66506
SP050,INT050,interview,10,SP072,TEL072,intercept,10,0,-80.57091
SP050,INT050,interview,10,SP073,TEL073,intercept,10,0,-91.37415
SP050,INT050,interview,10,SP074,TEL074,intercept,10,0,-52.27899
SP050,INT050,interview,10,SP075,TEL075,intercept,10,0,-85.18689
SP050,INT050,interview,10,SP076,TEL076,intercept,10,0,-52.02371
SP050,INT050,interview,10,SP077,TEL077,intercept,10,0,-107.3976
SP050,INT050,interview,10,SP078,TEL078,intercept,10,0,-108.6167
SP050,INT050,interview,10,SP079,TEL079,intercept,10,0,-105.5156
SP050,INT050,interview,10,SP080,TEL080,intercept,10,0,-93.08408
SP050,INT050,interview,10,SP081,TEL081,intercept,10,0,-126.2544
SP050,INT050,interview,10,SP084,TEL084,intercept,10,0,-57.25829
SP050,INT050,interview,10,SP085,TEL085,intercept,10,0,-107.9592
SP050,INT050,interview,10,SP086,TEL086,intercept,10,0,-96.33167
SP050,INT050,interview,10,SP087,TEL087,intercept,10,0,-61.48135
SP050,INT050,interview,10,SP088,TEL088,intercept,10,0,-41.93417
SP050,INT050,interview,10,SP090,TEL090,intercept,10,0,-23.96427
SP050,INT050,interview,10,SP093,TEL093,intercept,10,0,-74.0172
SP050,INT050,interview,10,SP094,TEL094,intercept,10,0,-65.39389
SP050,INT050,interview,10,SP095,TEL095,intercept,10,0,-57.90346
SP050,INT050,interview,10,SP096,TEL096,intercept,10,0,-110.8495
SP050,INT050,interview,10,SP097,TEL097,intercept,10,0,-102.9024
SP050,INT050,interview,10,SP099,TEL099,intercept,10,0,-111.6832
SP050,INT050,interview,10,SP100,TEL100,intercept,10,0,-72.65578
SP050,INT050,interview,10,SP102,TEL102,intercept,10,0,-26.2382
SP050,INT050,interview,10,SP103,TEL103,intercept,10,0,-109.8659
SP050,INT050,interview,10,SP105,TEL105,intercept,10,0,-73.86945
SP050,INT050,interview,10,SP106,TEL106,intercept,10,0,-89.01167
SP050,INT050,interview,10,SP107,TEL107,intercept,10,0,-101.6123
SP050,INT050,interview,10,SP108,TEL108,intercept,10,0,-102.2699
SP050,INT050,interview,10,SP111,TEL111,intercept,10,0,-80.56024
SP050,INT050,interview,10,SP112,TEL112,intercept,10,0,-73.76214
SP050,INT050,interview,10,SP113,TEL113,intercept,10,0,-107.6118
SP050,INT050,interview,10,SP114,TEL114,intercept,10,0,-83.60079
SP050,INT050,interview,10,SP115,TEL115,intercept,10,0,-72.58149
SP050,INT050,interview,10,SP118,TEL118,intercept,10,0,-84.97845
SP050,INT050,interview,10,SP120,TEL120,intercept,10,0,-43.01342
SP050,INT050,interview,10,SP121,TEL121,intercept,10,0,-27.28836
SP051,INT051,interview,10,SP001,TEL001,intercept,10,0,-85.14987
SP051,INT051,interview,10,SP002,TEL002,intercept,10,0,-120.7631
SP051,INT051,interview,10,SP003,TEL003,intercept,10,0,-114.4493
SP051,INT051,interview,10,SP004,TEL004,intercept,10,0,-123.5315
SP051,INT051,interview,10,SP008,TEL008,intercept,10,0,-139.8139
SP051,INT051,interview,10,SP010,TEL010,intercept,10,0,-111.8481
SP051,INT051,interview,10,SP011,TEL011,intercept,10,0,-93.73384
SP051,INT051,interview,10,SP012,TEL012,intercept,10,0,-108.46
SP051,INT051,interview,10,SP013,TEL013,intercept,10,0,-115.4465
SP051,INT051,interview,10,SP015,TEL015,intercept,10,0,-83.13432
SP051,INT051,interview,10,SP016,TEL016,intercept,10,0,-80.46156
SP051,INT051,interview,10,SP017,TEL017,intercept,10,0,-101.1987
SP051,INT051,interview,10,SP018,TEL018,intercept,10,0,-116.343
SP051,INT051,interview,10,SP019,TEL019,intercept,10,0,-138.9491
SP051,INT051,interview,10,SP020,TEL020,intercept,10,0,-169.5168
SP051,INT051,interview,10,SP021,TEL021,intercept,10,0,-141.1801
SP051,INT051,interview,10,SP022,TEL022,intercept,10,0,-127.2365
SP051,INT051,interview,10,SP023,TEL023,intercept,10,0,-108.0682
SP051,INT051,interview,10,SP024,TEL024,intercept,10,0,-82.53336
SP051,INT051,interview,10,SP025,TEL025,intercept,10,0,-84.27135
SP051,INT051,interview,10,SP026,TEL026,intercept,10,0,-103.3079
SP051,INT051,interview,10,SP027,TEL027,intercept,10,0,-149.0757
SP051,INT051,interview,10,SP028,TEL028,intercept,10,0,-139.9964
SP051,INT051,interview,10,SP029,TEL029,intercept,10,0,-124.6785
SP051,INT051,interview,10,SP030,TEL030,intercept,10,0,-90.94905
SP051,INT051,interview,10,SP031,TEL031,intercept,10,0,-134.145
SP051,INT051,interview,10,SP032,TEL032,intercept,10,0,-105.4976
SP051,INT051,interview,10,SP033,TEL033,intercept,10,0,-104.8436
SP051,INT051,interview,10,SP034,TEL034,intercept,10,0,-87.36181
SP051,INT051,interview,10,SP035,TEL035,intercept,10,0,-103.6451
SP051,INT051,interview,10,SP036,TEL036,intercept,10,0,-99.73232
SP051,INT051,interview,10,SP037,TEL037,intercept,10,0,-123.5146
SP051,INT051,interview,10,SP038,TEL038,intercept,10,0,-141.3663
SP051,INT051,interview,10,SP039,TEL039,intercept,10,0,-141.7952
SP051,INT051,interview,10,SP040,TEL040,intercept,10,0,-97.73377
SP051,INT051,interview,10,SP042,TEL042,intercept,10,0,-136.5287
SP051,INT051,interview,10,SP043,TEL043,intercept,10,0,-152.8074
SP051,INT051,interview,10,SP044,TEL044,intercept,10,0,-134.6503
SP051,INT051,interview,10,SP045,TEL045,intercept,10,0,-135.6732
SP051,INT051,interview,10,SP046,TEL046,intercept,10,0,-107.488
SP051,INT051,interview,10,SP047,TEL047,intercept,10,0,-106.5041
SP051,INT051,interview,10,SP048,TEL048,intercept,10,0,-117.4885
SP051,INT051,interview,10,SP049,TEL049,intercept,10,0,-116.693
SP051,INT051,interview,10,SP050,TEL050,intercept,10,0,-124.3273
SP051,INT051,interview,10,SP051,TEL051,intercept,10,1,-31.8658
SP051,INT051,interview,10,SP052,TEL052,intercept,10,0,-103.2916
SP051,INT051,interview,10,SP053,TEL053,intercept,10,0,-83.80975
SP051,INT051,interview,10,SP054,TEL054,intercept,10,0,-100.9028
SP051,INT051,interview,10,SP056,TEL056,intercept,10,0,-128.5115
SP051,INT051,interview,10,SP058,TEL058,intercept,10,0,-107.0524
SP051,INT051,interview,10,SP059,TEL059,intercept,10,0,-127.0947
SP051,INT051,interview,10,SP060,TEL060,intercept,10,0,-116.0955
SP051,INT051,interview,10,SP062,TEL062,intercept,10,0,-128.1947
SP051,INT051,interview,10,SP063,TEL063,intercept,10,0,-112.7355
SP051,INT051,interview,10,SP064,TEL064,intercept,10,0,-140.4051
SP051,INT051,interview,10,SP065,TEL065,intercept,10,0,-124.2485
SP051,INT051,interview,10,SP066,TEL066,intercept,10,0,-135.8677
SP051,INT051,interview,10,SP067,TEL067,intercept,10,0,-147.6308
SP051,INT051,interview,10,SP068,TEL068,intercept,10,0,-157.4625
SP051,INT051,interview,10,SP069,TEL069,intercept,10,0,-117.44
SP051,INT051,interview,10,SP071,TEL071,intercept,10,0,-127.3137
SP051,INT051,interview,10,SP072,TEL072,intercept,10,0,-128.8924
SP051,INT051,interview,10,SP073,TEL073,intercept,10,0,-136.1219
SP051,INT051,interview,10,SP074,TEL074,intercept,10,0,-121.3424
SP051,INT051,interview,10,SP075,TEL075,intercept,10,0,-131.4712
SP051,INT051,interview,10,SP076,TEL076,intercept,10,0,-132.2902
SP051,INT051,interview,10,SP077,TEL077,intercept,10,0,-123.8529
SP051,INT051,interview,10,SP078,TEL078,intercept,10,0,-180.0959
SP051,INT051,interview,10,SP079,TEL079,intercept,10,0,-123.6297
SP051,INT051,interview,10,SP080,TEL080,intercept,10,0,-120.6703
SP051,INT051,interview,10,SP081,TEL081,intercept,10,0,-159.5467
SP051,INT051,interview,10,SP084,TEL084,intercept,10,0,-93.30869
SP051,INT051,interview,10,SP085,TEL085,intercept,10,0,-147.9515
SP051,INT051,interview,10,SP086,TEL086,intercept,10,0,-149.0867
SP051,INT051,interview,10,SP087,TEL087,intercept,10,0,-113.5444
SP051,INT051,interview,10,SP088,TEL088,intercept,10,0,-90.22742
SP051,INT051,interview,10,SP090,TEL090,intercept,10,0,-93.83769
SP051,INT051,interview,10,SP093,TEL093,intercept,10,0,-134.4152
SP051,INT051,interview,10,SP094,TEL094,intercept,10,0,-109.048
SP051,INT051,interview,10,SP095,TEL095,intercept,10,0,-118.5625
SP051,INT051,interview,10,SP096,TEL096,intercept,10,0,-160.0512
SP051,INT051,interview,10,SP097,TEL097,intercept,10,0,-111.9179
SP051,INT051,interview,10,SP099,TEL099,intercept,10,0,-122.1347
SP051,INT051,interview,10,SP100,TEL100,intercept,10,0,-115.9676
SP051,INT051,interview,10,SP102,TEL102,intercept,10,0,-126.698
SP051,INT051,interview,10,SP103,TEL103,intercept,10,0,-60.31202
SP051,INT051,interview,10,SP105,TEL105,intercept,10,0,-127.6587
SP051,INT051,interview,10,SP106,TEL106,intercept,10,0,-152.2145
SP051,INT051,interview,10,SP107,TEL107,intercept,10,0,-105.2357
SP051,INT051,interview,10,SP108,TEL108,intercept,10,0,-109.5351
SP051,INT051,interview,10,SP111,TEL111,intercept,10,0,-110.4704
SP051,INT051,interview,10,SP112,TEL112,intercept,10,0,-118.0438
SP051,INT051,interview,10,SP113,TEL113,intercept,10,0,-141.61
SP051,INT051,interview,10,SP114,TEL114,intercept,10,0,-128.2963
SP051,INT051,interview,10,SP115,TEL115,intercept,10,0,-106.1053
SP051,INT051,interview,10,SP118,TEL118,intercept,10,0,-101.5219
SP051,INT051,interview,10,SP120,TEL120,intercept,10,0,-145.5945
SP051,INT051,interview,10,SP121,TEL121,intercept,10,0,-134.2242
SP052,INT052,interview,10,SP001,TEL001,intercept,10,0,-117.6059
SP052,INT052,interview,10,SP002,TEL002,intercept,10,0,-132.5377
SP052,INT052,interview,10,SP003,TEL003,intercept,10,0,-108.0826
SP052,INT052,interview,10,SP004,TEL004,intercept,10,0,-120.0962
SP052,INT052,interview,10,SP008,TEL008,intercept,10,0,-130.8155
SP052,INT052,interview,10,SP010,TEL010,intercept,10,0,-113.1887
SP052,INT052,interview,10,SP011,TEL011,intercept,10,0,-109.7367
SP052,INT052,interview,10,SP012,TEL012,intercept,10,0,-98.56181
SP052,INT052,interview,10,SP013,TEL013,intercept,10,0,-109.6163
SP052,INT052,interview,10,SP015,TEL015,intercept,10,0,-107.8672
SP052,INT052,interview,10,SP016,TEL016,intercept,10,0,-109.1819
SP052,INT052,interview,10,SP017,TEL017,intercept,10,0,-124.8937
SP052,INT052,interview,10,SP018,TEL018,intercept,10,0,-135.8932
SP052,INT052,interview,10,SP019,TEL019,intercept,10,0,-127.5543
SP052,INT052,interview,10,SP020,TEL020,intercept,10,0,-140.3478
SP052,INT052,interview,10,SP021,TEL021,intercept,10,0,-143.6134
SP052,INT052,interview,10,SP022,TEL022,intercept,10,0,-100.4976
SP052,INT052,interview,10,SP023,TEL023,intercept,10,0,-97.68114
SP052,INT052,interview,10,SP024,TEL024,intercept,10,0,-127.6179
SP052,INT052,interview,10,SP025,TEL025,intercept,10,0,-81.15312
SP052,INT052,interview,10,SP026,TEL026,intercept,10,0,-122.8562
SP052,INT052,interview,10,SP027,TEL027,intercept,10,0,-160.1755
SP052,INT052,interview,10,SP028,TEL028,intercept,10,0,-111.986
SP052,INT052,interview,10,SP029,TEL029,intercept,10,0,-95.89714
SP052,INT052,interview,10,SP030,TEL030,intercept,10,0,-149.1591
SP052,INT052,interview,10,SP031,TEL031,intercept,10,0,-161.2301
SP052,INT052,interview,10,SP032,TEL032,intercept,10,0,-109.7671
SP052,INT052,interview,10,SP033,TEL033,intercept,10,0,-56.69203
SP052,INT052,interview,10,SP034,TEL034,intercept,10,0,-77.00647
SP052,INT052,interview,10,SP035,TEL035,intercept,10,0,-90.33309
SP052,INT052,interview,10,SP036,TEL036,intercept,10,0,-91.90635
SP052,INT052,interview,10,SP037,TEL037,intercept,10,0,-122.5281
SP052,INT052,interview,10,SP038,TEL038,intercept,10,0,-149.2762
SP052,INT052,interview,10,SP039,TEL039,intercept,10,0,-126.7438
SP052,INT052,interview,10,SP040,TEL040,intercept,10,0,-109.4857
SP052,INT052,interview,10,SP042,TEL042,intercept,10,0,-74.74769
SP052,INT052,interview,10,SP043,TEL043,intercept,10,0,-136.0653
SP052,INT052,interview,10,SP044,TEL044,intercept,10,0,-141.3094
SP052,INT052,interview,10,SP045,TEL045,intercept,10,0,-110.309
SP052,INT052,interview,10,SP046,TEL046,intercept,10,0,-86.47329
SP052,INT052,interview,10,SP047,TEL047,intercept,10,0,-127.8286
SP052,INT052,interview,10,SP048,TEL048,intercept,10,0,-95.26785
SP052,INT052,interview,10,SP049,TEL049,intercept,10,0,-127.3954
SP052,INT052,interview,10,SP050,TEL050,intercept,10,0,-96.01367
SP052,INT052,interview,10,SP051,TEL051,intercept,10,0,-137.446
SP052,INT052,interview,10,SP052,TEL052,intercept,10,1,-36.41425
SP052,INT052,interview,10,SP053,TEL053,intercept,10,0,-98.21518
SP052,INT052,interview,10,SP054,TEL054,intercept,10,0,-112.6142
SP052,INT052,interview,10,SP056,TEL056,intercept,10,0,-141.0457
SP052,INT052,interview,10,SP058,TEL058,intercept,10,0,-80.10606
SP052,INT052,interview,10,SP059,TEL059,intercept,10,0,-112.1549
SP052,INT052,interview,10,SP060,TEL060,intercept,10,0,-56.96327
SP052,INT052,interview,10,SP062,TEL062,intercept,10,0,-97.03155
SP052,INT052,interview,10,SP063,TEL063,intercept,10,0,-122.5616
SP052,INT052,interview,10,SP064,TEL064,intercept,10,0,-90.08833
SP052,INT052,interview,10,SP065,TEL065,intercept,10,0,-137.8055
SP052,INT052,interview,10,SP066,TEL066,intercept,10,0,-164.2337
SP052,INT052,interview,10,SP067,TEL067,intercept,10,0,-133.09
SP052,INT052,interview,10,SP068,TEL068,intercept,10,0,-105.0564
SP052,INT052,interview,10,SP069,TEL069,intercept,10,0,-114.0137
SP052,INT052,interview,10,SP071,TEL071,intercept,10,0,-116.4596
SP052,INT052,interview,10,SP072,TEL072,intercept,10,0,-135.6544
SP052,INT052,interview,10,SP073,TEL073,intercept,10,0,-143.6409
SP052,INT052,interview,10,SP074,TEL074,intercept,10,0,-116.1712
SP052,INT052,interview,10,SP075,TEL075,intercept,10,0,-115.6135
SP052,INT052,interview,10,SP076,TEL076,intercept,10,0,-168.2547
SP052,INT052,interview,10,SP077,TEL077,intercept,10,0,-120.2472
SP052,INT052,interview,10,SP078,TEL078,intercept,10,0,-89.60069
SP052,INT052,interview,10,SP079,TEL079,intercept,10,0,-117.2651
SP052,INT052,interview,10,SP080,TEL080,intercept,10,0,-75.57123
SP052,INT052,interview,10,SP081,TEL081,intercept,10,0,-125.0918
SP052,INT052,interview,10,SP084,TEL084,intercept,10,0,-68.7978
SP052,INT052,interview,10,SP085,TEL085,intercept,10,0,-107.6212
SP052,INT052,interview,10,SP086,TEL086,intercept,10,0,-162.7941
SP052,INT052,interview,10,SP087,TEL087,intercept,10,0,-87.36495
SP052,INT052,interview,10,SP088,TEL088,intercept,10,0,-86.59232
SP052,INT052,interview,10,SP090,TEL090,intercept,10,0,-81.60639
SP052,INT052,interview,10,SP093,TEL093,intercept,10,0,-95.75546
SP052,INT052,interview,10,SP094,TEL094,intercept,10,0,-75.77934
SP052,INT052,interview,10,SP095,TEL095,intercept,10,0,-91.61558
SP052,INT052,interview,10,SP096,TEL096,intercept,10,0,-85.12523
SP052,INT052,interview,10,SP097,TEL097,intercept,10,0,-117.0418
SP052,INT052,interview,10,SP099,TEL099,intercept,10,0,-123.4557
SP052,INT052,interview,10,SP100,TEL100,intercept,10,0,-115.5531
SP052,INT052,interview,10,SP102,TEL102,intercept,10,0,-61.85834
SP052,INT052,interview,10,SP103,TEL103,intercept,10,0,-118.1674
SP052,INT052,interview,10,SP105,TEL105,intercept,10,0,-134.7492
SP052,INT052,interview,10,SP106,TEL106,intercept,10,0,-137.3996
SP052,INT052,interview,10,SP107,TEL107,intercept,10,0,-84.07281
SP052,INT052,interview,10,SP108,TEL108,intercept,10,0,-121.1904
SP052,INT052,interview,10,SP111,TEL111,intercept,10,0,-129.0982
SP052,INT052,interview,10,SP112,TEL112,intercept,10,0,-90.66692
SP052,INT052,interview,10,SP113,TEL113,intercept,10,0,-133.1558
SP052,INT052,interview,10,SP114,TEL114,intercept,10,0,-121.7349
SP052,INT052,interview,10,SP115,TEL115,intercept,10,0,-92.23678
SP052,INT052,interview,10,SP118,TEL118,intercept,10,0,-108.3709
SP052,INT052,interview,10,SP120,TEL120,intercept,10,0,-110.4215
SP052,INT052,interview,10,SP121,TEL121,intercept,10,0,-129.3767
SP053,INT053,interview,10,SP001,TEL001,intercept,10,0,-77.54494
SP053,INT053,interview,10,SP002,TEL002,intercept,10,0,-126.1057
SP053,INT053,interview,10,SP003,TEL003,intercept,10,0,-116.0226
SP053,INT053,interview,10,SP004,TEL004,intercept,10,0,-124.6635
SP053,INT053,interview,10,SP008,TEL008,intercept,10,0,-125.3045
SP053,INT053,interview,10,SP010,TEL010,intercept,10,0,-115.9675
SP053,INT053,interview,10,SP011,TEL011,intercept,10,0,-123.091
SP053,INT053,interview,10,SP012,TEL012,intercept,10,0,-108.2551
SP053,INT053,interview,10,SP013,TEL013,intercept,10,0,-138.8128
SP053,INT053,interview,10,SP015,TEL015,intercept,10,0,-117.376
SP053,INT053,interview,10,SP016,TEL016,intercept,10,0,-132.7652
SP053,INT053,interview,10,SP017,TEL017,intercept,10,0,-110.2458
SP053,INT053,interview,10,SP018,TEL018,intercept,10,0,-117.8467
SP053,INT053,interview,10,SP019,TEL019,intercept,10,0,-118.5138
SP053,INT053,interview,10,SP020,TEL020,intercept,10,0,-135.2378
SP053,INT053,interview,10,SP021,TEL021,intercept,10,0,-144.33
SP053,INT053,interview,10,SP022,TEL022,intercept,10,0,-128.5567
SP053,INT053,interview,10,SP023,TEL023,intercept,10,0,-101.0994
SP053,INT053,interview,10,SP024,TEL024,intercept,10,0,-93.93331
SP053,INT053,interview,10,SP025,TEL025,intercept,10,0,-89.49909
SP053,INT053,interview,10,SP026,TEL026,intercept,10,0,-132.9608
SP053,INT053,interview,10,SP027,TEL027,intercept,10,0,-169.5159
SP053,INT053,interview,10,SP028,TEL028,intercept,10,0,-140.9949
SP053,INT053,interview,10,SP029,TEL029,intercept,10,0,-98.6718
SP053,INT053,interview,10,SP030,TEL030,intercept,10,0,-123.0425
SP053,INT053,interview,10,SP031,TEL031,intercept,10,0,-116.5222
SP053,INT053,interview,10,SP032,TEL032,intercept,10,0,-107.004
SP053,INT053,interview,10,SP033,TEL033,intercept,10,0,-77.84184
SP053,INT053,interview,10,SP034,TEL034,intercept,10,0,-92.29617
SP053,INT053,interview,10,SP035,TEL035,intercept,10,0,-81.18545
SP053,INT053,interview,10,SP036,TEL036,intercept,10,0,-80.81544
SP053,INT053,interview,10,SP037,TEL037,intercept,10,0,-138.8246
SP053,INT053,interview,10,SP038,TEL038,intercept,10,0,-146.0381
SP053,INT053,interview,10,SP039,TEL039,intercept,10,0,-122.0789
SP053,INT053,interview,10,SP040,TEL040,intercept,10,0,-135.759
SP053,INT053,interview,10,SP042,TEL042,intercept,10,0,-106.2747
SP053,INT053,interview,10,SP043,TEL043,intercept,10,0,-128.2348
SP053,INT053,interview,10,SP044,TEL044,intercept,10,0,-125.599
SP053,INT053,interview,10,SP045,TEL045,intercept,10,0,-129.2112
SP053,INT053,interview,10,SP046,TEL046,intercept,10,0,-125.6023
SP053,INT053,interview,10,SP047,TEL047,intercept,10,0,-144.1688
SP053,INT053,interview,10,SP048,TEL048,intercept,10,0,-124.0283
SP053,INT053,interview,10,SP049,TEL049,intercept,10,0,-113.2937
SP053,INT053,interview,10,SP050,TEL050,intercept,10,0,-142.8449
SP053,INT053,interview,10,SP051,TEL051,intercept,10,0,-138.4309
SP053,INT053,interview,10,SP052,TEL052,intercept,10,0,-83.6292
SP053,INT053,interview,10,SP053,TEL053,intercept,10,1,-2.711181
SP053,INT053,interview,10,SP054,TEL054,intercept,10,0,-132.4931
SP053,INT053,interview,10,SP056,TEL056,intercept,10,0,-143.7544
SP053,INT053,interview,10,SP058,TEL058,intercept,10,0,-101.0423
SP053,INT053,interview,10,SP059,TEL059,intercept,10,0,-90.11585
SP053,INT053,interview,10,SP060,TEL060,intercept,10,0,-100.6228
SP053,INT053,interview,10,SP062,TEL062,intercept,10,0,-99.58491
SP053,INT053,interview,10,SP063,TEL063,intercept,10,0,-100.9447
SP053,INT053,interview,10,SP064,TEL064,intercept,10,0,-94.98486
SP053,INT053,interview,10,SP065,TEL065,intercept,10,0,-126.9288
SP053,INT053,interview,10,SP066,TEL066,intercept,10,0,-169.4165
SP053,INT053,interview,10,SP067,TEL067,intercept,10,0,-139.5259
SP053,INT053,interview,10,SP068,TEL068,intercept,10,0,-124.5955
SP053,INT053,interview,10,SP069,TEL069,intercept,10,0,-149.7514
SP053,INT053,interview,10,SP071,TEL071,intercept,10,0,-127.0877
SP053,INT053,interview,10,SP072,TEL072,intercept,10,0,-131.1912
SP053,INT053,interview,10,SP073,TEL073,intercept,10,0,-130.601
SP053,INT053,interview,10,SP074,TEL074,intercept,10,0,-122.422
SP053,INT053,interview,10,SP075,TEL075,intercept,10,0,-123.7669
SP053,INT053,interview,10,SP076,TEL076,intercept,10,0,-153.8554
SP053,INT053,interview,10,SP077,TEL077,intercept,10,0,-123.1252
SP053,INT053,interview,10,SP078,TEL078,intercept,10,0,-155.2345
SP053,INT053,interview,10,SP079,TEL079,intercept,10,0,-131.2233
SP053,INT053,interview,10,SP080,TEL080,intercept,10,0,-110.958
SP053,INT053,interview,10,SP081,TEL081,intercept,10,0,-147.229
SP053,INT053,interview,10,SP084,TEL084,intercept,10,0,-82.92622
SP053,INT053,interview,10,SP085,TEL085,intercept,10,0,-126.7194
SP053,INT053,interview,10,SP086,TEL086,intercept,10,0,-155.909
SP053,INT053,interview,10,SP087,TEL087,intercept,10,0,-101.0523
SP053,INT053,interview,10,SP088,TEL088,intercept,10,0,-91.52535
SP053,INT053,interview,10,SP090,TEL090,intercept,10,0,-142.7719
SP053,INT053,interview,10,SP093,TEL093,intercept,10,0,-92.16511
SP053,INT053,interview,10,SP094,TEL094,intercept,10,0,-115.6316
SP053,INT053,interview,10,SP095,TEL095,intercept,10,0,-121.2943
SP053,INT053,interview,10,SP096,TEL096,intercept,10,0,-141.0104
SP053,INT053,interview,10,SP097,TEL097,intercept,10,0,-79.2041
SP053,INT053,interview,10,SP099,TEL099,intercept,10,0,-106.8976
SP053,INT053,interview,10,SP100,TEL100,intercept,10,0,-127.2648
SP053,INT053,interview,10,SP102,TEL102,intercept,10,0,-113.1087
SP053,INT053,interview,10,SP103,TEL103,intercept,10,0,-104.1438
SP053,INT053,interview,10,SP105,TEL105,intercept,10,0,-135.8541
SP053,INT053,interview,10,SP106,TEL106,intercept,10,0,-124.2006
SP053,INT053,interview,10,SP107,TEL107,intercept,10,0,-94.95537
SP053,INT053,interview,10,SP108,TEL108,intercept,10,0,-51.12182
SP053,INT053,interview,10,SP111,TEL111,intercept,10,0,-139.0172
SP053,INT053,interview,10,SP112,TEL112,intercept,10,0,-122.6495
SP053,INT053,interview,10,SP113,TEL113,intercept,10,0,-109.2046
SP053,INT053,interview,10,SP114,TEL114,intercept,10,0,-124.375
SP053,INT053,interview,10,SP115,TEL115,intercept,10,0,-123.2029
SP053,INT053,interview,10,SP118,TEL118,intercept,10,0,-91.26162
SP053,INT053,interview,10,SP120,TEL120,intercept,10,0,-140.7578
SP053,INT053,interview,10,SP121,TEL121,intercept,10,0,-130.2255
SP054,INT054,interview,10,SP001,TEL001,intercept,10,0,-94.41896
SP054,INT054,interview,10,SP002,TEL002,intercept,10,0,-155.6963
SP054,INT054,interview,10,SP003,TEL003,intercept,10,0,-126.9968
SP054,INT054,interview,10,SP004,TEL004,intercept,10,0,-48.18084
SP054,INT054,interview,10,SP008,TEL008,intercept,10,0,-82.37727
SP054,INT054,interview,10,SP010,TEL010,intercept,10,0,-87.47146
SP054,INT054,interview,10,SP011,TEL011,intercept,10,0,-76.66138
SP054,INT054,interview,10,SP012,TEL012,intercept,10,0,-133.2263
SP054,INT054,interview,10,SP013,TEL013,intercept,10,0,-98.26152
SP054,INT054,interview,10,SP015,TEL015,intercept,10,0,-91.06458
SP054,INT054,interview,10,SP016,TEL016,intercept,10,0,-101.4391
SP054,INT054,interview,10,SP017,TEL017,intercept,10,0,-91.15775
SP054,INT054,interview,10,SP018,TEL018,intercept,10,0,-103.9149
SP054,INT054,interview,10,SP019,TEL019,intercept,10,0,-87.72031
SP054,INT054,interview,10,SP020,TEL020,intercept,10,0,-140.1188
SP054,INT054,interview,10,SP021,TEL021,intercept,10,0,-73.5966
SP054,INT054,interview,10,SP022,TEL022,intercept,10,0,-144.4548
SP054,INT054,interview,10,SP023,TEL023,intercept,10,0,-117.2295
SP054,INT054,interview,10,SP024,TEL024,intercept,10,0,-140.7577
SP054,INT054,interview,10,SP025,TEL025,intercept,10,0,-79.82927
SP054,INT054,interview,10,SP026,TEL026,intercept,10,0,-81.92314
SP054,INT054,interview,10,SP027,TEL027,intercept,10,0,-52.21559
SP054,INT054,interview,10,SP028,TEL028,intercept,10,0,-82.51553
SP054,INT054,interview,10,SP029,TEL029,intercept,10,0,-114.0727
SP054,INT054,interview,10,SP030,TEL030,intercept,10,0,-118.2639
SP054,INT054,interview,10,SP031,TEL031,intercept,10,0,-132.7361
SP054,INT054,interview,10,SP032,TEL032,intercept,10,0,-79.71029
SP054,INT054,interview,10,SP033,TEL033,intercept,10,0,-104.3619
SP054,INT054,interview,10,SP034,TEL034,intercept,10,0,-98.81245
SP054,INT054,interview,10,SP035,TEL035,intercept,10,0,-80.27086
SP054,INT054,interview,10,SP036,TEL036,intercept,10,0,-98.47807
SP054,INT054,interview,10,SP037,TEL037,intercept,10,0,-138.1868
SP054,INT054,interview,10,SP038,TEL038,intercept,10,0,-126.2293
SP054,INT054,interview,10,SP039,TEL039,intercept,10,0,-66.13956
SP054,INT054,interview,10,SP040,TEL040,intercept,10,0,-73.22345
SP054,INT054,interview,10,SP042,TEL042,intercept,10,0,-56.60296
SP054,INT054,interview,10,SP043,TEL043,intercept,10,0,-72.65987
SP054,INT054,interview,10,SP044,TEL044,intercept,10,0,-63.16947
SP054,INT054,interview,10,SP045,TEL045,intercept,10,0,-134.1603
SP054,INT054,interview,10,SP046,TEL046,intercept,10,0,-94.10144
SP054,INT054,interview,10,SP047,TEL047,intercept,10,0,-125.1298
SP054,INT054,interview,10,SP048,TEL048,intercept,10,0,-56.28303
SP054,INT054,interview,10,SP049,TEL049,intercept,10,0,-147.7437
SP054,INT054,interview,10,SP050,TEL050,intercept,10,0,-62.10426
SP054,INT054,interview,10,SP051,TEL051,intercept,10,0,-154.4338
SP054,INT054,interview,10,SP052,TEL052,intercept,10,0,-106.163
SP054,INT054,interview,10,SP053,TEL053,intercept,10,0,-96.79305
SP054,INT054,interview,10,SP054,TEL054,intercept,10,1,-57.61267
SP054,INT054,interview,10,SP056,TEL056,intercept,10,0,-95.79191
SP054,INT054,interview,10,SP058,TEL058,intercept,10,0,-98.47786
SP054,INT054,interview,10,SP059,TEL059,intercept,10,0,-75.96931
SP054,INT054,interview,10,SP060,TEL060,intercept,10,0,-103.3107
SP054,INT054,interview,10,SP062,TEL062,intercept,10,0,-115.4942
SP054,INT054,interview,10,SP063,TEL063,intercept,10,0,-131.2464
SP054,INT054,interview,10,SP064,TEL064,intercept,10,0,-86.75632
SP054,INT054,interview,10,SP065,TEL065,intercept,10,0,-97.10665
SP054,INT054,interview,10,SP066,TEL066,intercept,10,0,-126.271
SP054,INT054,interview,10,SP067,TEL067,intercept,10,0,-80.12231
SP054,INT054,interview,10,SP068,TEL068,intercept,10,0,-107.7435
SP054,INT054,interview,10,SP069,TEL069,intercept,10,0,-77.87074
SP054,INT054,interview,10,SP071,TEL071,intercept,10,0,-130.4496
SP054,INT054,interview,10,SP072,TEL072,intercept,10,0,-61.94119
SP054,INT054,interview,10,SP073,TEL073,intercept,10,0,-75.41583
SP054,INT054,interview,10,SP074,TEL074,intercept,10,0,-31.40238
SP054,INT054,interview,10,SP075,TEL075,intercept,10,0,-113.4218
SP054,INT054,interview,10,SP076,TEL076,intercept,10,0,-126.8002
SP054,INT054,interview,10,SP077,TEL077,intercept,10,0,-41.76628
SP054,INT054,interview,10,SP078,TEL078,intercept,10,0,-103.2029
SP054,INT054,interview,10,SP079,TEL079,intercept,10,0,-143.0746
SP054,INT054,interview,10,SP080,TEL080,intercept,10,0,-105.8873
SP054,INT054,interview,10,SP081,TEL081,intercept,10,0,-108.6192
SP054,INT054,interview,10,SP084,TEL084,intercept,10,0,-77.98362
SP054,INT054,interview,10,SP085,TEL085,intercept,10,0,-125.1571
SP054,INT054,interview,10,SP086,TEL086,intercept,10,0,-66.01476
SP054,INT054,interview,10,SP087,TEL087,intercept,10,0,-102.3764
SP054,INT054,interview,10,SP088,TEL088,intercept,10,0,-67.50907
SP054,INT054,interview,10,SP090,TEL090,intercept,10,0,-103.0342
SP054,INT054,interview,10,SP093,TEL093,intercept,10,0,-77.6606
SP054,INT054,interview,10,SP094,TEL094,intercept,10,0,-69.43168
SP054,INT054,interview,10,SP095,TEL095,intercept,10,0,-66.91759
SP054,INT054,interview,10,SP096,TEL096,intercept,10,0,-107.2087
SP054,INT054,interview,10,SP097,TEL097,intercept,10,0,-123.7088
SP054,INT054,interview,10,SP099,TEL099,intercept,10,0,-120.9501
SP054,INT054,interview,10,SP100,TEL100,intercept,10,0,-82.03393
SP054,INT054,interview,10,SP102,TEL102,intercept,10,0,-78.64877
SP054,INT054,interview,10,SP103,TEL103,intercept,10,0,-123.9001
SP054,INT054,interview,10,SP105,TEL105,intercept,10,0,-63.40173
SP054,INT054,interview,10,SP106,TEL106,intercept,10,0,-109.4488
SP054,INT054,interview,10,SP107,TEL107,intercept,10,0,-73.77007
SP054,INT054,interview,10,SP108,TEL108,intercept,10,0,-116.151
SP054,INT054,interview,10,SP111,TEL111,intercept,10,0,-102.2686
SP054,INT054,interview,10,SP112,TEL112,intercept,10,0,-73.57994
SP054,INT054,interview,10,SP113,TEL113,intercept,10,0,-104.6896
SP054,INT054,interview,10,SP114,TEL114,intercept,10,0,-85.55668
SP054,INT054,interview,10,SP115,TEL115,intercept,10,0,-67.29733
SP054,INT054,interview,10,SP118,TEL118,intercept,10,0,-150.2592
SP054,INT054,interview,10,SP120,TEL120,intercept,10,0,-78.7189
SP054,INT054,interview,10,SP121,TEL121,intercept,10,0,-74.7672
SP056,INT056,interview,10,SP001,TEL001,intercept,10,0,-64.28374
SP056,INT056,interview,10,SP002,TEL002,intercept,10,0,-102.1738
SP056,INT056,interview,10,SP003,TEL003,intercept,10,0,-117.5888
SP056,INT056,interview,10,SP004,TEL004,intercept,10,0,-138.2191
SP056,INT056,interview,10,SP008,TEL008,intercept,10,0,-116.0097
SP056,INT056,interview,10,SP010,TEL010,intercept,10,0,-88.51932
SP056,INT056,interview,10,SP011,TEL011,intercept,10,0,-92.01949
SP056,INT056,interview,10,SP012,TEL012,intercept,10,0,-61.12968
SP056,INT056,interview,10,SP013,TEL013,intercept,10,0,-93.67783
SP056,INT056,interview,10,SP015,TEL015,intercept,10,0,-68.29108
SP056,INT056,interview,10,SP016,TEL016,intercept,10,0,-80.81582
SP056,INT056,interview,10,SP017,TEL017,intercept,10,0,-84.48419
SP056,INT056,interview,10,SP018,TEL018,intercept,10,0,-120.8571
SP056,INT056,interview,10,SP019,TEL019,intercept,10,0,-131.5463
SP056,INT056,interview,10,SP020,TEL020,intercept,10,0,-146.6429
SP056,INT056,interview,10,SP021,TEL021,intercept,10,0,-127.6501
SP056,INT056,interview,10,SP022,TEL022,intercept,10,0,-113.4092
SP056,INT056,interview,10,SP023,TEL023,intercept,10,0,-112.6417
SP056,INT056,interview,10,SP024,TEL024,intercept,10,0,-102.6924
SP056,INT056,interview,10,SP025,TEL025,intercept,10,0,-50.53911
SP056,INT056,interview,10,SP026,TEL026,intercept,10,0,-52.44727
SP056,INT056,interview,10,SP027,TEL027,intercept,10,0,-153.2601
SP056,INT056,interview,10,SP028,TEL028,intercept,10,0,-108.0186
SP056,INT056,interview,10,SP029,TEL029,intercept,10,0,-92.53772
SP056,INT056,interview,10,SP030,TEL030,intercept,10,0,-118.0347
SP056,INT056,interview,10,SP031,TEL031,intercept,10,0,-85.77247
SP056,INT056,interview,10,SP032,TEL032,intercept,10,0,-111.9058
SP056,INT056,interview,10,SP033,TEL033,intercept,10,0,-84.0824
SP056,INT056,interview,10,SP034,TEL034,intercept,10,0,-77.86927
SP056,INT056,interview,10,SP035,TEL035,intercept,10,0,-94.96467
SP056,INT056,interview,10,SP036,TEL036,intercept,10,0,-85.4032
SP056,INT056,interview,10,SP037,TEL037,intercept,10,0,-105.9747
SP056,INT056,interview,10,SP038,TEL038,intercept,10,0,-151.0144
SP056,INT056,interview,10,SP039,TEL039,intercept,10,0,-139.6969
SP056,INT056,interview,10,SP040,TEL040,intercept,10,0,-122.842
SP056,INT056,interview,10,SP042,TEL042,intercept,10,0,-89.47364
SP056,INT056,interview,10,SP043,TEL043,intercept,10,0,-93.24319
SP056,INT056,interview,10,SP044,TEL044,intercept,10,0,-138.3231
SP056,INT056,interview,10,SP045,TEL045,intercept,10,0,-97.41492
SP056,INT056,interview,10,SP046,TEL046,intercept,10,0,-95.59174
SP056,INT056,interview,10,SP047,TEL047,intercept,10,0,-66.19807
SP056,INT056,interview,10,SP048,TEL048,intercept,10,0,-119.9878
SP056,INT056,interview,10,SP049,TEL049,intercept,10,0,-131.0107
SP056,INT056,interview,10,SP050,TEL050,intercept,10,0,-69.29382
SP056,INT056,interview,10,SP051,TEL051,intercept,10,0,-90.16527
SP056,INT056,interview,10,SP052,TEL052,intercept,10,0,-109.4066
SP056,INT056,interview,10,SP053,TEL053,intercept,10,0,-67.72009
SP056,INT056,interview,10,SP054,TEL054,intercept,10,0,-104.9209
SP056,INT056,interview,10,SP056,TEL056,intercept,10,1,-45.47594
SP056,INT056,interview,10,SP058,TEL058,intercept,10,0,-130.3872
SP056,INT056,interview,10,SP059,TEL059,intercept,10,0,-90.13613
SP056,INT056,interview,10,SP060,TEL060,intercept,10,0,-89.16953
SP056,INT056,interview,10,SP062,TEL062,intercept,10,0,-72.83277
SP056,INT056,interview,10,SP063,TEL063,intercept,10,0,-71.07032
SP056,INT056,interview,10,SP064,TEL064,intercept,10,0,-115.601
SP056,INT056,interview,10,SP065,TEL065,intercept,10,0,-101.8036
SP056,INT056,interview,10,SP066,TEL066,intercept,10,0,-98.51423
SP056,INT056,interview,10,SP067,TEL067,intercept,10,0,-139.3963
SP056,INT056,interview,10,SP068,TEL068,intercept,10,0,-86.40617
SP056,INT056,interview,10,SP069,TEL069,intercept,10,0,-109.0811
SP056,INT056,interview,10,SP071,TEL071,intercept,10,0,-89.15584
SP056,INT056,interview,10,SP072,TEL072,intercept,10,0,-109.854
SP056,INT056,interview,10,SP073,TEL073,intercept,10,0,-137.4603
SP056,INT056,interview,10,SP074,TEL074,intercept,10,0,-108.8062
SP056,INT056,interview,10,SP075,TEL075,intercept,10,0,-108.0087
SP056,INT056,interview,10,SP076,TEL076,intercept,10,0,-139.125
SP056,INT056,interview,10,SP077,TEL077,intercept,10,0,-131.0242
SP056,INT056,interview,10,SP078,TEL078,intercept,10,0,-146.1005
SP056,INT056,interview,10,SP079,TEL079,intercept,10,0,-79.95861
SP056,INT056,interview,10,SP080,TEL080,intercept,10,0,-100.5021
SP056,INT056,interview,10,SP081,TEL081,intercept,10,0,-96.18401
SP056,INT056,interview,10,SP084,TEL084,intercept,10,0,-41.92776
SP056,INT056,interview,10,SP085,TEL085,intercept,10,0,-118.9624
SP056,INT056,interview,10,SP086,TEL086,intercept,10,0,-147.5461
SP056,INT056,interview,10,SP087,TEL087,intercept,10,0,-92.08569
SP056,INT056,interview,10,SP088,TEL088,intercept,10,0,-68.98702
SP056,INT056,interview,10,SP090,TEL090,intercept,10,0,-78.54975
SP056,INT056,interview,10,SP093,TEL093,intercept,10,0,-82.88493
SP056,INT056,interview,10,SP094,TEL094,intercept,10,0,-120.3515
SP056,INT056,interview,10,SP095,TEL095,intercept,10,0,-81.00906
SP056,INT056,interview,10,SP096,TEL096,intercept,10,0,-116.0977
SP056,INT056,interview,10,SP097,TEL097,intercept,10,0,-53.68713
SP056,INT056,interview,10,SP099,TEL099,intercept,10,0,-103.3201
SP056,INT056,interview,10,SP100,TEL100,intercept,10,0,-110.6206
SP056,INT056,interview,10,SP102,TEL102,intercept,10,0,-65.59793
SP056,INT056,interview,10,SP103,TEL103,intercept,10,0,-72.11777
SP056,INT056,interview,10,SP105,TEL105,intercept,10,0,-116.4441
SP056,INT056,interview,10,SP106,TEL106,intercept,10,0,-114.0517
SP056,INT056,interview,10,SP107,TEL107,intercept,10,0,-115.4222
SP056,INT056,interview,10,SP108,TEL108,intercept,10,0,-69.59341
SP056,INT056,interview,10,SP111,TEL111,intercept,10,0,-78.52374
SP056,INT056,interview,10,SP112,TEL112,intercept,10,0,-79.38245
SP056,INT056,interview,10,SP113,TEL113,intercept,10,0,-167.5197
SP056,INT056,interview,10,SP114,TEL114,intercept,10,0,-78.46666
SP056,INT056,interview,10,SP115,TEL115,intercept,10,0,-102.0079
SP056,INT056,interview,10,SP118,TEL118,intercept,10,0,-116.6958
SP056,INT056,interview,10,SP120,TEL120,intercept,10,0,-78.37979
SP056,INT056,interview,10,SP121,TEL121,intercept,10,0,-110.0865
SP058,INT058,interview,10,SP001,TEL001,intercept,10,0,-83.34299
SP058,INT058,interview,10,SP002,TEL002,intercept,10,0,-139.9442
SP058,INT058,interview,10,SP003,TEL003,intercept,10,0,-82.61385
SP058,INT058,interview,10,SP004,TEL004,intercept,10,0,-103.25
SP058,INT058,interview,10,SP008,TEL008,intercept,10,0,-113.5652
SP058,INT058,interview,10,SP010,TEL010,intercept,10,0,-80.73476
SP058,INT058,interview,10,SP011,TEL011,intercept,10,0,-81.67297
SP058,INT058,interview,10,SP012,TEL012,intercept,10,0,-115.558
SP058,INT058,interview,10,SP013,TEL013,intercept,10,0,-73.84602
SP058,INT058,interview,10,SP015,TEL015,intercept,10,0,-95.58023
SP058,INT058,interview,10,SP016,TEL016,intercept,10,0,-106.7188
SP058,INT058,interview,10,SP017,TEL017,intercept,10,0,-109.1572
SP058,INT058,interview,10,SP018,TEL018,intercept,10,0,-65.46204
SP058,INT058,interview,10,SP019,TEL019,intercept,10,0,-136.6483
SP058,INT058,interview,10,SP020,TEL020,intercept,10,0,-153.048
SP058,INT058,interview,10,SP021,TEL021,intercept,10,0,-116.4495
SP058,INT058,interview,10,SP022,TEL022,intercept,10,0,-93.11073
SP058,INT058,interview,10,SP023,TEL023,intercept,10,0,-97.78025
SP058,INT058,interview,10,SP024,TEL024,intercept,10,0,-103.871
SP058,INT058,interview,10,SP025,TEL025,intercept,10,0,-88.14084
SP058,INT058,interview,10,SP026,TEL026,intercept,10,0,-100.1002
SP058,INT058,interview,10,SP027,TEL027,intercept,10,0,-121.3096
SP058,INT058,interview,10,SP028,TEL028,intercept,10,0,-132.4522
SP058,INT058,interview,10,SP029,TEL029,intercept,10,0,-90.6581
SP058,INT058,interview,10,SP030,TEL030,intercept,10,0,-115.5195
SP058,INT058,interview,10,SP031,TEL031,intercept,10,0,-141.4941
SP058,INT058,interview,10,SP032,TEL032,intercept,10,0,-80.00934
SP058,INT058,interview,10,SP033,TEL033,intercept,10,0,-79.82072
SP058,INT058,interview,10,SP034,TEL034,intercept,10,0,-78.15309
SP058,INT058,interview,10,SP035,TEL035,intercept,10,0,-82.84208
SP058,INT058,interview,10,SP036,TEL036,intercept,10,0,-91.58936
SP058,INT058,interview,10,SP037,TEL037,intercept,10,0,-121.3762
SP058,INT058,interview,10,SP038,TEL038,intercept,10,0,-130.7678
SP058,INT058,interview,10,SP039,TEL039,intercept,10,0,-117.724
SP058,INT058,interview,10,SP040,TEL040,intercept,10,0,-90.83649
SP058,INT058,interview,10,SP042,TEL042,intercept,10,0,-84.76741
SP058,INT058,interview,10,SP043,TEL043,intercept,10,0,-115.427
SP058,INT058,interview,10,SP044,TEL044,intercept,10,0,-144.0949
SP058,INT058,interview,10,SP045,TEL045,intercept,10,0,-117.6427
SP058,INT058,interview,10,SP046,TEL046,intercept,10,0,-93.7958
SP058,INT058,interview,10,SP047,TEL047,intercept,10,0,-133.6174
SP058,INT058,interview,10,SP048,TEL048,intercept,10,0,-103.621
SP058,INT058,interview,10,SP049,TEL049,intercept,10,0,-145.0392
SP058,INT058,interview,10,SP050,TEL050,intercept,10,0,-85.19234
SP058,INT058,interview,10,SP051,TEL051,intercept,10,0,-118.2394
SP058,INT058,interview,10,SP052,TEL052,intercept,10,0,-111.3666
SP058,INT058,interview,10,SP053,TEL053,intercept,10,0,-87.03201
SP058,INT058,interview,10,SP054,TEL054,intercept,10,0,-111.0837
SP058,INT058,interview,10,SP056,TEL056,intercept,10,0,-128.0775
SP058,INT058,interview,10,SP058,TEL058,intercept,10,1,-38.73939
SP058,INT058,interview,10,SP059,TEL059,intercept,10,0,-127.4735
SP058,INT058,interview,10,SP060,TEL060,intercept,10,0,-92.97971
SP058,INT058,interview,10,SP062,TEL062,intercept,10,0,-110.0831
SP058,INT058,interview,10,SP063,TEL063,intercept,10,0,-107.6852
SP058,INT058,interview,10,SP064,TEL064,intercept,10,0,-106.1879
SP058,INT058,interview,10,SP065,TEL065,intercept,10,0,-132.93
SP058,INT058,interview,10,SP066,TEL066,intercept,10,0,-135.9355
SP058,INT058,interview,10,SP067,TEL067,intercept,10,0,-144.6297
SP058,INT058,interview,10,SP068,TEL068,intercept,10,0,-144.6159
SP058,INT058,interview,10,SP069,TEL069,intercept,10,0,-99.06437
SP058,INT058,interview,10,SP071,TEL071,intercept,10,0,-122.906
SP058,INT058,interview,10,SP072,TEL072,intercept,10,0,-135.865
SP058,INT058,interview,10,SP073,TEL073,intercept,10,0,-113.8959
SP058,INT058,interview,10,SP074,TEL074,intercept,10,0,-84.39514
SP058,INT058,interview,10,SP075,TEL075,intercept,10,0,-133.5387
SP058,INT058,interview,10,SP076,TEL076,intercept,10,0,-125.2072
SP058,INT058,interview,10,SP077,TEL077,intercept,10,0,-81.36304
SP058,INT058,interview,10,SP078,TEL078,intercept,10,0,-87.514
SP058,INT058,interview,10,SP079,TEL079,intercept,10,0,-90.20575
SP058,INT058,interview,10,SP080,TEL080,intercept,10,0,-79.63808
SP058,INT058,interview,10,SP081,TEL081,intercept,10,0,-127.6918
SP058,INT058,interview,10,SP084,TEL084,intercept,10,0,-80.06678
SP058,INT058,interview,10,SP085,TEL085,intercept,10,0,-117.3275
SP058,INT058,interview,10,SP086,TEL086,intercept,10,0,-108.3136
SP058,INT058,interview,10,SP087,TEL087,intercept,10,0,-105.398
SP058,INT058,interview,10,SP088,TEL088,intercept,10,0,-39.44462
SP058,INT058,interview,10,SP090,TEL090,intercept,10,0,-83.5804
SP058,INT058,interview,10,SP093,TEL093,intercept,10,0,-97.6115
SP058,INT058,interview,10,SP094,TEL094,intercept,10,0,-42.04136
SP058,INT058,interview,10,SP095,TEL095,intercept,10,0,-69.27899
SP058,INT058,interview,10,SP096,TEL096,intercept,10,0,-101.4814
SP058,INT058,interview,10,SP097,TEL097,intercept,10,0,-104.7111
SP058,INT058,interview,10,SP099,TEL099,intercept,10,0,-132.6981
SP058,INT058,interview,10,SP100,TEL100,intercept,10,0,-128.2761
SP058,INT058,interview,10,SP102,TEL102,intercept,10,0,-92.23169
SP058,INT058,interview,10,SP103,TEL103,intercept,10,0,-94.81659
SP058,INT058,interview,10,SP105,TEL105,intercept,10,0,-127.3556
SP058,INT058,interview,10,SP106,TEL106,intercept,10,0,-157.2993
SP058,INT058,interview,10,SP107,TEL107,intercept,10,0,-66.17064
SP058,INT058,interview,10,SP108,TEL108,intercept,10,0,-104.0483
SP058,INT058,interview,10,SP111,TEL111,intercept,10,0,-108.0463
SP058,INT058,interview,10,SP112,TEL112,intercept,10,0,-68.35616
SP058,INT058,interview,10,SP113,TEL113,intercept,10,0,-149.5633
SP058,INT058,interview,10,SP114,TEL114,intercept,10,0,-100.5765
SP058,INT058,interview,10,SP115,TEL115,intercept,10,0,-58.62156
SP058,INT058,interview,10,SP118,TEL118,intercept,10,0,-124.846
SP058,INT058,interview,10,SP120,TEL120,intercept,10,0,-101.8866
SP058,INT058,interview,10,SP121,TEL121,intercept,10,0,-111.8777
SP059,INT059,interview,10,SP001,TEL001,intercept,10,0,-108.2707
SP059,INT059,interview,10,SP002,TEL002,intercept,10,0,-130.432
SP059,INT059,interview,10,SP003,TEL003,intercept,10,0,-170.9418
SP059,INT059,interview,10,SP004,TEL004,intercept,10,0,-90.86381
SP059,INT059,interview,10,SP008,TEL008,intercept,10,0,-124.7755
SP059,INT059,interview,10,SP010,TEL010,intercept,10,0,-82.51749
SP059,INT059,interview,10,SP011,TEL011,intercept,10,0,-115.2185
SP059,INT059,interview,10,SP012,TEL012,intercept,10,0,-64.80216
SP059,INT059,interview,10,SP013,TEL013,intercept,10,0,-93.66629
SP059,INT059,interview,10,SP015,TEL015,intercept,10,0,-97.70995
SP059,INT059,interview,10,SP016,TEL016,intercept,10,0,-99.38049
SP059,INT059,interview,10,SP017,TEL017,intercept,10,0,-125.7785
SP059,INT059,interview,10,SP018,TEL018,intercept,10,0,-104.3481
SP059,INT059,interview,10,SP019,TEL019,intercept,10,0,-92.25129
SP059,INT059,interview,10,SP020,TEL020,intercept,10,0,-151.7335
SP059,INT059,interview,10,SP021,TEL021,intercept,10,0,-118.5181
SP059,INT059,interview,10,SP022,TEL022,intercept,10,0,-134.7384
SP059,INT059,interview,10,SP023,TEL023,intercept,10,0,-132.261
SP059,INT059,interview,10,SP024,TEL024,intercept,10,0,-126.5002
SP059,INT059,interview,10,SP025,TEL025,intercept,10,0,-74.81248
SP059,INT059,interview,10,SP026,TEL026,intercept,10,0,-119.8031
SP059,INT059,interview,10,SP027,TEL027,intercept,10,0,-140.1564
SP059,INT059,interview,10,SP028,TEL028,intercept,10,0,-97.83049
SP059,INT059,interview,10,SP029,TEL029,intercept,10,0,-135.6962
SP059,INT059,interview,10,SP030,TEL030,intercept,10,0,-82.74005
SP059,INT059,interview,10,SP031,TEL031,intercept,10,0,-118.2672
SP059,INT059,interview,10,SP032,TEL032,intercept,10,0,-108.3138
SP059,INT059,interview,10,SP033,TEL033,intercept,10,0,-73.37419
SP059,INT059,interview,10,SP034,TEL034,intercept,10,0,-113.7642
SP059,INT059,interview,10,SP035,TEL035,intercept,10,0,-79.91101
SP059,INT059,interview,10,SP036,TEL036,intercept,10,0,-70.3236
SP059,INT059,interview,10,SP037,TEL037,intercept,10,0,-156.5632
SP059,INT059,interview,10,SP038,TEL038,intercept,10,0,-154.6163
SP059,INT059,interview,10,SP039,TEL039,intercept,10,0,-85.59862
SP059,INT059,interview,10,SP040,TEL040,intercept,10,0,-122.0745
SP059,INT059,interview,10,SP042,TEL042,intercept,10,0,-83.65793
SP059,INT059,interview,10,SP043,TEL043,intercept,10,0,-114.8187
SP059,INT059,interview,10,SP044,TEL044,intercept,10,0,-118.6491
SP059,INT059,interview,10,SP045,TEL045,intercept,10,0,-125.2727
SP059,INT059,interview,10,SP046,TEL046,intercept,10,0,-89.19562
SP059,INT059,interview,10,SP047,TEL047,intercept,10,0,-91.94669
SP059,INT059,interview,10,SP048,TEL048,intercept,10,0,-79.45373
SP059,INT059,interview,10,SP049,TEL049,intercept,10,0,-160.3632
SP059,INT059,interview,10,SP050,TEL050,intercept,10,0,-97.5424
SP059,INT059,interview,10,SP051,TEL051,intercept,10,0,-137.4436
SP059,INT059,interview,10,SP052,TEL052,intercept,10,0,-102.5084
SP059,INT059,interview,10,SP053,TEL053,intercept,10,0,-74.53313
SP059,INT059,interview,10,SP054,TEL054,intercept,10,0,-77.08249
SP059,INT059,interview,10,SP056,TEL056,intercept,10,0,-75.54654
SP059,INT059,interview,10,SP058,TEL058,intercept,10,0,-87.76071
SP059,INT059,interview,10,SP059,TEL059,intercept,10,1,-46.47171
SP059,INT059,interview,10,SP060,TEL060,intercept,10,0,-79.25525
SP059,INT059,interview,10,SP062,TEL062,intercept,10,0,-93.69685
SP059,INT059,interview,10,SP063,TEL063,intercept,10,0,-119.1348
SP059,INT059,interview,10,SP064,TEL064,intercept,10,0,-121.8681
SP059,INT059,interview,10,SP065,TEL065,intercept,10,0,-113.4036
SP059,INT059,interview,10,SP066,TEL066,intercept,10,0,-128.3834
SP059,INT059,interview,10,SP067,TEL067,intercept,10,0,-74.84518
SP059,INT059,interview,10,SP068,TEL068,intercept,10,0,-113.8574
SP059,INT059,interview,10,SP069,TEL069,intercept,10,0,-110.5921
SP059,INT059,interview,10,SP071,TEL071,intercept,10,0,-103.6142
SP059,INT059,interview,10,SP072,TEL072,intercept,10,0,-85.97161
SP059,INT059,interview,10,SP073,TEL073,intercept,10,0,-140.6302
SP059,INT059,interview,10,SP074,TEL074,intercept,10,0,-113.1008
SP059,INT059,interview,10,SP075,TEL075,intercept,10,0,-138.1436
SP059,INT059,interview,10,SP076,TEL076,intercept,10,0,-151.3625
SP059,INT059,interview,10,SP077,TEL077,intercept,10,0,-87.05621
SP059,INT059,interview,10,SP078,TEL078,intercept,10,0,-122.517
SP059,INT059,interview,10,SP079,TEL079,intercept,10,0,-119.5838
SP059,INT059,interview,10,SP080,TEL080,intercept,10,0,-94.75331
SP059,INT059,interview,10,SP081,TEL081,intercept,10,0,-124.0623
SP059,INT059,interview,10,SP084,TEL084,intercept,10,0,-59.16361
SP059,INT059,interview,10,SP085,TEL085,intercept,10,0,-117.9099
SP059,INT059,interview,10,SP086,TEL086,intercept,10,0,-129.6792
SP059,INT059,interview,10,SP087,TEL087,intercept,10,0,-123.8119
SP059,INT059,interview,10,SP088,TEL088,intercept,10,0,-107.173
SP059,INT059,interview,10,SP090,TEL090,intercept,10,0,-111.8268
SP059,INT059,interview,10,SP093,TEL093,intercept,10,0,-91.22048
SP059,INT059,interview,10,SP094,TEL094,intercept,10,0,-101.3496
SP059,INT059,interview,10,SP095,TEL095,intercept,10,0,-122.8892
SP059,INT059,interview,10,SP096,TEL096,intercept,10,0,-146.0498
SP059,INT059,interview,10,SP097,TEL097,intercept,10,0,-46.43676
SP059,INT059,interview,10,SP099,TEL099,intercept,10,0,-76.93398
SP059,INT059,interview,10,SP100,TEL100,intercept,10,0,-138.1804
SP059,INT059,interview,10,SP102,TEL102,intercept,10,0,-66.87791
SP059,INT059,interview,10,SP103,TEL103,intercept,10,0,-99.31765
SP059,INT059,interview,10,SP105,TEL105,intercept,10,0,-107.0327
SP059,INT059,interview,10,SP106,TEL106,intercept,10,0,-106.7974
SP059,INT059,interview,10,SP107,TEL107,intercept,10,0,-97.84309
SP059,INT059,interview,10,SP108,TEL108,intercept,10,0,-80.59124
SP059,INT059,interview,10,SP111,TEL111,intercept,10,0,-115.0828
SP059,INT059,interview,10,SP112,TEL112,intercept,10,0,-94.17758
SP059,INT059,interview,10,SP113,TEL113,intercept,10,0,-153.3105
SP059,INT059,interview,10,SP114,TEL114,intercept,10,0,-89.92193
SP059,INT059,interview,10,SP115,TEL115,intercept,10,0,-107.1276
SP059,INT059,interview,10,SP118,TEL118,intercept,10,0,-140.0499
SP059,INT059,interview,10,SP120,TEL120,intercept,10,0,-99.6389
SP059,INT059,interview,10,SP121,TEL121,intercept,10,0,-116.9645
SP060,INT060,interview,10,SP001,TEL001,intercept,10,0,-72.38
SP060,INT060,interview,10,SP002,TEL002,intercept,10,0,-142.6439
SP060,INT060,interview,10,SP003,TEL003,intercept,10,0,-115.1781
SP060,INT060,interview,10,SP004,TEL004,intercept,10,0,-91.55185
SP060,INT060,interview,10,SP008,TEL008,intercept,10,0,-112.1371
SP060,INT060,interview,10,SP010,TEL010,intercept,10,0,-115.2271
SP060,INT060,interview,10,SP011,TEL011,intercept,10,0,-94.11282
SP060,INT060,interview,10,SP012,TEL012,intercept,10,0,-110.8148
SP060,INT060,interview,10,SP013,TEL013,intercept,10,0,-113.406
SP060,INT060,interview,10,SP015,TEL015,intercept,10,0,-124.2943
SP060,INT060,interview,10,SP016,TEL016,intercept,10,0,-91.47134
SP060,INT060,interview,10,SP017,TEL017,intercept,10,0,-125.4311
SP060,INT060,interview,10,SP018,TEL018,intercept,10,0,-108.1948
SP060,INT060,interview,10,SP019,TEL019,intercept,10,0,-129.2059
SP060,INT060,interview,10,SP020,TEL020,intercept,10,0,-139.0815
SP060,INT060,interview,10,SP021,TEL021,intercept,10,0,-147.5546
SP060,INT060,interview,10,SP022,TEL022,intercept,10,0,-149.7077
SP060,INT060,interview,10,SP023,TEL023,intercept,10,0,-105.5626
SP060,INT060,interview,10,SP024,TEL024,intercept,10,0,-138.5128
SP060,INT060,interview,10,SP025,TEL025,intercept,10,0,-112.6171
SP060,INT060,interview,10,SP026,TEL026,intercept,10,0,-108.2393
SP060,INT060,interview,10,SP027,TEL027,intercept,10,0,-147.791
SP060,INT060,interview,10,SP028,TEL028,intercept,10,0,-126.9386
SP060,INT060,interview,10,SP029,TEL029,intercept,10,0,-127.1819
SP060,INT060,interview,10,SP030,TEL030,intercept,10,0,-121.8903
SP060,INT060,interview,10,SP031,TEL031,intercept,10,0,-145.0392
SP060,INT060,interview,10,SP032,TEL032,intercept,10,0,-79.51519
SP060,INT060,interview,10,SP033,TEL033,intercept,10,0,-49.23405
SP060,INT060,interview,10,SP034,TEL034,intercept,10,0,-79.74245
SP060,INT060,interview,10,SP035,TEL035,intercept,10,0,-94.67796
SP060,INT060,interview,10,SP036,TEL036,intercept,10,0,-81.55339
SP060,INT060,interview,10,SP037,TEL037,intercept,10,0,-106.2555
SP060,INT060,interview,10,SP038,TEL038,intercept,10,0,-136.5563
SP060,INT060,interview,10,SP039,TEL039,intercept,10,0,-134.6766
SP060,INT060,interview,10,SP040,TEL040,intercept,10,0,-100.5948
SP060,INT060,interview,10,SP042,TEL042,intercept,10,0,-88.58817
SP060,INT060,interview,10,SP043,TEL043,intercept,10,0,-115.5145
SP060,INT060,interview,10,SP044,TEL044,intercept,10,0,-137.6932
SP060,INT060,interview,10,SP045,TEL045,intercept,10,0,-137.1599
SP060,INT060,interview,10,SP046,TEL046,intercept,10,0,-87.04012
SP060,INT060,interview,10,SP047,TEL047,intercept,10,0,-130.0978
SP060,INT060,interview,10,SP048,TEL048,intercept,10,0,-90.78403
SP060,INT060,interview,10,SP049,TEL049,intercept,10,0,-117.9426
SP060,INT060,interview,10,SP050,TEL050,intercept,10,0,-50.5971
SP060,INT060,interview,10,SP051,TEL051,intercept,10,0,-151.6678
SP060,INT060,interview,10,SP052,TEL052,intercept,10,0,-66.20461
SP060,INT060,interview,10,SP053,TEL053,intercept,10,0,-82.77524
SP060,INT060,interview,10,SP054,TEL054,intercept,10,0,-108.4537
SP060,INT060,interview,10,SP056,TEL056,intercept,10,0,-123.8404
SP060,INT060,interview,10,SP058,TEL058,intercept,10,0,-81.0018
SP060,INT060,interview,10,SP059,TEL059,intercept,10,0,-95.51524
SP060,INT060,interview,10,SP060,TEL060,intercept,10,1,-34.2691
SP060,INT060,interview,10,SP062,TEL062,intercept,10,0,-98.24886
SP060,INT060,interview,10,SP063,TEL063,intercept,10,0,-107.1723
SP060,INT060,interview,10,SP064,TEL064,intercept,10,0,-96.91089
SP060,INT060,interview,10,SP065,TEL065,intercept,10,0,-125.817
SP060,INT060,interview,10,SP066,TEL066,intercept,10,0,-160.0569
SP060,INT060,interview,10,SP067,TEL067,intercept,10,0,-107.5838
SP060,INT060,interview,10,SP068,TEL068,intercept,10,0,-137.0198
SP060,INT060,interview,10,SP069,TEL069,intercept,10,0,-103.825
SP060,INT060,interview,10,SP071,TEL071,intercept,10,0,-142.6668
SP060,INT060,interview,10,SP072,TEL072,intercept,10,0,-133.4799
SP060,INT060,interview,10,SP073,TEL073,intercept,10,0,-112.3877
SP060,INT060,interview,10,SP074,TEL074,intercept,10,0,-77.91297
SP060,INT060,interview,10,SP075,TEL075,intercept,10,0,-99.6087
SP060,INT060,interview,10,SP076,TEL076,intercept,10,0,-161.2664
SP060,INT060,interview,10,SP077,TEL077,intercept,10,0,-94.0219
SP060,INT060,interview,10,SP078,TEL078,intercept,10,0,-92.18011
SP060,INT060,interview,10,SP079,TEL079,intercept,10,0,-89.15205
SP060,INT060,interview,10,SP080,TEL080,intercept,10,0,-89.83801
SP060,INT060,interview,10,SP081,TEL081,intercept,10,0,-133.0835
SP060,INT060,interview,10,SP084,TEL084,intercept,10,0,-50.0952
SP060,INT060,interview,10,SP085,TEL085,intercept,10,0,-114.5078
SP060,INT060,interview,10,SP086,TEL086,intercept,10,0,-127.5764
SP060,INT060,interview,10,SP087,TEL087,intercept,10,0,-79.98504
SP060,INT060,interview,10,SP088,TEL088,intercept,10,0,-91.84036
SP060,INT060,interview,10,SP090,TEL090,intercept,10,0,-99.94515
SP060,INT060,interview,10,SP093,TEL093,intercept,10,0,-110.316
SP060,INT060,interview,10,SP094,TEL094,intercept,10,0,-74.91443
SP060,INT060,interview,10,SP095,TEL095,intercept,10,0,-94.50359
SP060,INT060,interview,10,SP096,TEL096,intercept,10,0,-113.8936
SP060,INT060,interview,10,SP097,TEL097,intercept,10,0,-90.08688
SP060,INT060,interview,10,SP099,TEL099,intercept,10,0,-112.2122
SP060,INT060,interview,10,SP100,TEL100,intercept,10,0,-134.542
SP060,INT060,interview,10,SP102,TEL102,intercept,10,0,-78.05906
SP060,INT060,interview,10,SP103,TEL103,intercept,10,0,-128.5186
SP060,INT060,interview,10,SP105,TEL105,intercept,10,0,-106.6292
SP060,INT060,interview,10,SP106,TEL106,intercept,10,0,-144.5855
SP060,INT060,interview,10,SP107,TEL107,intercept,10,0,-95.21557
SP060,INT060,interview,10,SP108,TEL108,intercept,10,0,-93.39423
SP060,INT060,interview,10,SP111,TEL111,intercept,10,0,-126.8701
SP060,INT060,interview,10,SP112,TEL112,intercept,10,0,-92.34677
SP060,INT060,interview,10,SP113,TEL113,intercept,10,0,-163.0683
SP060,INT060,interview,10,SP114,TEL114,intercept,10,0,-101.3457
SP060,INT060,interview,10,SP115,TEL115,intercept,10,0,-63.96738
SP060,INT060,interview,10,SP118,TEL118,intercept,10,0,-125.0215
SP060,INT060,interview,10,SP120,TEL120,intercept,10,0,-94.00584
SP060,INT060,interview,10,SP121,TEL121,intercept,10,0,-89.11993
SP062,INT062,interview,10,SP001,TEL001,intercept,10,0,-120.329
SP062,INT062,interview,10,SP002,TEL002,intercept,10,0,-145.7715
SP062,INT062,interview,10,SP003,TEL003,intercept,10,0,-114.9826
SP062,INT062,interview,10,SP004,TEL004,intercept,10,0,-45.70622
SP062,INT062,interview,10,SP008,TEL008,intercept,10,0,-118.35
SP062,INT062,interview,10,SP010,TEL010,intercept,10,0,-78.09884
SP062,INT062,interview,10,SP011,TEL011,intercept,10,0,-90.30343
SP062,INT062,interview,10,SP012,TEL012,intercept,10,0,-92.53359
SP062,INT062,interview,10,SP013,TEL013,intercept,10,0,-102.2172
SP062,INT062,interview,10,SP015,TEL015,intercept,10,0,-50.32588
SP062,INT062,interview,10,SP016,TEL016,intercept,10,0,-110.3948
SP062,INT062,interview,10,SP017,TEL017,intercept,10,0,-111.362
SP062,INT062,interview,10,SP018,TEL018,intercept,10,0,-97.12063
SP062,INT062,interview,10,SP019,TEL019,intercept,10,0,-117.2512
SP062,INT062,interview,10,SP020,TEL020,intercept,10,0,-173.8729
SP062,INT062,interview,10,SP021,TEL021,intercept,10,0,-96.50008
SP062,INT062,interview,10,SP022,TEL022,intercept,10,0,-138.4522
SP062,INT062,interview,10,SP023,TEL023,intercept,10,0,-99.12761
SP062,INT062,interview,10,SP024,TEL024,intercept,10,0,-139.5978
SP062,INT062,interview,10,SP025,TEL025,intercept,10,0,-83.4648
SP062,INT062,interview,10,SP026,TEL026,intercept,10,0,-110.6212
SP062,INT062,interview,10,SP027,TEL027,intercept,10,0,-119.5898
SP062,INT062,interview,10,SP028,TEL028,intercept,10,0,-94.54788
SP062,INT062,interview,10,SP029,TEL029,intercept,10,0,-115.5937
SP062,INT062,interview,10,SP030,TEL030,intercept,10,0,-99.04977
SP062,INT062,interview,10,SP031,TEL031,intercept,10,0,-119.5529
SP062,INT062,interview,10,SP032,TEL032,intercept,10,0,-70.63165
SP062,INT062,interview,10,SP033,TEL033,intercept,10,0,-71.60793
SP062,INT062,interview,10,SP034,TEL034,intercept,10,0,-84.88758
SP062,INT062,interview,10,SP035,TEL035,intercept,10,0,-96.00501
SP062,INT062,interview,10,SP036,TEL036,intercept,10,0,-78.06849
SP062,INT062,interview,10,SP037,TEL037,intercept,10,0,-137.7732
SP062,INT062,interview,10,SP038,TEL038,intercept,10,0,-132.7737
SP062,INT062,interview,10,SP039,TEL039,intercept,10,0,-81.98529
SP062,INT062,interview,10,SP040,TEL040,intercept,10,0,-106.4662
SP062,INT062,interview,10,SP042,TEL042,intercept,10,0,-66.22231
SP062,INT062,interview,10,SP043,TEL043,intercept,10,0,-66.20062
SP062,INT062,interview,10,SP044,TEL044,intercept,10,0,-97.45803
SP062,INT062,interview,10,SP045,TEL045,intercept,10,0,-141.3525
SP062,INT062,interview,10,SP046,TEL046,intercept,10,0,-108.526
SP062,INT062,interview,10,SP047,TEL047,intercept,10,0,-85.3978
SP062,INT062,interview,10,SP048,TEL048,intercept,10,0,-71.32576
SP062,INT062,interview,10,SP049,TEL049,intercept,10,0,-131.6616
SP062,INT062,interview,10,SP050,TEL050,intercept,10,0,-76.28986
SP062,INT062,interview,10,SP051,TEL051,intercept,10,0,-128.8679
SP062,INT062,interview,10,SP052,TEL052,intercept,10,0,-76.80141
SP062,INT062,interview,10,SP053,TEL053,intercept,10,0,-98.59285
SP062,INT062,interview,10,SP054,TEL054,intercept,10,0,-104.4267
SP062,INT062,interview,10,SP056,TEL056,intercept,10,0,-96.80901
SP062,INT062,interview,10,SP058,TEL058,intercept,10,0,-122.5872
SP062,INT062,interview,10,SP059,TEL059,intercept,10,0,-112.4038
SP062,INT062,interview,10,SP060,TEL060,intercept,10,0,-84.55207
SP062,INT062,interview,10,SP062,TEL062,intercept,10,1,-35.9321
SP062,INT062,interview,10,SP063,TEL063,intercept,10,0,-124.5163
SP062,INT062,interview,10,SP064,TEL064,intercept,10,0,-80.71796
SP062,INT062,interview,10,SP065,TEL065,intercept,10,0,-73.67843
SP062,INT062,interview,10,SP066,TEL066,intercept,10,0,-123.9238
SP062,INT062,interview,10,SP067,TEL067,intercept,10,0,-101.0768
SP062,INT062,interview,10,SP068,TEL068,intercept,10,0,-110.8405
SP062,INT062,interview,10,SP069,TEL069,intercept,10,0,-109.6652
SP062,INT062,interview,10,SP071,TEL071,intercept,10,0,-114.0127
SP062,INT062,interview,10,SP072,TEL072,intercept,10,0,-92.32386
SP062,INT062,interview,10,SP073,TEL073,intercept,10,0,-66.29696
SP062,INT062,interview,10,SP074,TEL074,intercept,10,0,-68.00749
SP062,INT062,interview,10,SP075,TEL075,intercept,10,0,-140.0921
SP062,INT062,interview,10,SP076,TEL076,intercept,10,0,-145.5497
SP062,INT062,interview,10,SP077,TEL077,intercept,10,0,-71.9833
SP062,INT062,interview,10,SP078,TEL078,intercept,10,0,-95.69521
SP062,INT062,interview,10,SP079,TEL079,intercept,10,0,-134.9338
SP062,INT062,interview,10,SP080,TEL080,intercept,10,0,-108.4705
SP062,INT062,interview,10,SP081,TEL081,intercept,10,0,-74.77269
SP062,INT062,interview,10,SP084,TEL084,intercept,10,0,-45.00308
SP062,INT062,interview,10,SP085,TEL085,intercept,10,0,-109.5979
SP062,INT062,interview,10,SP086,TEL086,intercept,10,0,-121.5576
SP062,INT062,interview,10,SP087,TEL087,intercept,10,0,-70.49094
SP062,INT062,interview,10,SP088,TEL088,intercept,10,0,-68.68806
SP062,INT062,interview,10,SP090,TEL090,intercept,10,0,-93.35863
SP062,INT062,interview,10,SP093,TEL093,intercept,10,0,-91.12218
SP062,INT062,interview,10,SP094,TEL094,intercept,10,0,-76.27574
SP062,INT062,interview,10,SP095,TEL095,intercept,10,0,-49.69487
SP062,INT062,interview,10,SP096,TEL096,intercept,10,0,-96.11417
SP062,INT062,interview,10,SP097,TEL097,intercept,10,0,-121.0722
SP062,INT062,interview,10,SP099,TEL099,intercept,10,0,-111.3321
SP062,INT062,interview,10,SP100,TEL100,intercept,10,0,-73.4241
SP062,INT062,interview,10,SP102,TEL102,intercept,10,0,-64.00422
SP062,INT062,interview,10,SP103,TEL103,intercept,10,0,-91.26538
SP062,INT062,interview,10,SP105,TEL105,intercept,10,0,-109.9304
SP062,INT062,interview,10,SP106,TEL106,intercept,10,0,-96.84801
SP062,INT062,interview,10,SP107,TEL107,intercept,10,0,-110.5085
SP062,INT062,interview,10,SP108,TEL108,intercept,10,0,-122.4432
SP062,INT062,interview,10,SP111,TEL111,intercept,10,0,-68.00866
SP062,INT062,interview,10,SP112,TEL112,intercept,10,0,-88.75935
SP062,INT062,interview,10,SP113,TEL113,intercept,10,0,-81.97517
SP062,INT062,interview,10,SP114,TEL114,intercept,10,0,-55.46194
SP062,INT062,interview,10,SP115,TEL115,intercept,10,0,-92.88009
SP062,INT062,interview,10,SP118,TEL118,intercept,10,0,-128.011
SP062,INT062,interview,10,SP120,TEL120,intercept,10,0,-123.4395
SP062,INT062,interview,10,SP121,TEL121,intercept,10,0,-97.46322
SP063,INT063,interview,10,SP001,TEL001,intercept,10,0,-75.00356
SP063,INT063,interview,10,SP002,TEL002,intercept,10,0,-132.7542
SP063,INT063,interview,10,SP003,TEL003,intercept,10,0,-117.9312
SP063,INT063,interview,10,SP004,TEL004,intercept,10,0,-150.3487
SP063,INT063,interview,10,SP008,TEL008,intercept,10,0,-157.5458
SP063,INT063,interview,10,SP010,TEL010,intercept,10,0,-85.07413
SP063,INT063,interview,10,SP011,TEL011,intercept,10,0,-70.52081
SP063,INT063,interview,10,SP012,TEL012,intercept,10,0,-95.11579
SP063,INT063,interview,10,SP013,TEL013,intercept,10,0,-88.38115
SP063,INT063,interview,10,SP015,TEL015,intercept,10,0,-91.80816
SP063,INT063,interview,10,SP016,TEL016,intercept,10,0,-81.40111
SP063,INT063,interview,10,SP017,TEL017,intercept,10,0,-49.27155
SP063,INT063,interview,10,SP018,TEL018,intercept,10,0,-107.0354
SP063,INT063,interview,10,SP019,TEL019,intercept,10,0,-115.6454
SP063,INT063,interview,10,SP020,TEL020,intercept,10,0,-135.2989
SP063,INT063,interview,10,SP021,TEL021,intercept,10,0,-131.0721
SP063,INT063,interview,10,SP022,TEL022,intercept,10,0,-118.791
SP063,INT063,interview,10,SP023,TEL023,intercept,10,0,-98.75851
SP063,INT063,interview,10,SP024,TEL024,intercept,10,0,-53.65762
SP063,INT063,interview,10,SP025,TEL025,intercept,10,0,-63.98879
SP063,INT063,interview,10,SP026,TEL026,intercept,10,0,-71.42117
SP063,INT063,interview,10,SP027,TEL027,intercept,10,0,-151.6504
SP063,INT063,interview,10,SP028,TEL028,intercept,10,0,-91.19206
SP063,INT063,interview,10,SP029,TEL029,intercept,10,0,-96.5274
SP063,INT063,interview,10,SP030,TEL030,intercept,10,0,-79.52158
SP063,INT063,interview,10,SP031,TEL031,intercept,10,0,-87.97562
SP063,INT063,interview,10,SP032,TEL032,intercept,10,0,-111.5504
SP063,INT063,interview,10,SP033,TEL033,intercept,10,0,-102.5502
SP063,INT063,interview,10,SP034,TEL034,intercept,10,0,-64.31456
SP063,INT063,interview,10,SP035,TEL035,intercept,10,0,-88.97375
SP063,INT063,interview,10,SP036,TEL036,intercept,10,0,-66.55313
SP063,INT063,interview,10,SP037,TEL037,intercept,10,0,-126.527
SP063,INT063,interview,10,SP038,TEL038,intercept,10,0,-150.3227
SP063,INT063,interview,10,SP039,TEL039,intercept,10,0,-135.3835
SP063,INT063,interview,10,SP040,TEL040,intercept,10,0,-105.2341
SP063,INT063,interview,10,SP042,TEL042,intercept,10,0,-94.47523
SP063,INT063,interview,10,SP043,TEL043,intercept,10,0,-100.9165
SP063,INT063,interview,10,SP044,TEL044,intercept,10,0,-96.1865
SP063,INT063,interview,10,SP045,TEL045,intercept,10,0,-121.222
SP063,INT063,interview,10,SP046,TEL046,intercept,10,0,-95.40174
SP063,INT063,interview,10,SP047,TEL047,intercept,10,0,-93.14941
SP063,INT063,interview,10,SP048,TEL048,intercept,10,0,-109.2884
SP063,INT063,interview,10,SP049,TEL049,intercept,10,0,-135.3347
SP063,INT063,interview,10,SP050,TEL050,intercept,10,0,-86.55632
SP063,INT063,interview,10,SP051,TEL051,intercept,10,0,-65.23556
SP063,INT063,interview,10,SP052,TEL052,intercept,10,0,-101.5613
SP063,INT063,interview,10,SP053,TEL053,intercept,10,0,-70.81438
SP063,INT063,interview,10,SP054,TEL054,intercept,10,0,-65.84366
SP063,INT063,interview,10,SP056,TEL056,intercept,10,0,-124.7845
SP063,INT063,interview,10,SP058,TEL058,intercept,10,0,-68.87794
SP063,INT063,interview,10,SP059,TEL059,intercept,10,0,-131.25
SP063,INT063,interview,10,SP060,TEL060,intercept,10,0,-100.2369
SP063,INT063,interview,10,SP062,TEL062,intercept,10,0,-105.6062
SP063,INT063,interview,10,SP063,TEL063,intercept,10,1,-12.51408
SP063,INT063,interview,10,SP064,TEL064,intercept,10,0,-142.1964
SP063,INT063,interview,10,SP065,TEL065,intercept,10,0,-102.1352
SP063,INT063,interview,10,SP066,TEL066,intercept,10,0,-82.76278
SP063,INT063,interview,10,SP067,TEL067,intercept,10,0,-163.8426
SP063,INT063,interview,10,SP068,TEL068,intercept,10,0,-127.2471
SP063,INT063,interview,10,SP069,TEL069,intercept,10,0,-116.434
SP063,INT063,interview,10,SP071,TEL071,intercept,10,0,-81.43494
SP063,INT063,interview,10,SP072,TEL072,intercept,10,0,-96.29343
SP063,INT063,interview,10,SP073,TEL073,intercept,10,0,-117.4461
SP063,INT063,interview,10,SP074,TEL074,intercept,10,0,-102.3864
SP063,INT063,interview,10,SP075,TEL075,intercept,10,0,-74.39611
SP063,INT063,interview,10,SP076,TEL076,intercept,10,0,-79.57681
SP063,INT063,interview,10,SP077,TEL077,intercept,10,0,-112.1479
SP063,INT063,interview,10,SP078,TEL078,intercept,10,0,-165.7177
SP063,INT063,interview,10,SP079,TEL079,intercept,10,0,-116.5125
SP063,INT063,interview,10,SP080,TEL080,intercept,10,0,-72.00858
SP063,INT063,interview,10,SP081,TEL081,intercept,10,0,-146.9703
SP063,INT063,interview,10,SP084,TEL084,intercept,10,0,-53.3361
SP063,INT063,interview,10,SP085,TEL085,intercept,10,0,-132.0629
SP063,INT063,interview,10,SP086,TEL086,intercept,10,0,-153.8416
SP063,INT063,interview,10,SP087,TEL087,intercept,10,0,-69.87999
SP063,INT063,interview,10,SP088,TEL088,intercept,10,0,-61.74048
SP063,INT063,interview,10,SP090,TEL090,intercept,10,0,-48.42201
SP063,INT063,interview,10,SP093,TEL093,intercept,10,0,-89.68751
SP063,INT063,interview,10,SP094,TEL094,intercept,10,0,-99.32079
SP063,INT063,interview,10,SP095,TEL095,intercept,10,0,-88.7958
SP063,INT063,interview,10,SP096,TEL096,intercept,10,0,-114.2575
SP063,INT063,interview,10,SP097,TEL097,intercept,10,0,-113.5292
SP063,INT063,interview,10,SP099,TEL099,intercept,10,0,-121.9627
SP063,INT063,interview,10,SP100,TEL100,intercept,10,0,-71.24111
SP063,INT063,interview,10,SP102,TEL102,intercept,10,0,-93.62125
SP063,INT063,interview,10,SP103,TEL103,intercept,10,0,-73.49612
SP063,INT063,interview,10,SP105,TEL105,intercept,10,0,-102.9742
SP063,INT063,interview,10,SP106,TEL106,intercept,10,0,-111.3806
SP063,INT063,interview,10,SP107,TEL107,intercept,10,0,-82.89353
SP063,INT063,interview,10,SP108,TEL108,intercept,10,0,-66.90726
SP063,INT063,interview,10,SP111,TEL111,intercept,10,0,-63.68128
SP063,INT063,interview,10,SP112,TEL112,intercept,10,0,-108.0053
SP063,INT063,interview,10,SP113,TEL113,intercept,10,0,-123.0664
SP063,INT063,interview,10,SP114,TEL114,intercept,10,0,-116.8281
SP063,INT063,interview,10,SP115,TEL115,intercept,10,0,-93.94611
SP063,INT063,interview,10,SP118,TEL118,intercept,10,0,-76.31779
SP063,INT063,interview,10,SP120,TEL120,intercept,10,0,-121.7055
SP063,INT063,interview,10,SP121,TEL121,intercept,10,0,-120.0667
SP064,INT064,interview,10,SP001,TEL001,intercept,10,0,-99.95542
SP064,INT064,interview,10,SP002,TEL002,intercept,10,0,-117.5284
SP064,INT064,interview,10,SP003,TEL003,intercept,10,0,-84.09902
SP064,INT064,interview,10,SP004,TEL004,intercept,10,0,-97.35493
SP064,INT064,interview,10,SP008,TEL008,intercept,10,0,-139.4846
SP064,INT064,interview,10,SP010,TEL010,intercept,10,0,-71.34741
SP064,INT064,interview,10,SP011,TEL011,intercept,10,0,-103.5942
SP064,INT064,interview,10,SP012,TEL012,intercept,10,0,-95.9472
SP064,INT064,interview,10,SP013,TEL013,intercept,10,0,-135.1118
SP064,INT064,interview,10,SP015,TEL015,intercept,10,0,-103.5485
SP064,INT064,interview,10,SP016,TEL016,intercept,10,0,-96.0827
SP064,INT064,interview,10,SP017,TEL017,intercept,10,0,-127.1868
SP064,INT064,interview,10,SP018,TEL018,intercept,10,0,-119.2772
SP064,INT064,interview,10,SP019,TEL019,intercept,10,0,-204.5629
SP064,INT064,interview,10,SP020,TEL020,intercept,10,0,-118.973
SP064,INT064,interview,10,SP021,TEL021,intercept,10,0,-144.081
SP064,INT064,interview,10,SP022,TEL022,intercept,10,0,-102.0522
SP064,INT064,interview,10,SP023,TEL023,intercept,10,0,-136.6432
SP064,INT064,interview,10,SP024,TEL024,intercept,10,0,-123.6389
SP064,INT064,interview,10,SP025,TEL025,intercept,10,0,-84.82808
SP064,INT064,interview,10,SP026,TEL026,intercept,10,0,-111.8722
SP064,INT064,interview,10,SP027,TEL027,intercept,10,0,-114.9792
SP064,INT064,interview,10,SP028,TEL028,intercept,10,0,-154.1899
SP064,INT064,interview,10,SP029,TEL029,intercept,10,0,-115.204
SP064,INT064,interview,10,SP030,TEL030,intercept,10,0,-169.5444
SP064,INT064,interview,10,SP031,TEL031,intercept,10,0,-157.0507
SP064,INT064,interview,10,SP032,TEL032,intercept,10,0,-65.21931
SP064,INT064,interview,10,SP033,TEL033,intercept,10,0,-83.33479
SP064,INT064,interview,10,SP034,TEL034,intercept,10,0,-80.45542
SP064,INT064,interview,10,SP035,TEL035,intercept,10,0,-142.096
SP064,INT064,interview,10,SP036,TEL036,intercept,10,0,-87.97482
SP064,INT064,interview,10,SP037,TEL037,intercept,10,0,-78.58055
SP064,INT064,interview,10,SP038,TEL038,intercept,10,0,-101.1001
SP064,INT064,interview,10,SP039,TEL039,intercept,10,0,-156.4422
SP064,INT064,interview,10,SP040,TEL040,intercept,10,0,-113.7287
SP064,INT064,interview,10,SP042,TEL042,intercept,10,0,-92.21756
SP064,INT064,interview,10,SP043,TEL043,intercept,10,0,-45.0725
SP064,INT064,interview,10,SP044,TEL044,intercept,10,0,-135.7841
SP064,INT064,interview,10,SP045,TEL045,intercept,10,0,-116.5911
SP064,INT064,interview,10,SP046,TEL046,intercept,10,0,-121.9877
SP064,INT064,interview,10,SP047,TEL047,intercept,10,0,-113.9002
SP064,INT064,interview,10,SP048,TEL048,intercept,10,0,-133.2142
SP064,INT064,interview,10,SP049,TEL049,intercept,10,0,-179.7133
SP064,INT064,interview,10,SP050,TEL050,intercept,10,0,-98.96365
SP064,INT064,interview,10,SP051,TEL051,intercept,10,0,-150.0178
SP064,INT064,interview,10,SP052,TEL052,intercept,10,0,-128.1355
SP064,INT064,interview,10,SP053,TEL053,intercept,10,0,-117.4775
SP064,INT064,interview,10,SP054,TEL054,intercept,10,0,-130.3936
SP064,INT064,interview,10,SP056,TEL056,intercept,10,0,-107.069
SP064,INT064,interview,10,SP058,TEL058,intercept,10,0,-134.7158
SP064,INT064,interview,10,SP059,TEL059,intercept,10,0,-115.8805
SP064,INT064,interview,10,SP060,TEL060,intercept,10,0,-133.4997
SP064,INT064,interview,10,SP062,TEL062,intercept,10,0,-101.7381
SP064,INT064,interview,10,SP063,TEL063,intercept,10,0,-88.01584
SP064,INT064,interview,10,SP064,TEL064,intercept,10,1,-26.09689
SP064,INT064,interview,10,SP065,TEL065,intercept,10,0,-157.1488
SP064,INT064,interview,10,SP066,TEL066,intercept,10,0,-144.2128
SP064,INT064,interview,10,SP067,TEL067,intercept,10,0,-139.4527
SP064,INT064,interview,10,SP068,TEL068,intercept,10,0,-115.7491
SP064,INT064,interview,10,SP069,TEL069,intercept,10,0,-102.1254
SP064,INT064,interview,10,SP071,TEL071,intercept,10,0,-107.2079
SP064,INT064,interview,10,SP072,TEL072,intercept,10,0,-102.6852
SP064,INT064,interview,10,SP073,TEL073,intercept,10,0,-150.7795
SP064,INT064,interview,10,SP074,TEL074,intercept,10,0,-71.71643
SP064,INT064,interview,10,SP075,TEL075,intercept,10,0,-101.8235
SP064,INT064,interview,10,SP076,TEL076,intercept,10,0,-86.62918
SP064,INT064,interview,10,SP077,TEL077,intercept,10,0,-117.7104
SP064,INT064,interview,10,SP078,TEL078,intercept,10,0,-130.2598
SP064,INT064,interview,10,SP079,TEL079,intercept,10,0,-162.7355
SP064,INT064,interview,10,SP080,TEL080,intercept,10,0,-117.1985
SP064,INT064,interview,10,SP081,TEL081,intercept,10,0,-120.2065
SP064,INT064,interview,10,SP084,TEL084,intercept,10,0,-104.0872
SP064,INT064,interview,10,SP085,TEL085,intercept,10,0,-129.896
SP064,INT064,interview,10,SP086,TEL086,intercept,10,0,-177.7961
SP064,INT064,interview,10,SP087,TEL087,intercept,10,0,-102.3855
SP064,INT064,interview,10,SP088,TEL088,intercept,10,0,-60.21923
SP064,INT064,interview,10,SP090,TEL090,intercept,10,0,-100.5681
SP064,INT064,interview,10,SP093,TEL093,intercept,10,0,-57.41509
SP064,INT064,interview,10,SP094,TEL094,intercept,10,0,-68.27637
SP064,INT064,interview,10,SP095,TEL095,intercept,10,0,-93.84834
SP064,INT064,interview,10,SP096,TEL096,intercept,10,0,-78.78743
SP064,INT064,interview,10,SP097,TEL097,intercept,10,0,-141.1549
SP064,INT064,interview,10,SP099,TEL099,intercept,10,0,-95.23962
SP064,INT064,interview,10,SP100,TEL100,intercept,10,0,-111.2158
SP064,INT064,interview,10,SP102,TEL102,intercept,10,0,-68.52548
SP064,INT064,interview,10,SP103,TEL103,intercept,10,0,-80.89453
SP064,INT064,interview,10,SP105,TEL105,intercept,10,0,-107.7538
SP064,INT064,interview,10,SP106,TEL106,intercept,10,0,-117.7429
SP064,INT064,interview,10,SP107,TEL107,intercept,10,0,-122.6044
SP064,INT064,interview,10,SP108,TEL108,intercept,10,0,-171.4927
SP064,INT064,interview,10,SP111,TEL111,intercept,10,0,-115.6721
SP064,INT064,interview,10,SP112,TEL112,intercept,10,0,-63.78151
SP064,INT064,interview,10,SP113,TEL113,intercept,10,0,-105.598
SP064,INT064,interview,10,SP114,TEL114,intercept,10,0,-53.99819
SP064,INT064,interview,10,SP115,TEL115,intercept,10,0,-81.26934
SP064,INT064,interview,10,SP118,TEL118,intercept,10,0,-145.8511
SP064,INT064,interview,10,SP120,TEL120,intercept,10,0,-88.29034
SP064,INT064,interview,10,SP121,TEL121,intercept,10,0,-141.755
SP065,INT065,interview,10,SP001,TEL001,intercept,10,0,-94.99637
SP065,INT065,interview,10,SP002,TEL002,intercept,10,0,-166.0963
SP065,INT065,interview,10,SP003,TEL003,intercept,10,0,-104.6061
SP065,INT065,interview,10,SP004,TEL004,intercept,10,0,-109.7242
SP065,INT065,interview,10,SP008,TEL008,intercept,10,0,-115.6367
SP065,INT065,interview,10,SP010,TEL010,intercept,10,0,-79.5782
SP065,INT065,interview,10,SP011,TEL011,intercept,10,0,-69.50083
SP065,INT065,interview,10,SP012,TEL012,intercept,10,0,-127.2313
SP065,INT065,interview,10,SP013,TEL013,intercept,10,0,-84.24712
SP065,INT065,interview,10,SP015,TEL015,intercept,10,0,-91.73125
SP065,INT065,interview,10,SP016,TEL016,intercept,10,0,-132.3502
SP065,INT065,interview,10,SP017,TEL017,intercept,10,0,-102.402
SP065,INT065,interview,10,SP018,TEL018,intercept,10,0,-74.3595
SP065,INT065,interview,10,SP019,TEL019,intercept,10,0,-84.76821
SP065,INT065,interview,10,SP020,TEL020,intercept,10,0,-163.6389
SP065,INT065,interview,10,SP021,TEL021,intercept,10,0,-104.0557
SP065,INT065,interview,10,SP022,TEL022,intercept,10,0,-115.6283
SP065,INT065,interview,10,SP023,TEL023,intercept,10,0,-91.75488
SP065,INT065,interview,10,SP024,TEL024,intercept,10,0,-101.6859
SP065,INT065,interview,10,SP025,TEL025,intercept,10,0,-109.9711
SP065,INT065,interview,10,SP026,TEL026,intercept,10,0,-107.2608
SP065,INT065,interview,10,SP027,TEL027,intercept,10,0,-123.781
SP065,INT065,interview,10,SP028,TEL028,intercept,10,0,-107.7908
SP065,INT065,interview,10,SP029,TEL029,intercept,10,0,-95.07019
SP065,INT065,interview,10,SP030,TEL030,intercept,10,0,-109.2481
SP065,INT065,interview,10,SP031,TEL031,intercept,10,0,-149.0111
SP065,INT065,interview,10,SP032,TEL032,intercept,10,0,-108.4138
SP065,INT065,interview,10,SP033,TEL033,intercept,10,0,-105.148
SP065,INT065,interview,10,SP034,TEL034,intercept,10,0,-111.4059
SP065,INT065,interview,10,SP035,TEL035,intercept,10,0,-92.09364
SP065,INT065,interview,10,SP036,TEL036,intercept,10,0,-92.29105
SP065,INT065,interview,10,SP037,TEL037,intercept,10,0,-144.7939
SP065,INT065,interview,10,SP038,TEL038,intercept,10,0,-133.1914
SP065,INT065,interview,10,SP039,TEL039,intercept,10,0,-91.77979
SP065,INT065,interview,10,SP040,TEL040,intercept,10,0,-82.79968
SP065,INT065,interview,10,SP042,TEL042,intercept,10,0,-82.24086
SP065,INT065,interview,10,SP043,TEL043,intercept,10,0,-112.6662
SP065,INT065,interview,10,SP044,TEL044,intercept,10,0,-75.33865
SP065,INT065,interview,10,SP045,TEL045,intercept,10,0,-124.9602
SP065,INT065,interview,10,SP046,TEL046,intercept,10,0,-87.8047
SP065,INT065,interview,10,SP047,TEL047,intercept,10,0,-101.0501
SP065,INT065,interview,10,SP048,TEL048,intercept,10,0,-98.2963
SP065,INT065,interview,10,SP049,TEL049,intercept,10,0,-139.9157
SP065,INT065,interview,10,SP050,TEL050,intercept,10,0,-72.69718
SP065,INT065,interview,10,SP051,TEL051,intercept,10,0,-125.5525
SP065,INT065,interview,10,SP052,TEL052,intercept,10,0,-120.289
SP065,INT065,interview,10,SP053,TEL053,intercept,10,0,-59.95813
SP065,INT065,interview,10,SP054,TEL054,intercept,10,0,-81.8729
SP065,INT065,interview,10,SP056,TEL056,intercept,10,0,-146.6651
SP065,INT065,interview,10,SP058,TEL058,intercept,10,0,-88.01035
SP065,INT065,interview,10,SP059,TEL059,intercept,10,0,-124.9955
SP065,INT065,interview,10,SP060,TEL060,intercept,10,0,-114.5199
SP065,INT065,interview,10,SP062,TEL062,intercept,10,0,-92.2433
SP065,INT065,interview,10,SP063,TEL063,intercept,10,0,-118.2896
SP065,INT065,interview,10,SP064,TEL064,intercept,10,0,-120.4999
SP065,INT065,interview,10,SP065,TEL065,intercept,10,1,-15.82025
SP065,INT065,interview,10,SP066,TEL066,intercept,10,0,-125.3778
SP065,INT065,interview,10,SP067,TEL067,intercept,10,0,-133.75
SP065,INT065,interview,10,SP068,TEL068,intercept,10,0,-138.6506
SP065,INT065,interview,10,SP069,TEL069,intercept,10,0,-123.0014
SP065,INT065,interview,10,SP071,TEL071,intercept,10,0,-115.0188
SP065,INT065,interview,10,SP072,TEL072,intercept,10,0,-103.983
SP065,INT065,interview,10,SP073,TEL073,intercept,10,0,-100.1593
SP065,INT065,interview,10,SP074,TEL074,intercept,10,0,-61.10926
SP065,INT065,interview,10,SP075,TEL075,intercept,10,0,-83.34713
SP065,INT065,interview,10,SP076,TEL076,intercept,10,0,-116.6064
SP065,INT065,interview,10,SP077,TEL077,intercept,10,0,-73.71988
SP065,INT065,interview,10,SP078,TEL078,intercept,10,0,-123.094
SP065,INT065,interview,10,SP079,TEL079,intercept,10,0,-127.381
SP065,INT065,interview,10,SP080,TEL080,intercept,10,0,-116.0135
SP065,INT065,interview,10,SP081,TEL081,intercept,10,0,-109.0875
SP065,INT065,interview,10,SP084,TEL084,intercept,10,0,-70.64696
SP065,INT065,interview,10,SP085,TEL085,intercept,10,0,-131.7091
SP065,INT065,interview,10,SP086,TEL086,intercept,10,0,-95.54945
SP065,INT065,interview,10,SP087,TEL087,intercept,10,0,-98.56452
SP065,INT065,interview,10,SP088,TEL088,intercept,10,0,-56.42446
SP065,INT065,interview,10,SP090,TEL090,intercept,10,0,-90.15937
SP065,INT065,interview,10,SP093,TEL093,intercept,10,0,-134.7521
SP065,INT065,interview,10,SP094,TEL094,intercept,10,0,-136.7545
SP065,INT065,interview,10,SP095,TEL095,intercept,10,0,-81.59444
SP065,INT065,interview,10,SP096,TEL096,intercept,10,0,-93.15379
SP065,INT065,interview,10,SP097,TEL097,intercept,10,0,-128.0651
SP065,INT065,interview,10,SP099,TEL099,intercept,10,0,-149.5962
SP065,INT065,interview,10,SP100,TEL100,intercept,10,0,-104.8342
SP065,INT065,interview,10,SP102,TEL102,intercept,10,0,-123.7648
SP065,INT065,interview,10,SP103,TEL103,intercept,10,0,-101.4352
SP065,INT065,interview,10,SP105,TEL105,intercept,10,0,-102.3541
SP065,INT065,interview,10,SP106,TEL106,intercept,10,0,-112.4378
SP065,INT065,interview,10,SP107,TEL107,intercept,10,0,-97.78503
SP065,INT065,interview,10,SP108,TEL108,intercept,10,0,-72.8645
SP065,INT065,interview,10,SP111,TEL111,intercept,10,0,-96.60366
SP065,INT065,interview,10,SP112,TEL112,intercept,10,0,-83.85843
SP065,INT065,interview,10,SP113,TEL113,intercept,10,0,-108.1668
SP065,INT065,interview,10,SP114,TEL114,intercept,10,0,-85.73226
SP065,INT065,interview,10,SP115,TEL115,intercept,10,0,-100.0674
SP065,INT065,interview,10,SP118,TEL118,intercept,10,0,-134.5868
SP065,INT065,interview,10,SP120,TEL120,intercept,10,0,-140.4061
SP065,INT065,interview,10,SP121,TEL121,intercept,10,0,-108.7166
SP066,INT066,interview,10,SP001,TEL001,intercept,10,0,-107.9109
SP066,INT066,interview,10,SP002,TEL002,intercept,10,0,-104.3008
SP066,INT066,interview,10,SP003,TEL003,intercept,10,0,-138.4491
SP066,INT066,interview,10,SP004,TEL004,intercept,10,0,-144.7372
SP066,INT066,interview,10,SP008,TEL008,intercept,10,0,-126.6021
SP066,INT066,interview,10,SP010,TEL010,intercept,10,0,-85.31505
SP066,INT066,interview,10,SP011,TEL011,intercept,10,0,-66.53206
SP066,INT066,interview,10,SP012,TEL012,intercept,10,0,-107.4708
SP066,INT066,interview,10,SP013,TEL013,intercept,10,0,-110.4937
SP066,INT066,interview,10,SP015,TEL015,intercept,10,0,-64.315
SP066,INT066,interview,10,SP016,TEL016,intercept,10,0,-97.37575
SP066,INT066,interview,10,SP017,TEL017,intercept,10,0,-79.70719
SP066,INT066,interview,10,SP018,TEL018,intercept,10,0,-137.2638
SP066,INT066,interview,10,SP019,TEL019,intercept,10,0,-104.9366
SP066,INT066,interview,10,SP020,TEL020,intercept,10,0,-117.9458
SP066,INT066,interview,10,SP021,TEL021,intercept,10,0,-121.9567
SP066,INT066,interview,10,SP022,TEL022,intercept,10,0,-81.54331
SP066,INT066,interview,10,SP023,TEL023,intercept,10,0,-117.179
SP066,INT066,interview,10,SP024,TEL024,intercept,10,0,-113.4488
SP066,INT066,interview,10,SP025,TEL025,intercept,10,0,-74.95562
SP066,INT066,interview,10,SP026,TEL026,intercept,10,0,-75.73515
SP066,INT066,interview,10,SP027,TEL027,intercept,10,0,-127.5112
SP066,INT066,interview,10,SP028,TEL028,intercept,10,0,-68.47713
SP066,INT066,interview,10,SP029,TEL029,intercept,10,0,-130.0745
SP066,INT066,interview,10,SP030,TEL030,intercept,10,0,-55.77326
SP066,INT066,interview,10,SP031,TEL031,intercept,10,0,-75.81063
SP066,INT066,interview,10,SP032,TEL032,intercept,10,0,-133.7247
SP066,INT066,interview,10,SP033,TEL033,intercept,10,0,-117.417
SP066,INT066,interview,10,SP034,TEL034,intercept,10,0,-119.9884
SP066,INT066,interview,10,SP035,TEL035,intercept,10,0,-111.0543
SP066,INT066,interview,10,SP036,TEL036,intercept,10,0,-87.27064
SP066,INT066,interview,10,SP037,TEL037,intercept,10,0,-130.794
SP066,INT066,interview,10,SP038,TEL038,intercept,10,0,-141.044
SP066,INT066,interview,10,SP039,TEL039,intercept,10,0,-105.204
SP066,INT066,interview,10,SP040,TEL040,intercept,10,0,-116.9522
SP066,INT066,interview,10,SP042,TEL042,intercept,10,0,-115.2455
SP066,INT066,interview,10,SP043,TEL043,intercept,10,0,-65.71454
SP066,INT066,interview,10,SP044,TEL044,intercept,10,0,-94.27657
SP066,INT066,interview,10,SP045,TEL045,intercept,10,0,-115.5598
SP066,INT066,interview,10,SP046,TEL046,intercept,10,0,-72.3592
SP066,INT066,interview,10,SP047,TEL047,intercept,10,0,-95.30856
SP066,INT066,interview,10,SP048,TEL048,intercept,10,0,-124.4023
SP066,INT066,interview,10,SP049,TEL049,intercept,10,0,-150.3346
SP066,INT066,interview,10,SP050,TEL050,intercept,10,0,-78.01725
SP066,INT066,interview,10,SP051,TEL051,intercept,10,0,-72.03281
SP066,INT066,interview,10,SP052,TEL052,intercept,10,0,-119.2591
SP066,INT066,interview,10,SP053,TEL053,intercept,10,0,-100.7524
SP066,INT066,interview,10,SP054,TEL054,intercept,10,0,-88.91274
SP066,INT066,interview,10,SP056,TEL056,intercept,10,0,-83.09696
SP066,INT066,interview,10,SP058,TEL058,intercept,10,0,-123.5569
SP066,INT066,interview,10,SP059,TEL059,intercept,10,0,-109.7671
SP066,INT066,interview,10,SP060,TEL060,intercept,10,0,-116.5219
SP066,INT066,interview,10,SP062,TEL062,intercept,10,0,-99.82768
SP066,INT066,interview,10,SP063,TEL063,intercept,10,0,-49.182
SP066,INT066,interview,10,SP064,TEL064,intercept,10,0,-107.8189
SP066,INT066,interview,10,SP065,TEL065,intercept,10,0,-71.74603
SP066,INT066,interview,10,SP066,TEL066,intercept,10,1,9.360955
SP066,INT066,interview,10,SP067,TEL067,intercept,10,0,-120.4958
SP066,INT066,interview,10,SP068,TEL068,intercept,10,0,-89.2599
SP066,INT066,interview,10,SP069,TEL069,intercept,10,0,-92.00767
SP066,INT066,interview,10,SP071,TEL071,intercept,10,0,-55.25201
SP066,INT066,interview,10,SP072,TEL072,intercept,10,0,-67.55099
SP066,INT066,interview,10,SP073,TEL073,intercept,10,0,-140.6239
SP066,INT066,interview,10,SP074,TEL074,intercept,10,0,-68.35706
SP066,INT066,interview,10,SP075,TEL075,intercept,10,0,-113.1451
SP066,INT066,interview,10,SP076,TEL076,intercept,10,0,-69.96867
SP066,INT066,interview,10,SP077,TEL077,intercept,10,0,-124.6208
SP066,INT066,interview,10,SP078,TEL078,intercept,10,0,-149.3681
SP066,INT066,interview,10,SP079,TEL079,intercept,10,0,-118.8999
SP066,INT066,interview,10,SP080,TEL080,intercept,10,0,-118.0678
SP066,INT066,interview,10,SP081,TEL081,intercept,10,0,-107.7864
SP066,INT066,interview,10,SP084,TEL084,intercept,10,0,-88.53094
SP066,INT066,interview,10,SP085,TEL085,intercept,10,0,-150.215
SP066,INT066,interview,10,SP086,TEL086,intercept,10,0,-135.1858
SP066,INT066,interview,10,SP087,TEL087,intercept,10,0,-79.63856
SP066,INT066,interview,10,SP088,TEL088,intercept,10,0,-54.20311
SP066,INT066,interview,10,SP090,TEL090,intercept,10,0,-71.19762
SP066,INT066,interview,10,SP093,TEL093,intercept,10,0,-94.25169
SP066,INT066,interview,10,SP094,TEL094,intercept,10,0,-134.0103
SP066,INT066,interview,10,SP095,TEL095,intercept,10,0,-104.9393
SP066,INT066,interview,10,SP096,TEL096,intercept,10,0,-98.30203
SP066,INT066,interview,10,SP097,TEL097,intercept,10,0,-95.53909
SP066,INT066,interview,10,SP099,TEL099,intercept,10,0,-102.4243
SP066,INT066,interview,10,SP100,TEL100,intercept,10,0,-72.79288
SP066,INT066,interview,10,SP102,TEL102,intercept,10,0,-90.86624
SP066,INT066,interview,10,SP103,TEL103,intercept,10,0,-69.40788
SP066,INT066,interview,10,SP105,TEL105,intercept,10,0,-98.05183
SP066,INT066,interview,10,SP106,TEL106,intercept,10,0,-76.32201
SP066,INT066,interview,10,SP107,TEL107,intercept,10,0,-80.92056
SP066,INT066,interview,10,SP108,TEL108,intercept,10,0,-95.19896
SP066,INT066,interview,10,SP111,TEL111,intercept,10,0,-83.33854
SP066,INT066,interview,10,SP112,TEL112,intercept,10,0,-83.83295
SP066,INT066,interview,10,SP113,TEL113,intercept,10,0,-99.18549
SP066,INT066,interview,10,SP114,TEL114,intercept,10,0,-96.3646
SP066,INT066,interview,10,SP115,TEL115,intercept,10,0,-109.225
SP066,INT066,interview,10,SP118,TEL118,intercept,10,0,-125.5108
SP066,INT066,interview,10,SP120,TEL120,intercept,10,0,-95.66066
SP066,INT066,interview,10,SP121,TEL121,intercept,10,0,-73.19341
SP067,INT067,interview,10,SP001,TEL001,intercept,10,0,-122.1498
SP067,INT067,interview,10,SP002,TEL002,intercept,10,0,-107.6972
SP067,INT067,interview,10,SP003,TEL003,intercept,10,0,-138.9625
SP067,INT067,interview,10,SP004,TEL004,intercept,10,0,-92.68887
SP067,INT067,interview,10,SP008,TEL008,intercept,10,0,-93.63232
SP067,INT067,interview,10,SP010,TEL010,intercept,10,0,-88.33322
SP067,INT067,interview,10,SP011,TEL011,intercept,10,0,-82.36958
SP067,INT067,interview,10,SP012,TEL012,intercept,10,0,-99.73092
SP067,INT067,interview,10,SP013,TEL013,intercept,10,0,-69.36223
SP067,INT067,interview,10,SP015,TEL015,intercept,10,0,-89.50474
SP067,INT067,interview,10,SP016,TEL016,intercept,10,0,-63.37457
SP067,INT067,interview,10,SP017,TEL017,intercept,10,0,-113.3019
SP067,INT067,interview,10,SP018,TEL018,intercept,10,0,-104.7053
SP067,INT067,interview,10,SP019,TEL019,intercept,10,0,-68.33838
SP067,INT067,interview,10,SP020,TEL020,intercept,10,0,-151.697
SP067,INT067,interview,10,SP021,TEL021,intercept,10,0,-96.82116
SP067,INT067,interview,10,SP022,TEL022,intercept,10,0,-112.4765
SP067,INT067,interview,10,SP023,TEL023,intercept,10,0,-116.0287
SP067,INT067,interview,10,SP024,TEL024,intercept,10,0,-155.6102
SP067,INT067,interview,10,SP025,TEL025,intercept,10,0,-54.91754
SP067,INT067,interview,10,SP026,TEL026,intercept,10,0,-111.6799
SP067,INT067,interview,10,SP027,TEL027,intercept,10,0,-133.0933
SP067,INT067,interview,10,SP028,TEL028,intercept,10,0,-72.5041
SP067,INT067,interview,10,SP029,TEL029,intercept,10,0,-102.3025
SP067,INT067,interview,10,SP030,TEL030,intercept,10,0,-137.3039
SP067,INT067,interview,10,SP031,TEL031,intercept,10,0,-131.4863
SP067,INT067,interview,10,SP032,TEL032,intercept,10,0,-89.16135
SP067,INT067,interview,10,SP033,TEL033,intercept,10,0,-56.1218
SP067,INT067,interview,10,SP034,TEL034,intercept,10,0,-70.95776
SP067,INT067,interview,10,SP035,TEL035,intercept,10,0,-106.5591
SP067,INT067,interview,10,SP036,TEL036,intercept,10,0,-74.53679
SP067,INT067,interview,10,SP037,TEL037,intercept,10,0,-109.9083
SP067,INT067,interview,10,SP038,TEL038,intercept,10,0,-110.8531
SP067,INT067,interview,10,SP039,TEL039,intercept,10,0,-74.13667
SP067,INT067,interview,10,SP040,TEL040,intercept,10,0,-58.89159
SP067,INT067,interview,10,SP042,TEL042,intercept,10,0,-59.37341
SP067,INT067,interview,10,SP043,TEL043,intercept,10,0,-100.6768
SP067,INT067,interview,10,SP044,TEL044,intercept,10,0,-83.99878
SP067,INT067,interview,10,SP045,TEL045,intercept,10,0,-85.18578
SP067,INT067,interview,10,SP046,TEL046,intercept,10,0,-91.93336
SP067,INT067,interview,10,SP047,TEL047,intercept,10,0,-80.65327
SP067,INT067,interview,10,SP048,TEL048,intercept,10,0,-52.8944
SP067,INT067,interview,10,SP049,TEL049,intercept,10,0,-124.1178
SP067,INT067,interview,10,SP050,TEL050,intercept,10,0,-99.40202
SP067,INT067,interview,10,SP051,TEL051,intercept,10,0,-133.3619
SP067,INT067,interview,10,SP052,TEL052,intercept,10,0,-68.31911
SP067,INT067,interview,10,SP053,TEL053,intercept,10,0,-131.9868
SP067,INT067,interview,10,SP054,TEL054,intercept,10,0,-112.8314
SP067,INT067,interview,10,SP056,TEL056,intercept,10,0,-84.15063
SP067,INT067,interview,10,SP058,TEL058,intercept,10,0,-107.9615
SP067,INT067,interview,10,SP059,TEL059,intercept,10,0,-74.55402
SP067,INT067,interview,10,SP060,TEL060,intercept,10,0,-59.06933
SP067,INT067,interview,10,SP062,TEL062,intercept,10,0,-77.19173
SP067,INT067,interview,10,SP063,TEL063,intercept,10,0,-96.01329
SP067,INT067,interview,10,SP064,TEL064,intercept,10,0,-70.46616
SP067,INT067,interview,10,SP065,TEL065,intercept,10,0,-111.3018
SP067,INT067,interview,10,SP066,TEL066,intercept,10,0,-131.0661
SP067,INT067,interview,10,SP067,TEL067,intercept,10,1,-5.14298
SP067,INT067,interview,10,SP068,TEL068,intercept,10,0,-83.13667
SP067,INT067,interview,10,SP069,TEL069,intercept,10,0,-41.90007
SP067,INT067,interview,10,SP071,TEL071,intercept,10,0,-81.66326
SP067,INT067,interview,10,SP072,TEL072,intercept,10,0,-67.47075
SP067,INT067,interview,10,SP073,TEL073,intercept,10,0,-139.1918
SP067,INT067,interview,10,SP074,TEL074,intercept,10,0,-62.19803
SP067,INT067,interview,10,SP075,TEL075,intercept,10,0,-86.7895
SP067,INT067,interview,10,SP076,TEL076,intercept,10,0,-140.3889
SP067,INT067,interview,10,SP077,TEL077,intercept,10,0,-78.96572
SP067,INT067,interview,10,SP078,TEL078,intercept,10,0,-76.95428
SP067,INT067,interview,10,SP079,TEL079,intercept,10,0,-91.54812
SP067,INT067,interview,10,SP080,TEL080,intercept,10,0,-95.73782
SP067,INT067,interview,10,SP081,TEL081,intercept,10,0,-27.67459
SP067,INT067,interview,10,SP084,TEL084,intercept,10,0,-32.18144
SP067,INT067,interview,10,SP085,TEL085,intercept,10,0,-77.47798
SP067,INT067,interview,10,SP086,TEL086,intercept,10,0,-100.9883
SP067,INT067,interview,10,SP087,TEL087,intercept,10,0,-76.46165
SP067,INT067,interview,10,SP088,TEL088,intercept,10,0,-100.1819
SP067,INT067,interview,10,SP090,TEL090,intercept,10,0,-96.46954
SP067,INT067,interview,10,SP093,TEL093,intercept,10,0,-89.73739
SP067,INT067,interview,10,SP094,TEL094,intercept,10,0,-55.66986
SP067,INT067,interview,10,SP095,TEL095,intercept,10,0,-54.16945
SP067,INT067,interview,10,SP096,TEL096,intercept,10,0,-63.13624
SP067,INT067,interview,10,SP097,TEL097,intercept,10,0,-57.72281
SP067,INT067,interview,10,SP099,TEL099,intercept,10,0,-73.53255
SP067,INT067,interview,10,SP100,TEL100,intercept,10,0,-103.0752
SP067,INT067,interview,10,SP102,TEL102,intercept,10,0,-77.50282
SP067,INT067,interview,10,SP103,TEL103,intercept,10,0,-101.3925
SP067,INT067,interview,10,SP105,TEL105,intercept,10,0,-98.19381
SP067,INT067,interview,10,SP106,TEL106,intercept,10,0,-85.94269
SP067,INT067,interview,10,SP107,TEL107,intercept,10,0,-64.02552
SP067,INT067,interview,10,SP108,TEL108,intercept,10,0,-66.36771
SP067,INT067,interview,10,SP111,TEL111,intercept,10,0,-95.51424
SP067,INT067,interview,10,SP112,TEL112,intercept,10,0,-64.83386
SP067,INT067,interview,10,SP113,TEL113,intercept,10,0,-92.76385
SP067,INT067,interview,10,SP114,TEL114,intercept,10,0,-49.04816
SP067,INT067,interview,10,SP115,TEL115,intercept,10,0,-66.02545
SP067,INT067,interview,10,SP118,TEL118,intercept,10,0,-133.2957
SP067,INT067,interview,10,SP120,TEL120,intercept,10,0,-94.38107
SP067,INT067,interview,10,SP121,TEL121,intercept,10,0,-109.6304
SP068,INT068,interview,10,SP001,TEL001,intercept,10,0,-73.70497
SP068,INT068,interview,10,SP002,TEL002,intercept,10,0,-133.8334
SP068,INT068,interview,10,SP003,TEL003,intercept,10,0,-155.9322
SP068,INT068,interview,10,SP004,TEL004,intercept,10,0,-101.3054
SP068,INT068,interview,10,SP008,TEL008,intercept,10,0,-115.2349
SP068,INT068,interview,10,SP010,TEL010,intercept,10,0,-79.32684
SP068,INT068,interview,10,SP011,TEL011,intercept,10,0,-79.44936
SP068,INT068,interview,10,SP012,TEL012,intercept,10,0,-68.0138
SP068,INT068,interview,10,SP013,TEL013,intercept,10,0,-86.37933
SP068,INT068,interview,10,SP015,TEL015,intercept,10,0,-78.4492
SP068,INT068,interview,10,SP016,TEL016,intercept,10,0,-97.59513
SP068,INT068,interview,10,SP017,TEL017,intercept,10,0,-109.9711
SP068,INT068,interview,10,SP018,TEL018,intercept,10,0,-132.3213
SP068,INT068,interview,10,SP019,TEL019,intercept,10,0,-52.449
SP068,INT068,interview,10,SP020,TEL020,intercept,10,0,-119.7612
SP068,INT068,interview,10,SP021,TEL021,intercept,10,0,-104.6318
SP068,INT068,interview,10,SP022,TEL022,intercept,10,0,-115.7381
SP068,INT068,interview,10,SP023,TEL023,intercept,10,0,-107.3059
SP068,INT068,interview,10,SP024,TEL024,intercept,10,0,-123.2134
SP068,INT068,interview,10,SP025,TEL025,intercept,10,0,-72.82497
SP068,INT068,interview,10,SP026,TEL026,intercept,10,0,-92.02416
SP068,INT068,interview,10,SP027,TEL027,intercept,10,0,-119.3186
SP068,INT068,interview,10,SP028,TEL028,intercept,10,0,-67.17448
SP068,INT068,interview,10,SP029,TEL029,intercept,10,0,-101.6565
SP068,INT068,interview,10,SP030,TEL030,intercept,10,0,-79.92038
SP068,INT068,interview,10,SP031,TEL031,intercept,10,0,-121.1483
SP068,INT068,interview,10,SP032,TEL032,intercept,10,0,-96.54122
SP068,INT068,interview,10,SP033,TEL033,intercept,10,0,-75.24448
SP068,INT068,interview,10,SP034,TEL034,intercept,10,0,-120.5208
SP068,INT068,interview,10,SP035,TEL035,intercept,10,0,-84.98799
SP068,INT068,interview,10,SP036,TEL036,intercept,10,0,-80.21873
SP068,INT068,interview,10,SP037,TEL037,intercept,10,0,-131.4542
SP068,INT068,interview,10,SP038,TEL038,intercept,10,0,-120.4216
SP068,INT068,interview,10,SP039,TEL039,intercept,10,0,-92.58273
SP068,INT068,interview,10,SP040,TEL040,intercept,10,0,-95.16497
SP068,INT068,interview,10,SP042,TEL042,intercept,10,0,-55.33982
SP068,INT068,interview,10,SP043,TEL043,intercept,10,0,-89.15614
SP068,INT068,interview,10,SP044,TEL044,intercept,10,0,-68.34091
SP068,INT068,interview,10,SP045,TEL045,intercept,10,0,-136.6111
SP068,INT068,interview,10,SP046,TEL046,intercept,10,0,-76.67193
SP068,INT068,interview,10,SP047,TEL047,intercept,10,0,-72.69518
SP068,INT068,interview,10,SP048,TEL048,intercept,10,0,-58.64406
SP068,INT068,interview,10,SP049,TEL049,intercept,10,0,-134.9424
SP068,INT068,interview,10,SP050,TEL050,intercept,10,0,-82.97893
SP068,INT068,interview,10,SP051,TEL051,intercept,10,0,-117.7267
SP068,INT068,interview,10,SP052,TEL052,intercept,10,0,-81.02626
SP068,INT068,interview,10,SP053,TEL053,intercept,10,0,-75.15159
SP068,INT068,interview,10,SP054,TEL054,intercept,10,0,-88.35246
SP068,INT068,interview,10,SP056,TEL056,intercept,10,0,-89.45938
SP068,INT068,interview,10,SP058,TEL058,intercept,10,0,-91.50143
SP068,INT068,interview,10,SP059,TEL059,intercept,10,0,-75.24458
SP068,INT068,interview,10,SP060,TEL060,intercept,10,0,-77.4155
SP068,INT068,interview,10,SP062,TEL062,intercept,10,0,-56.86953
SP068,INT068,interview,10,SP063,TEL063,intercept,10,0,-100.1678
SP068,INT068,interview,10,SP064,TEL064,intercept,10,0,-67.34535
SP068,INT068,interview,10,SP065,TEL065,intercept,10,0,-74.26912
SP068,INT068,interview,10,SP066,TEL066,intercept,10,0,-100.8361
SP068,INT068,interview,10,SP067,TEL067,intercept,10,0,-71.13475
SP068,INT068,interview,10,SP068,TEL068,intercept,10,1,-50.26106
SP068,INT068,interview,10,SP069,TEL069,intercept,10,0,-65.68074
SP068,INT068,interview,10,SP071,TEL071,intercept,10,0,-51.76277
SP068,INT068,interview,10,SP072,TEL072,intercept,10,0,-50.71785
SP068,INT068,interview,10,SP073,TEL073,intercept,10,0,-118.9847
SP068,INT068,interview,10,SP074,TEL074,intercept,10,0,-63.39815
SP068,INT068,interview,10,SP075,TEL075,intercept,10,0,-120.1752
SP068,INT068,interview,10,SP076,TEL076,intercept,10,0,-129.0774
SP068,INT068,interview,10,SP077,TEL077,intercept,10,0,-75.75764
SP068,INT068,interview,10,SP078,TEL078,intercept,10,0,-107.6955
SP068,INT068,interview,10,SP079,TEL079,intercept,10,0,-108.1931
SP068,INT068,interview,10,SP080,TEL080,intercept,10,0,-103.4207
SP068,INT068,interview,10,SP081,TEL081,intercept,10,0,-74.62329
SP068,INT068,interview,10,SP084,TEL084,intercept,10,0,-45.60732
SP068,INT068,interview,10,SP085,TEL085,intercept,10,0,-116.6679
SP068,INT068,interview,10,SP086,TEL086,intercept,10,0,-131.2817
SP068,INT068,interview,10,SP087,TEL087,intercept,10,0,-75.7246
SP068,INT068,interview,10,SP088,TEL088,intercept,10,0,-65.41698
SP068,INT068,interview,10,SP090,TEL090,intercept,10,0,-86.33839
SP068,INT068,interview,10,SP093,TEL093,intercept,10,0,-63.9241
SP068,INT068,interview,10,SP094,TEL094,intercept,10,0,-65.1847
SP068,INT068,interview,10,SP095,TEL095,intercept,10,0,-92.73449
SP068,INT068,interview,10,SP096,TEL096,intercept,10,0,-75.0316
SP068,INT068,interview,10,SP097,TEL097,intercept,10,0,-78.28279
SP068,INT068,interview,10,SP099,TEL099,intercept,10,0,-79.87473
SP068,INT068,interview,10,SP100,TEL100,intercept,10,0,-87.46956
SP068,INT068,interview,10,SP102,TEL102,intercept,10,0,-82.19279
SP068,INT068,interview,10,SP103,TEL103,intercept,10,0,-77.0257
SP068,INT068,interview,10,SP105,TEL105,intercept,10,0,-82.5349
SP068,INT068,interview,10,SP106,TEL106,intercept,10,0,-86.63877
SP068,INT068,interview,10,SP107,TEL107,intercept,10,0,-90.28164
SP068,INT068,interview,10,SP108,TEL108,intercept,10,0,-90.95283
SP068,INT068,interview,10,SP111,TEL111,intercept,10,0,-96.81092
SP068,INT068,interview,10,SP112,TEL112,intercept,10,0,-74.22469
SP068,INT068,interview,10,SP113,TEL113,intercept,10,0,-76.43623
SP068,INT068,interview,10,SP114,TEL114,intercept,10,0,-63.96271
SP068,INT068,interview,10,SP115,TEL115,intercept,10,0,-82.61686
SP068,INT068,interview,10,SP118,TEL118,intercept,10,0,-115.2384
SP068,INT068,interview,10,SP120,TEL120,intercept,10,0,-88.91632
SP068,INT068,interview,10,SP121,TEL121,intercept,10,0,-107.9262
SP069,INT069,interview,10,SP001,TEL001,intercept,10,0,-48.36816
SP069,INT069,interview,10,SP002,TEL002,intercept,10,0,-105.9822
SP069,INT069,interview,10,SP003,TEL003,intercept,10,0,-120.1317
SP069,INT069,interview,10,SP004,TEL004,intercept,10,0,-109.811
SP069,INT069,interview,10,SP008,TEL008,intercept,10,0,-114.6665
SP069,INT069,interview,10,SP010,TEL010,intercept,10,0,-102.4225
SP069,INT069,interview,10,SP011,TEL011,intercept,10,0,-87.62144
SP069,INT069,interview,10,SP012,TEL012,intercept,10,0,-111.4273
SP069,INT069,interview,10,SP013,TEL013,intercept,10,0,-73.76993
SP069,INT069,interview,10,SP015,TEL015,intercept,10,0,-111.0443
SP069,INT069,interview,10,SP016,TEL016,intercept,10,0,-87.0375
SP069,INT069,interview,10,SP017,TEL017,intercept,10,0,-68.52181
SP069,INT069,interview,10,SP018,TEL018,intercept,10,0,-129.5088
SP069,INT069,interview,10,SP019,TEL019,intercept,10,0,-93.69872
SP069,INT069,interview,10,SP020,TEL020,intercept,10,0,-121.3
SP069,INT069,interview,10,SP021,TEL021,intercept,10,0,-115.6037
SP069,INT069,interview,10,SP022,TEL022,intercept,10,0,-151.4977
SP069,INT069,interview,10,SP023,TEL023,intercept,10,0,-121.393
SP069,INT069,interview,10,SP024,TEL024,intercept,10,0,-96.36752
SP069,INT069,interview,10,SP025,TEL025,intercept,10,0,-36.54972
SP069,INT069,interview,10,SP026,TEL026,intercept,10,0,-102.7496
SP069,INT069,interview,10,SP027,TEL027,intercept,10,0,-138.65
SP069,INT069,interview,10,SP028,TEL028,intercept,10,0,-93.29327
SP069,INT069,interview,10,SP029,TEL029,intercept,10,0,-82.98725
SP069,INT069,interview,10,SP030,TEL030,intercept,10,0,-86.56499
SP069,INT069,interview,10,SP031,TEL031,intercept,10,0,-145.1713
SP069,INT069,interview,10,SP032,TEL032,intercept,10,0,-93.59204
SP069,INT069,interview,10,SP033,TEL033,intercept,10,0,-105.7709
SP069,INT069,interview,10,SP034,TEL034,intercept,10,0,-70.58768
SP069,INT069,interview,10,SP035,TEL035,intercept,10,0,-63.02407
SP069,INT069,interview,10,SP036,TEL036,intercept,10,0,-85.22485
SP069,INT069,interview,10,SP037,TEL037,intercept,10,0,-105.998
SP069,INT069,interview,10,SP038,TEL038,intercept,10,0,-151.0218
SP069,INT069,interview,10,SP039,TEL039,intercept,10,0,-103.771
SP069,INT069,interview,10,SP040,TEL040,intercept,10,0,-51.00702
SP069,INT069,interview,10,SP042,TEL042,intercept,10,0,-65.55393
SP069,INT069,interview,10,SP043,TEL043,intercept,10,0,-123.127
SP069,INT069,interview,10,SP044,TEL044,intercept,10,0,-105.1331
SP069,INT069,interview,10,SP045,TEL045,intercept,10,0,-97.12328
SP069,INT069,interview,10,SP046,TEL046,intercept,10,0,-119.8216
SP069,INT069,interview,10,SP047,TEL047,intercept,10,0,-75.95936
SP069,INT069,interview,10,SP048,TEL048,intercept,10,0,-82.76118
SP069,INT069,interview,10,SP049,TEL049,intercept,10,0,-111.3587
SP069,INT069,interview,10,SP050,TEL050,intercept,10,0,-84.10928
SP069,INT069,interview,10,SP051,TEL051,intercept,10,0,-75.07727
SP069,INT069,interview,10,SP052,TEL052,intercept,10,0,-69.30147
SP069,INT069,interview,10,SP053,TEL053,intercept,10,0,-87.56252
SP069,INT069,interview,10,SP054,TEL054,intercept,10,0,-90.29553
SP069,INT069,interview,10,SP056,TEL056,intercept,10,0,-135.6756
SP069,INT069,interview,10,SP058,TEL058,intercept,10,0,-64.15965
SP069,INT069,interview,10,SP059,TEL059,intercept,10,0,-109.4405
SP069,INT069,interview,10,SP060,TEL060,intercept,10,0,-85.194
SP069,INT069,interview,10,SP062,TEL062,intercept,10,0,-120.4576
SP069,INT069,interview,10,SP063,TEL063,intercept,10,0,-76.33237
SP069,INT069,interview,10,SP064,TEL064,intercept,10,0,-114.0908
SP069,INT069,interview,10,SP065,TEL065,intercept,10,0,-96.8399
SP069,INT069,interview,10,SP066,TEL066,intercept,10,0,-147.9683
SP069,INT069,interview,10,SP067,TEL067,intercept,10,0,-90.92293
SP069,INT069,interview,10,SP068,TEL068,intercept,10,0,-108.4943
SP069,INT069,interview,10,SP069,TEL069,intercept,10,1,-51.19578
SP069,INT069,interview,10,SP071,TEL071,intercept,10,0,-116.7785
SP069,INT069,interview,10,SP072,TEL072,intercept,10,0,-59.37664
SP069,INT069,interview,10,SP073,TEL073,intercept,10,0,-136.2259
SP069,INT069,interview,10,SP074,TEL074,intercept,10,0,-86.10135
SP069,INT069,interview,10,SP075,TEL075,intercept,10,0,-78.57336
SP069,INT069,interview,10,SP076,TEL076,intercept,10,0,-152.8981
SP069,INT069,interview,10,SP077,TEL077,intercept,10,0,-109.9822
SP069,INT069,interview,10,SP078,TEL078,intercept,10,0,-100.6584
SP069,INT069,interview,10,SP079,TEL079,intercept,10,0,-114.8022
SP069,INT069,interview,10,SP080,TEL080,intercept,10,0,-83.17675
SP069,INT069,interview,10,SP081,TEL081,intercept,10,0,-112.7402
SP069,INT069,interview,10,SP084,TEL084,intercept,10,0,-47.20183
SP069,INT069,interview,10,SP085,TEL085,intercept,10,0,-107.7923
SP069,INT069,interview,10,SP086,TEL086,intercept,10,0,-124.8354
SP069,INT069,interview,10,SP087,TEL087,intercept,10,0,-90.86204
SP069,INT069,interview,10,SP088,TEL088,intercept,10,0,-79.89001
SP069,INT069,interview,10,SP090,TEL090,intercept,10,0,-107.779
SP069,INT069,interview,10,SP093,TEL093,intercept,10,0,-88.76679
SP069,INT069,interview,10,SP094,TEL094,intercept,10,0,-76.87965
SP069,INT069,interview,10,SP095,TEL095,intercept,10,0,-122.8389
SP069,INT069,interview,10,SP096,TEL096,intercept,10,0,-114.1897
SP069,INT069,interview,10,SP097,TEL097,intercept,10,0,-72.3457
SP069,INT069,interview,10,SP099,TEL099,intercept,10,0,-104.0132
SP069,INT069,interview,10,SP100,TEL100,intercept,10,0,-100.4264
SP069,INT069,interview,10,SP102,TEL102,intercept,10,0,-92.25153
SP069,INT069,interview,10,SP103,TEL103,intercept,10,0,-95.54937
SP069,INT069,interview,10,SP105,TEL105,intercept,10,0,-84.53122
SP069,INT069,interview,10,SP106,TEL106,intercept,10,0,-132.513
SP069,INT069,interview,10,SP107,TEL107,intercept,10,0,-62.12954
SP069,INT069,interview,10,SP108,TEL108,intercept,10,0,-81.81121
SP069,INT069,interview,10,SP111,TEL111,intercept,10,0,-103.9476
SP069,INT069,interview,10,SP112,TEL112,intercept,10,0,-74.68775
SP069,INT069,interview,10,SP113,TEL113,intercept,10,0,-141.9527
SP069,INT069,interview,10,SP114,TEL114,intercept,10,0,-70.30653
SP069,INT069,interview,10,SP115,TEL115,intercept,10,0,-67.09109
SP069,INT069,interview,10,SP118,TEL118,intercept,10,0,-107.9229
SP069,INT069,interview,10,SP120,TEL120,intercept,10,0,-117.4749
SP069,INT069,interview,10,SP121,TEL121,intercept,10,0,-117.9941
SP071,INT071,interview,10,SP001,TEL001,intercept,10,0,-129.6178
SP071,INT071,interview,10,SP002,TEL002,intercept,10,0,-163.9626
SP071,INT071,interview,10,SP003,TEL003,intercept,10,0,-118.396
SP071,INT071,interview,10,SP004,TEL004,intercept,10,0,-154.5219
SP071,INT071,interview,10,SP008,TEL008,intercept,10,0,-120.3946
SP071,INT071,interview,10,SP010,TEL010,intercept,10,0,-121.5845
SP071,INT071,interview,10,SP011,TEL011,intercept,10,0,-94.33931
SP071,INT071,interview,10,SP012,TEL012,intercept,10,0,-95.02184
SP071,INT071,interview,10,SP013,TEL013,intercept,10,0,-69.00725
SP071,INT071,interview,10,SP015,TEL015,intercept,10,0,-118.7275
SP071,INT071,interview,10,SP016,TEL016,intercept,10,0,-103.8564
SP071,INT071,interview,10,SP017,TEL017,intercept,10,0,-109.9426
SP071,INT071,interview,10,SP018,TEL018,intercept,10,0,-139.6433
SP071,INT071,interview,10,SP019,TEL019,intercept,10,0,-88.49844
SP071,INT071,interview,10,SP020,TEL020,intercept,10,0,-144.1164
SP071,INT071,interview,10,SP021,TEL021,intercept,10,0,-97.50233
SP071,INT071,interview,10,SP022,TEL022,intercept,10,0,-112.66
SP071,INT071,interview,10,SP023,TEL023,intercept,10,0,-104.2976
SP071,INT071,interview,10,SP024,TEL024,intercept,10,0,-135.269
SP071,INT071,interview,10,SP025,TEL025,intercept,10,0,-84.54211
SP071,INT071,interview,10,SP026,TEL026,intercept,10,0,-109.601
SP071,INT071,interview,10,SP027,TEL027,intercept,10,0,-151.1082
SP071,INT071,interview,10,SP028,TEL028,intercept,10,0,-108.1665
SP071,INT071,interview,10,SP029,TEL029,intercept,10,0,-101.1204
SP071,INT071,interview,10,SP030,TEL030,intercept,10,0,-119.2397
SP071,INT071,interview,10,SP031,TEL031,intercept,10,0,-152.8767
SP071,INT071,interview,10,SP032,TEL032,intercept,10,0,-129.5892
SP071,INT071,interview,10,SP033,TEL033,intercept,10,0,-116.2429
SP071,INT071,interview,10,SP034,TEL034,intercept,10,0,-127.2894
SP071,INT071,interview,10,SP035,TEL035,intercept,10,0,-122.0633
SP071,INT071,interview,10,SP036,TEL036,intercept,10,0,-106.6065
SP071,INT071,interview,10,SP037,TEL037,intercept,10,0,-125.9001
SP071,INT071,interview,10,SP038,TEL038,intercept,10,0,-87.56763
SP071,INT071,interview,10,SP039,TEL039,intercept,10,0,-111.2405
SP071,INT071,interview,10,SP040,TEL040,intercept,10,0,-113.4169
SP071,INT071,interview,10,SP042,TEL042,intercept,10,0,-91.40974
SP071,INT071,interview,10,SP043,TEL043,intercept,10,0,-102.9645
SP071,INT071,interview,10,SP044,TEL044,intercept,10,0,-90.78693
SP071,INT071,interview,10,SP045,TEL045,intercept,10,0,-122.3392
SP071,INT071,interview,10,SP046,TEL046,intercept,10,0,-116.4853
SP071,INT071,interview,10,SP047,TEL047,intercept,10,0,-121.7752
SP071,INT071,interview,10,SP048,TEL048,intercept,10,0,-94.65526
SP071,INT071,interview,10,SP049,TEL049,intercept,10,0,-155.2612
SP071,INT071,interview,10,SP050,TEL050,intercept,10,0,-115.3807
SP071,INT071,interview,10,SP051,TEL051,intercept,10,0,-122.7505
SP071,INT071,interview,10,SP052,TEL052,intercept,10,0,-108.0325
SP071,INT071,interview,10,SP053,TEL053,intercept,10,0,-125.197
SP071,INT071,interview,10,SP054,TEL054,intercept,10,0,-125.286
SP071,INT071,interview,10,SP056,TEL056,intercept,10,0,-99.0892
SP071,INT071,interview,10,SP058,TEL058,intercept,10,0,-95.888
SP071,INT071,interview,10,SP059,TEL059,intercept,10,0,-93.76962
SP071,INT071,interview,10,SP060,TEL060,intercept,10,0,-74.30806
SP071,INT071,interview,10,SP062,TEL062,intercept,10,0,-80.30501
SP071,INT071,interview,10,SP063,TEL063,intercept,10,0,-97.74256
SP071,INT071,interview,10,SP064,TEL064,intercept,10,0,-85.16828
SP071,INT071,interview,10,SP065,TEL065,intercept,10,0,-116.4803
SP071,INT071,interview,10,SP066,TEL066,intercept,10,0,-108.9073
SP071,INT071,interview,10,SP067,TEL067,intercept,10,0,-95.97078
SP071,INT071,interview,10,SP068,TEL068,intercept,10,0,-72.75755
SP071,INT071,interview,10,SP069,TEL069,intercept,10,0,-105.1594
SP071,INT071,interview,10,SP071,TEL071,intercept,10,1,-38.67439
SP071,INT071,interview,10,SP072,TEL072,intercept,10,0,-79.26222
SP071,INT071,interview,10,SP073,TEL073,intercept,10,0,-152.2959
SP071,INT071,interview,10,SP074,TEL074,intercept,10,0,-95.96036
SP071,INT071,interview,10,SP075,TEL075,intercept,10,0,-108.9541
SP071,INT071,interview,10,SP076,TEL076,intercept,10,0,-131.5664
SP071,INT071,interview,10,SP077,TEL077,intercept,10,0,-81.37426
SP071,INT071,interview,10,SP078,TEL078,intercept,10,0,-82.7037
SP071,INT071,interview,10,SP079,TEL079,intercept,10,0,-131.264
SP071,INT071,interview,10,SP080,TEL080,intercept,10,0,-76.69997
SP071,INT071,interview,10,SP081,TEL081,intercept,10,0,-107.5054
SP071,INT071,interview,10,SP084,TEL084,intercept,10,0,-64.61538
SP071,INT071,interview,10,SP085,TEL085,intercept,10,0,-112.3295
SP071,INT071,interview,10,SP086,TEL086,intercept,10,0,-112.0351
SP071,INT071,interview,10,SP087,TEL087,intercept,10,0,-48.60793
SP071,INT071,interview,10,SP088,TEL088,intercept,10,0,-85.74226
SP071,INT071,interview,10,SP090,TEL090,intercept,10,0,-81.89723
SP071,INT071,interview,10,SP093,TEL093,intercept,10,0,-95.07904
SP071,INT071,interview,10,SP094,TEL094,intercept,10,0,-107.064
SP071,INT071,interview,10,SP095,TEL095,intercept,10,0,-108.4837
SP071,INT071,interview,10,SP096,TEL096,intercept,10,0,-57.94384
SP071,INT071,interview,10,SP097,TEL097,intercept,10,0,-117.6108
SP071,INT071,interview,10,SP099,TEL099,intercept,10,0,-93.57726
SP071,INT071,interview,10,SP100,TEL100,intercept,10,0,-112.3172
SP071,INT071,interview,10,SP102,TEL102,intercept,10,0,-116.1777
SP071,INT071,interview,10,SP103,TEL103,intercept,10,0,-123.5193
SP071,INT071,interview,10,SP105,TEL105,intercept,10,0,-42.43254
SP071,INT071,interview,10,SP106,TEL106,intercept,10,0,-71.9745
SP071,INT071,interview,10,SP107,TEL107,intercept,10,0,-94.84494
SP071,INT071,interview,10,SP108,TEL108,intercept,10,0,-137.4395
SP071,INT071,interview,10,SP111,TEL111,intercept,10,0,-122.3676
SP071,INT071,interview,10,SP112,TEL112,intercept,10,0,-79.65401
SP071,INT071,interview,10,SP113,TEL113,intercept,10,0,-103.3298
SP071,INT071,interview,10,SP114,TEL114,intercept,10,0,-62.59517
SP071,INT071,interview,10,SP115,TEL115,intercept,10,0,-82.79496
SP071,INT071,interview,10,SP118,TEL118,intercept,10,0,-137.4941
SP071,INT071,interview,10,SP120,TEL120,intercept,10,0,-120.2349
SP071,INT071,interview,10,SP121,TEL121,intercept,10,0,-109.8424
SP072,INT072,interview,10,SP001,TEL001,intercept,10,0,-102.2212
SP072,INT072,interview,10,SP002,TEL002,intercept,10,0,-119.2286
SP072,INT072,interview,10,SP003,TEL003,intercept,10,0,-109.9004
SP072,INT072,interview,10,SP004,TEL004,intercept,10,0,-106.3627
SP072,INT072,interview,10,SP008,TEL008,intercept,10,0,-95.65073
SP072,INT072,interview,10,SP010,TEL010,intercept,10,0,-90.95631
SP072,INT072,interview,10,SP011,TEL011,intercept,10,0,-74.00489
SP072,INT072,interview,10,SP012,TEL012,intercept,10,0,-64.14761
SP072,INT072,interview,10,SP013,TEL013,intercept,10,0,-25.45601
SP072,INT072,interview,10,SP015,TEL015,intercept,10,0,-68.31489
SP072,INT072,interview,10,SP016,TEL016,intercept,10,0,-65.68788
SP072,INT072,interview,10,SP017,TEL017,intercept,10,0,-84.45615
SP072,INT072,interview,10,SP018,TEL018,intercept,10,0,-91.83054
SP072,INT072,interview,10,SP019,TEL019,intercept,10,0,-121.5058
SP072,INT072,interview,10,SP020,TEL020,intercept,10,0,-109.0639
SP072,INT072,interview,10,SP021,TEL021,intercept,10,0,-125.3341
SP072,INT072,interview,10,SP022,TEL022,intercept,10,0,-129.3802
SP072,INT072,interview,10,SP023,TEL023,intercept,10,0,-156.8028
SP072,INT072,interview,10,SP024,TEL024,intercept,10,0,-114.3247
SP072,INT072,interview,10,SP025,TEL025,intercept,10,0,-28.31779
SP072,INT072,interview,10,SP026,TEL026,intercept,10,0,-94.82836
SP072,INT072,interview,10,SP027,TEL027,intercept,10,0,-124.3256
SP072,INT072,interview,10,SP028,TEL028,intercept,10,0,-87.03252
SP072,INT072,interview,10,SP029,TEL029,intercept,10,0,-61.55696
SP072,INT072,interview,10,SP030,TEL030,intercept,10,0,-122.2504
SP072,INT072,interview,10,SP031,TEL031,intercept,10,0,-113.7133
SP072,INT072,interview,10,SP032,TEL032,intercept,10,0,-112.1309
SP072,INT072,interview,10,SP033,TEL033,intercept,10,0,-106.6164
SP072,INT072,interview,10,SP034,TEL034,intercept,10,0,-107.3829
SP072,INT072,interview,10,SP035,TEL035,intercept,10,0,-75.69375
SP072,INT072,interview,10,SP036,TEL036,intercept,10,0,-92.01344
SP072,INT072,interview,10,SP037,TEL037,intercept,10,0,-129.8287
SP072,INT072,interview,10,SP038,TEL038,intercept,10,0,-90.24491
SP072,INT072,interview,10,SP039,TEL039,intercept,10,0,-72.36115
SP072,INT072,interview,10,SP040,TEL040,intercept,10,0,-60.56112
SP072,INT072,interview,10,SP042,TEL042,intercept,10,0,-87.09666
SP072,INT072,interview,10,SP043,TEL043,intercept,10,0,-70.62167
SP072,INT072,interview,10,SP044,TEL044,intercept,10,0,-107.437
SP072,INT072,interview,10,SP045,TEL045,intercept,10,0,-86.55955
SP072,INT072,interview,10,SP046,TEL046,intercept,10,0,-68.9716
SP072,INT072,interview,10,SP047,TEL047,intercept,10,0,-74.04288
SP072,INT072,interview,10,SP048,TEL048,intercept,10,0,-66.34111
SP072,INT072,interview,10,SP049,TEL049,intercept,10,0,-128.7225
SP072,INT072,interview,10,SP050,TEL050,intercept,10,0,-105.3889
SP072,INT072,interview,10,SP051,TEL051,intercept,10,0,-107.2773
SP072,INT072,interview,10,SP052,TEL052,intercept,10,0,-89.14047
SP072,INT072,interview,10,SP053,TEL053,intercept,10,0,-131.971
SP072,INT072,interview,10,SP054,TEL054,intercept,10,0,-104.2359
SP072,INT072,interview,10,SP056,TEL056,intercept,10,0,-82.93893
SP072,INT072,interview,10,SP058,TEL058,intercept,10,0,-69.53214
SP072,INT072,interview,10,SP059,TEL059,intercept,10,0,-101.5535
SP072,INT072,interview,10,SP060,TEL060,intercept,10,0,-109.8627
SP072,INT072,interview,10,SP062,TEL062,intercept,10,0,-88.94598
SP072,INT072,interview,10,SP063,TEL063,intercept,10,0,-92.38152
SP072,INT072,interview,10,SP064,TEL064,intercept,10,0,-87.53561
SP072,INT072,interview,10,SP065,TEL065,intercept,10,0,-133.3495
SP072,INT072,interview,10,SP066,TEL066,intercept,10,0,-137.5296
SP072,INT072,interview,10,SP067,TEL067,intercept,10,0,-85.60529
SP072,INT072,interview,10,SP068,TEL068,intercept,10,0,-78.59812
SP072,INT072,interview,10,SP069,TEL069,intercept,10,0,-47.49508
SP072,INT072,interview,10,SP071,TEL071,intercept,10,0,-90.10218
SP072,INT072,interview,10,SP072,TEL072,intercept,10,1,-28.76647
SP072,INT072,interview,10,SP073,TEL073,intercept,10,0,-130.9747
SP072,INT072,interview,10,SP074,TEL074,intercept,10,0,-35.26434
SP072,INT072,interview,10,SP075,TEL075,intercept,10,0,-78.82134
SP072,INT072,interview,10,SP076,TEL076,intercept,10,0,-135.5455
SP072,INT072,interview,10,SP077,TEL077,intercept,10,0,-69.75623
SP072,INT072,interview,10,SP078,TEL078,intercept,10,0,-110.586
SP072,INT072,interview,10,SP079,TEL079,intercept,10,0,-106.8867
SP072,INT072,interview,10,SP080,TEL080,intercept,10,0,-102.3843
SP072,INT072,interview,10,SP081,TEL081,intercept,10,0,-83.62971
SP072,INT072,interview,10,SP084,TEL084,intercept,10,0,-57.20259
SP072,INT072,interview,10,SP085,TEL085,intercept,10,0,-85.49371
SP072,INT072,interview,10,SP086,TEL086,intercept,10,0,-123.0478
SP072,INT072,interview,10,SP087,TEL087,intercept,10,0,-65.84572
SP072,INT072,interview,10,SP088,TEL088,intercept,10,0,-58.42252
SP072,INT072,interview,10,SP090,TEL090,intercept,10,0,-57.96051
SP072,INT072,interview,10,SP093,TEL093,intercept,10,0,-40.62677
SP072,INT072,interview,10,SP094,TEL094,intercept,10,0,-66.79802
SP072,INT072,interview,10,SP095,TEL095,intercept,10,0,-59.5594
SP072,INT072,interview,10,SP096,TEL096,intercept,10,0,-67.24275
SP072,INT072,interview,10,SP097,TEL097,intercept,10,0,-80.76881
SP072,INT072,interview,10,SP099,TEL099,intercept,10,0,-77.55984
SP072,INT072,interview,10,SP100,TEL100,intercept,10,0,-83.79864
SP072,INT072,interview,10,SP102,TEL102,intercept,10,0,-83.96852
SP072,INT072,interview,10,SP103,TEL103,intercept,10,0,-54.38758
SP072,INT072,interview,10,SP105,TEL105,intercept,10,0,-125.2492
SP072,INT072,interview,10,SP106,TEL106,intercept,10,0,-90.73824
SP072,INT072,interview,10,SP107,TEL107,intercept,10,0,-72.65711
SP072,INT072,interview,10,SP108,TEL108,intercept,10,0,-104.1016
SP072,INT072,interview,10,SP111,TEL111,intercept,10,0,-94.91831
SP072,INT072,interview,10,SP112,TEL112,intercept,10,0,-51.41459
SP072,INT072,interview,10,SP113,TEL113,intercept,10,0,-100.7275
SP072,INT072,interview,10,SP114,TEL114,intercept,10,0,-55.19968
SP072,INT072,interview,10,SP115,TEL115,intercept,10,0,-72.38686
SP072,INT072,interview,10,SP118,TEL118,intercept,10,0,-158.6347
SP072,INT072,interview,10,SP120,TEL120,intercept,10,0,-95.32887
SP072,INT072,interview,10,SP121,TEL121,intercept,10,0,-132.9977
SP073,INT073,interview,10,SP001,TEL001,intercept,10,0,-125.7007
SP073,INT073,interview,10,SP002,TEL002,intercept,10,0,-176.3044
SP073,INT073,interview,10,SP003,TEL003,intercept,10,0,-149.2345
SP073,INT073,interview,10,SP004,TEL004,intercept,10,0,-74.63801
SP073,INT073,interview,10,SP008,TEL008,intercept,10,0,-143.3781
SP073,INT073,interview,10,SP010,TEL010,intercept,10,0,-142.4527
SP073,INT073,interview,10,SP011,TEL011,intercept,10,0,-105.0333
SP073,INT073,interview,10,SP012,TEL012,intercept,10,0,-138.9717
SP073,INT073,interview,10,SP013,TEL013,intercept,10,0,-105.9851
SP073,INT073,interview,10,SP015,TEL015,intercept,10,0,-65.32912
SP073,INT073,interview,10,SP016,TEL016,intercept,10,0,-141.9229
SP073,INT073,interview,10,SP017,TEL017,intercept,10,0,-116.0012
SP073,INT073,interview,10,SP018,TEL018,intercept,10,0,-109.5633
SP073,INT073,interview,10,SP019,TEL019,intercept,10,0,-130.1351
SP073,INT073,interview,10,SP020,TEL020,intercept,10,0,-196.2572
SP073,INT073,interview,10,SP021,TEL021,intercept,10,0,-109.2825
SP073,INT073,interview,10,SP022,TEL022,intercept,10,0,-163.7699
SP073,INT073,interview,10,SP023,TEL023,intercept,10,0,-128.4223
SP073,INT073,interview,10,SP024,TEL024,intercept,10,0,-145.8931
SP073,INT073,interview,10,SP025,TEL025,intercept,10,0,-102.8917
SP073,INT073,interview,10,SP026,TEL026,intercept,10,0,-111.1058
SP073,INT073,interview,10,SP027,TEL027,intercept,10,0,-128.173
SP073,INT073,interview,10,SP028,TEL028,intercept,10,0,-117.5749
SP073,INT073,interview,10,SP029,TEL029,intercept,10,0,-112.5098
SP073,INT073,interview,10,SP030,TEL030,intercept,10,0,-119.074
SP073,INT073,interview,10,SP031,TEL031,intercept,10,0,-116.6092
SP073,INT073,interview,10,SP032,TEL032,intercept,10,0,-105.7768
SP073,INT073,interview,10,SP033,TEL033,intercept,10,0,-135.9964
SP073,INT073,interview,10,SP034,TEL034,intercept,10,0,-125.271
SP073,INT073,interview,10,SP035,TEL035,intercept,10,0,-101.3262
SP073,INT073,interview,10,SP036,TEL036,intercept,10,0,-118.9455
SP073,INT073,interview,10,SP037,TEL037,intercept,10,0,-177.8834
SP073,INT073,interview,10,SP038,TEL038,intercept,10,0,-214.9081
SP073,INT073,interview,10,SP039,TEL039,intercept,10,0,-88.45779
SP073,INT073,interview,10,SP040,TEL040,intercept,10,0,-143.6273
SP073,INT073,interview,10,SP042,TEL042,intercept,10,0,-72.38367
SP073,INT073,interview,10,SP043,TEL043,intercept,10,0,-125.664
SP073,INT073,interview,10,SP044,TEL044,intercept,10,0,-137.5942
SP073,INT073,interview,10,SP045,TEL045,intercept,10,0,-147.3433
SP073,INT073,interview,10,SP046,TEL046,intercept,10,0,-129.3909
SP073,INT073,interview,10,SP047,TEL047,intercept,10,0,-126.4502
SP073,INT073,interview,10,SP048,TEL048,intercept,10,0,-142.2834
SP073,INT073,interview,10,SP049,TEL049,intercept,10,0,-130.8474
SP073,INT073,interview,10,SP050,TEL050,intercept,10,0,-117.9657
SP073,INT073,interview,10,SP051,TEL051,intercept,10,0,-140.1532
SP073,INT073,interview,10,SP052,TEL052,intercept,10,0,-127.8739
SP073,INT073,interview,10,SP053,TEL053,intercept,10,0,-126.9567
SP073,INT073,interview,10,SP054,TEL054,intercept,10,0,-99.84137
SP073,INT073,interview,10,SP056,TEL056,intercept,10,0,-125.6139
SP073,INT073,interview,10,SP058,TEL058,intercept,10,0,-115.9459
SP073,INT073,interview,10,SP059,TEL059,intercept,10,0,-161.7538
SP073,INT073,interview,10,SP060,TEL060,intercept,10,0,-141.237
SP073,INT073,interview,10,SP062,TEL062,intercept,10,0,-106.3973
SP073,INT073,interview,10,SP063,TEL063,intercept,10,0,-162.9549
SP073,INT073,interview,10,SP064,TEL064,intercept,10,0,-172.1099
SP073,INT073,interview,10,SP065,TEL065,intercept,10,0,-114.7898
SP073,INT073,interview,10,SP066,TEL066,intercept,10,0,-129.1346
SP073,INT073,interview,10,SP067,TEL067,intercept,10,0,-161.9977
SP073,INT073,interview,10,SP068,TEL068,intercept,10,0,-120.0401
SP073,INT073,interview,10,SP069,TEL069,intercept,10,0,-142.1501
SP073,INT073,interview,10,SP071,TEL071,intercept,10,0,-146.1564
SP073,INT073,interview,10,SP072,TEL072,intercept,10,0,-113.0994
SP073,INT073,interview,10,SP073,TEL073,intercept,10,1,-42.42408
SP073,INT073,interview,10,SP074,TEL074,intercept,10,0,-105.6506
SP073,INT073,interview,10,SP075,TEL075,intercept,10,0,-177.3576
SP073,INT073,interview,10,SP076,TEL076,intercept,10,0,-183.2279
SP073,INT073,interview,10,SP077,TEL077,intercept,10,0,-91.58691
SP073,INT073,interview,10,SP078,TEL078,intercept,10,0,-137.7355
SP073,INT073,interview,10,SP079,TEL079,intercept,10,0,-141.0708
SP073,INT073,interview,10,SP080,TEL080,intercept,10,0,-115.5052
SP073,INT073,interview,10,SP081,TEL081,intercept,10,0,-95.79052
SP073,INT073,interview,10,SP084,TEL084,intercept,10,0,-82.16116
SP073,INT073,interview,10,SP085,TEL085,intercept,10,0,-133.8311
SP073,INT073,interview,10,SP086,TEL086,intercept,10,0,-102.4767
SP073,INT073,interview,10,SP087,TEL087,intercept,10,0,-96.70502
SP073,INT073,interview,10,SP088,TEL088,intercept,10,0,-78.46195
SP073,INT073,interview,10,SP090,TEL090,intercept,10,0,-132.0537
SP073,INT073,interview,10,SP093,TEL093,intercept,10,0,-129.6055
SP073,INT073,interview,10,SP094,TEL094,intercept,10,0,-109.5951
SP073,INT073,interview,10,SP095,TEL095,intercept,10,0,-72.33506
SP073,INT073,interview,10,SP096,TEL096,intercept,10,0,-161.6344
SP073,INT073,interview,10,SP097,TEL097,intercept,10,0,-147.2892
SP073,INT073,interview,10,SP099,TEL099,intercept,10,0,-172.0899
SP073,INT073,interview,10,SP100,TEL100,intercept,10,0,-80.36611
SP073,INT073,interview,10,SP102,TEL102,intercept,10,0,-113.9082
SP073,INT073,interview,10,SP103,TEL103,intercept,10,0,-121.1446
SP073,INT073,interview,10,SP105,TEL105,intercept,10,0,-153.3869
SP073,INT073,interview,10,SP106,TEL106,intercept,10,0,-171.3986
SP073,INT073,interview,10,SP107,TEL107,intercept,10,0,-112.0334
SP073,INT073,interview,10,SP108,TEL108,intercept,10,0,-147.4867
SP073,INT073,interview,10,SP111,TEL111,intercept,10,0,-71.10275
SP073,INT073,interview,10,SP112,TEL112,intercept,10,0,-116.0508
SP073,INT073,interview,10,SP113,TEL113,intercept,10,0,-144.4815
SP073,INT073,interview,10,SP114,TEL114,intercept,10,0,-143.8512
SP073,INT073,interview,10,SP115,TEL115,intercept,10,0,-128.3447
SP073,INT073,interview,10,SP118,TEL118,intercept,10,0,-146.7987
SP073,INT073,interview,10,SP120,TEL120,intercept,10,0,-164.6009
SP073,INT073,interview,10,SP121,TEL121,intercept,10,0,-126.4374
SP074,INT074,interview,10,SP001,TEL001,intercept,10,0,-79.35365
SP074,INT074,interview,10,SP002,TEL002,intercept,10,0,-142.2415
SP074,INT074,interview,10,SP003,TEL003,intercept,10,0,-100.5565
SP074,INT074,interview,10,SP004,TEL004,intercept,10,0,-88.2634
SP074,INT074,interview,10,SP008,TEL008,intercept,10,0,-101.7275
SP074,INT074,interview,10,SP010,TEL010,intercept,10,0,-66.88177
SP074,INT074,interview,10,SP011,TEL011,intercept,10,0,-87.62273
SP074,INT074,interview,10,SP012,TEL012,intercept,10,0,-113.25
SP074,INT074,interview,10,SP013,TEL013,intercept,10,0,-96.73938
SP074,INT074,interview,10,SP015,TEL015,intercept,10,0,-75.61707
SP074,INT074,interview,10,SP016,TEL016,intercept,10,0,-104.1285
SP074,INT074,interview,10,SP017,TEL017,intercept,10,0,-74.08205
SP074,INT074,interview,10,SP018,TEL018,intercept,10,0,-109.5205
SP074,INT074,interview,10,SP019,TEL019,intercept,10,0,-90.67596
SP074,INT074,interview,10,SP020,TEL020,intercept,10,0,-149.1164
SP074,INT074,interview,10,SP021,TEL021,intercept,10,0,-97.20602
SP074,INT074,interview,10,SP022,TEL022,intercept,10,0,-134.6882
SP074,INT074,interview,10,SP023,TEL023,intercept,10,0,-121.6045
SP074,INT074,interview,10,SP024,TEL024,intercept,10,0,-112.9105
SP074,INT074,interview,10,SP025,TEL025,intercept,10,0,-76.70653
SP074,INT074,interview,10,SP026,TEL026,intercept,10,0,-93.33131
SP074,INT074,interview,10,SP027,TEL027,intercept,10,0,-104.9352
SP074,INT074,interview,10,SP028,TEL028,intercept,10,0,-106.6617
SP074,INT074,interview,10,SP029,TEL029,intercept,10,0,-90.68015
SP074,INT074,interview,10,SP030,TEL030,intercept,10,0,-115.9338
SP074,INT074,interview,10,SP031,TEL031,intercept,10,0,-77.93113
SP074,INT074,interview,10,SP032,TEL032,intercept,10,0,-69.52212
SP074,INT074,interview,10,SP033,TEL033,intercept,10,0,-104.1999
SP074,INT074,interview,10,SP034,TEL034,intercept,10,0,-119.8801
SP074,INT074,interview,10,SP035,TEL035,intercept,10,0,-87.02555
SP074,INT074,interview,10,SP036,TEL036,intercept,10,0,-71.35254
SP074,INT074,interview,10,SP037,TEL037,intercept,10,0,-123.9003
SP074,INT074,interview,10,SP038,TEL038,intercept,10,0,-138.8559
SP074,INT074,interview,10,SP039,TEL039,intercept,10,0,-102.5543
SP074,INT074,interview,10,SP040,TEL040,intercept,10,0,-65.32121
SP074,INT074,interview,10,SP042,TEL042,intercept,10,0,-53.60459
SP074,INT074,interview,10,SP043,TEL043,intercept,10,0,-68.85332
SP074,INT074,interview,10,SP044,TEL044,intercept,10,0,-74.07948
SP074,INT074,interview,10,SP045,TEL045,intercept,10,0,-101.1264
SP074,INT074,interview,10,SP046,TEL046,intercept,10,0,-85.66367
SP074,INT074,interview,10,SP047,TEL047,intercept,10,0,-81.02903
SP074,INT074,interview,10,SP048,TEL048,intercept,10,0,-93.50162
SP074,INT074,interview,10,SP049,TEL049,intercept,10,0,-135.0018
SP074,INT074,interview,10,SP050,TEL050,intercept,10,0,-69.15691
SP074,INT074,interview,10,SP051,TEL051,intercept,10,0,-125.5998
SP074,INT074,interview,10,SP052,TEL052,intercept,10,0,-111.9553
SP074,INT074,interview,10,SP053,TEL053,intercept,10,0,-51.53204
SP074,INT074,interview,10,SP054,TEL054,intercept,10,0,-90.53755
SP074,INT074,interview,10,SP056,TEL056,intercept,10,0,-108.2712
SP074,INT074,interview,10,SP058,TEL058,intercept,10,0,-67.80228
SP074,INT074,interview,10,SP059,TEL059,intercept,10,0,-110.2453
SP074,INT074,interview,10,SP060,TEL060,intercept,10,0,-106.7948
SP074,INT074,interview,10,SP062,TEL062,intercept,10,0,-65.12503
SP074,INT074,interview,10,SP063,TEL063,intercept,10,0,-86.54043
SP074,INT074,interview,10,SP064,TEL064,intercept,10,0,-102.8146
SP074,INT074,interview,10,SP065,TEL065,intercept,10,0,-94.62866
SP074,INT074,interview,10,SP066,TEL066,intercept,10,0,-90.2449
SP074,INT074,interview,10,SP067,TEL067,intercept,10,0,-116.2677
SP074,INT074,interview,10,SP068,TEL068,intercept,10,0,-113.1837
SP074,INT074,interview,10,SP069,TEL069,intercept,10,0,-116.5528
SP074,INT074,interview,10,SP071,TEL071,intercept,10,0,-95.31617
SP074,INT074,interview,10,SP072,TEL072,intercept,10,0,-92.45564
SP074,INT074,interview,10,SP073,TEL073,intercept,10,0,-94.99651
SP074,INT074,interview,10,SP074,TEL074,intercept,10,1,-7.918623
SP074,INT074,interview,10,SP075,TEL075,intercept,10,0,-107.8652
SP074,INT074,interview,10,SP076,TEL076,intercept,10,0,-113.6523
SP074,INT074,interview,10,SP077,TEL077,intercept,10,0,-79.27039
SP074,INT074,interview,10,SP078,TEL078,intercept,10,0,-130.5243
SP074,INT074,interview,10,SP079,TEL079,intercept,10,0,-109.4463
SP074,INT074,interview,10,SP080,TEL080,intercept,10,0,-113.5721
SP074,INT074,interview,10,SP081,TEL081,intercept,10,0,-98.68807
SP074,INT074,interview,10,SP084,TEL084,intercept,10,0,-39.00294
SP074,INT074,interview,10,SP085,TEL085,intercept,10,0,-122.5509
SP074,INT074,interview,10,SP086,TEL086,intercept,10,0,-83.56514
SP074,INT074,interview,10,SP087,TEL087,intercept,10,0,-86.44241
SP074,INT074,interview,10,SP088,TEL088,intercept,10,0,-24.29601
SP074,INT074,interview,10,SP090,TEL090,intercept,10,0,-80.32312
SP074,INT074,interview,10,SP093,TEL093,intercept,10,0,-103.4528
SP074,INT074,interview,10,SP094,TEL094,intercept,10,0,-98.64857
SP074,INT074,interview,10,SP095,TEL095,intercept,10,0,-46.64381
SP074,INT074,interview,10,SP096,TEL096,intercept,10,0,-97.39792
SP074,INT074,interview,10,SP097,TEL097,intercept,10,0,-83.86227
SP074,INT074,interview,10,SP099,TEL099,intercept,10,0,-117.7395
SP074,INT074,interview,10,SP100,TEL100,intercept,10,0,-58.48863
SP074,INT074,interview,10,SP102,TEL102,intercept,10,0,-91.9438
SP074,INT074,interview,10,SP103,TEL103,intercept,10,0,-103.4039
SP074,INT074,interview,10,SP105,TEL105,intercept,10,0,-89.62692
SP074,INT074,interview,10,SP106,TEL106,intercept,10,0,-101.3176
SP074,INT074,interview,10,SP107,TEL107,intercept,10,0,-65.10267
SP074,INT074,interview,10,SP108,TEL108,intercept,10,0,-62.35776
SP074,INT074,interview,10,SP111,TEL111,intercept,10,0,-75.52703
SP074,INT074,interview,10,SP112,TEL112,intercept,10,0,-65.97514
SP074,INT074,interview,10,SP113,TEL113,intercept,10,0,-116.3417
SP074,INT074,interview,10,SP114,TEL114,intercept,10,0,-88.38188
SP074,INT074,interview,10,SP115,TEL115,intercept,10,0,-88.98216
SP074,INT074,interview,10,SP118,TEL118,intercept,10,0,-127.3116
SP074,INT074,interview,10,SP120,TEL120,intercept,10,0,-121.5483
SP074,INT074,interview,10,SP121,TEL121,intercept,10,0,-86.69852
SP075,INT075,interview,10,SP001,TEL001,intercept,10,0,-131.6064
SP075,INT075,interview,10,SP002,TEL002,intercept,10,0,-120.1363
SP075,INT075,interview,10,SP003,TEL003,intercept,10,0,-121.8483
SP075,INT075,interview,10,SP004,TEL004,intercept,10,0,-113.4636
SP075,INT075,interview,10,SP008,TEL008,intercept,10,0,-111.4447
SP075,INT075,interview,10,SP010,TEL010,intercept,10,0,-72.73967
SP075,INT075,interview,10,SP011,TEL011,intercept,10,0,-116.3735
SP075,INT075,interview,10,SP012,TEL012,intercept,10,0,-84.62158
SP075,INT075,interview,10,SP013,TEL013,intercept,10,0,-97.25597
SP075,INT075,interview,10,SP015,TEL015,intercept,10,0,-103.3478
SP075,INT075,interview,10,SP016,TEL016,intercept,10,0,-111.1603
SP075,INT075,interview,10,SP017,TEL017,intercept,10,0,-102.3135
SP075,INT075,interview,10,SP018,TEL018,intercept,10,0,-87.57246
SP075,INT075,interview,10,SP019,TEL019,intercept,10,0,-139.4468
SP075,INT075,interview,10,SP020,TEL020,intercept,10,0,-112.6915
SP075,INT075,interview,10,SP021,TEL021,intercept,10,0,-152.111
SP075,INT075,interview,10,SP022,TEL022,intercept,10,0,-119.1181
SP075,INT075,interview,10,SP023,TEL023,intercept,10,0,-126.1823
SP075,INT075,interview,10,SP024,TEL024,intercept,10,0,-109.8778
SP075,INT075,interview,10,SP025,TEL025,intercept,10,0,-82.37219
SP075,INT075,interview,10,SP026,TEL026,intercept,10,0,-99.12492
SP075,INT075,interview,10,SP027,TEL027,intercept,10,0,-139.481
SP075,INT075,interview,10,SP028,TEL028,intercept,10,0,-109.7561
SP075,INT075,interview,10,SP029,TEL029,intercept,10,0,-107.9843
SP075,INT075,interview,10,SP030,TEL030,intercept,10,0,-130.0517
SP075,INT075,interview,10,SP031,TEL031,intercept,10,0,-125.4743
SP075,INT075,interview,10,SP032,TEL032,intercept,10,0,-112.7715
SP075,INT075,interview,10,SP033,TEL033,intercept,10,0,-88.59891
SP075,INT075,interview,10,SP034,TEL034,intercept,10,0,-80.43172
SP075,INT075,interview,10,SP035,TEL035,intercept,10,0,-120.2868
SP075,INT075,interview,10,SP036,TEL036,intercept,10,0,-102.3331
SP075,INT075,interview,10,SP037,TEL037,intercept,10,0,-109.9687
SP075,INT075,interview,10,SP038,TEL038,intercept,10,0,-135.983
SP075,INT075,interview,10,SP039,TEL039,intercept,10,0,-129.116
SP075,INT075,interview,10,SP040,TEL040,intercept,10,0,-97.62213
SP075,INT075,interview,10,SP042,TEL042,intercept,10,0,-89.20699
SP075,INT075,interview,10,SP043,TEL043,intercept,10,0,-95.52801
SP075,INT075,interview,10,SP044,TEL044,intercept,10,0,-105.2018
SP075,INT075,interview,10,SP045,TEL045,intercept,10,0,-122.5741
SP075,INT075,interview,10,SP046,TEL046,intercept,10,0,-101.554
SP075,INT075,interview,10,SP047,TEL047,intercept,10,0,-84.34721
SP075,INT075,interview,10,SP048,TEL048,intercept,10,0,-93.15494
SP075,INT075,interview,10,SP049,TEL049,intercept,10,0,-134.9214
SP075,INT075,interview,10,SP050,TEL050,intercept,10,0,-109.4026
SP075,INT075,interview,10,SP051,TEL051,intercept,10,0,-133.0665
SP075,INT075,interview,10,SP052,TEL052,intercept,10,0,-103.8291
SP075,INT075,interview,10,SP053,TEL053,intercept,10,0,-111.223
SP075,INT075,interview,10,SP054,TEL054,intercept,10,0,-109.876
SP075,INT075,interview,10,SP056,TEL056,intercept,10,0,-144.419
SP075,INT075,interview,10,SP058,TEL058,intercept,10,0,-68.23814
SP075,INT075,interview,10,SP059,TEL059,intercept,10,0,-122.2989
SP075,INT075,interview,10,SP060,TEL060,intercept,10,0,-105.9922
SP075,INT075,interview,10,SP062,TEL062,intercept,10,0,-84.86371
SP075,INT075,interview,10,SP063,TEL063,intercept,10,0,-69.71835
SP075,INT075,interview,10,SP064,TEL064,intercept,10,0,-83.80384
SP075,INT075,interview,10,SP065,TEL065,intercept,10,0,-121.8876
SP075,INT075,interview,10,SP066,TEL066,intercept,10,0,-139.0135
SP075,INT075,interview,10,SP067,TEL067,intercept,10,0,-117.3195
SP075,INT075,interview,10,SP068,TEL068,intercept,10,0,-137.2521
SP075,INT075,interview,10,SP069,TEL069,intercept,10,0,-101.3799
SP075,INT075,interview,10,SP071,TEL071,intercept,10,0,-119.3968
SP075,INT075,interview,10,SP072,TEL072,intercept,10,0,-105.1895
SP075,INT075,interview,10,SP073,TEL073,intercept,10,0,-133.7726
SP075,INT075,interview,10,SP074,TEL074,intercept,10,0,-75.95674
SP075,INT075,interview,10,SP075,TEL075,intercept,10,1,-42.97312
SP075,INT075,interview,10,SP076,TEL076,intercept,10,0,-128.7158
SP075,INT075,interview,10,SP077,TEL077,intercept,10,0,-122.8255
SP075,INT075,interview,10,SP078,TEL078,intercept,10,0,-123.6552
SP075,INT075,interview,10,SP079,TEL079,intercept,10,0,-135.7164
SP075,INT075,interview,10,SP080,TEL080,intercept,10,0,-86.48283
SP075,INT075,interview,10,SP081,TEL081,intercept,10,0,-124.2496
SP075,INT075,interview,10,SP084,TEL084,intercept,10,0,-82.99989
SP075,INT075,interview,10,SP085,TEL085,intercept,10,0,-103.4441
SP075,INT075,interview,10,SP086,TEL086,intercept,10,0,-168.3007
SP075,INT075,interview,10,SP087,TEL087,intercept,10,0,-99.34589
SP075,INT075,interview,10,SP088,TEL088,intercept,10,0,-85.02003
SP075,INT075,interview,10,SP090,TEL090,intercept,10,0,-52.77506
SP075,INT075,interview,10,SP093,TEL093,intercept,10,0,-99.32261
SP075,INT075,interview,10,SP094,TEL094,intercept,10,0,-89.41698
SP075,INT075,interview,10,SP095,TEL095,intercept,10,0,-76.72437
SP075,INT075,interview,10,SP096,TEL096,intercept,10,0,-56.7491
SP075,INT075,interview,10,SP097,TEL097,intercept,10,0,-124.3876
SP075,INT075,interview,10,SP099,TEL099,intercept,10,0,-126.4176
SP075,INT075,interview,10,SP100,TEL100,intercept,10,0,-104.5667
SP075,INT075,interview,10,SP102,TEL102,intercept,10,0,-83.26033
SP075,INT075,interview,10,SP103,TEL103,intercept,10,0,-117.0475
SP075,INT075,interview,10,SP105,TEL105,intercept,10,0,-155.3537
SP075,INT075,interview,10,SP106,TEL106,intercept,10,0,-111.9259
SP075,INT075,interview,10,SP107,TEL107,intercept,10,0,-112.6559
SP075,INT075,interview,10,SP108,TEL108,intercept,10,0,-116.5441
SP075,INT075,interview,10,SP111,TEL111,intercept,10,0,-84.46048
SP075,INT075,interview,10,SP112,TEL112,intercept,10,0,-69.08779
SP075,INT075,interview,10,SP113,TEL113,intercept,10,0,-105.854
SP075,INT075,interview,10,SP114,TEL114,intercept,10,0,-91.69154
SP075,INT075,interview,10,SP115,TEL115,intercept,10,0,-116.342
SP075,INT075,interview,10,SP118,TEL118,intercept,10,0,-112.525
SP075,INT075,interview,10,SP120,TEL120,intercept,10,0,-116.8811
SP075,INT075,interview,10,SP121,TEL121,intercept,10,0,-121.7406
SP076,INT076,interview,10,SP001,TEL001,intercept,10,0,-86.55988
SP076,INT076,interview,10,SP002,TEL002,intercept,10,0,-109.7137
SP076,INT076,interview,10,SP003,TEL003,intercept,10,0,-98.73788
SP076,INT076,interview,10,SP004,TEL004,intercept,10,0,-84.23894
SP076,INT076,interview,10,SP008,TEL008,intercept,10,0,-105.1929
SP076,INT076,interview,10,SP010,TEL010,intercept,10,0,-38.6288
SP076,INT076,interview,10,SP011,TEL011,intercept,10,0,-61.7372
SP076,INT076,interview,10,SP012,TEL012,intercept,10,0,-109.1982
SP076,INT076,interview,10,SP013,TEL013,intercept,10,0,-75.64337
SP076,INT076,interview,10,SP015,TEL015,intercept,10,0,-42.0011
SP076,INT076,interview,10,SP016,TEL016,intercept,10,0,-100.0833
SP076,INT076,interview,10,SP017,TEL017,intercept,10,0,-49.61689
SP076,INT076,interview,10,SP018,TEL018,intercept,10,0,-89.92014
SP076,INT076,interview,10,SP019,TEL019,intercept,10,0,-74.94633
SP076,INT076,interview,10,SP020,TEL020,intercept,10,0,-120.5678
SP076,INT076,interview,10,SP021,TEL021,intercept,10,0,-81.5974
SP076,INT076,interview,10,SP022,TEL022,intercept,10,0,-118.312
SP076,INT076,interview,10,SP023,TEL023,intercept,10,0,-88.61658
SP076,INT076,interview,10,SP024,TEL024,intercept,10,0,-98.64934
SP076,INT076,interview,10,SP025,TEL025,intercept,10,0,-58.21037
SP076,INT076,interview,10,SP026,TEL026,intercept,10,0,-108.1645
SP076,INT076,interview,10,SP027,TEL027,intercept,10,0,-100.5814
SP076,INT076,interview,10,SP028,TEL028,intercept,10,0,-75.59282
SP076,INT076,interview,10,SP029,TEL029,intercept,10,0,-77.875
SP076,INT076,interview,10,SP030,TEL030,intercept,10,0,-57.76643
SP076,INT076,interview,10,SP031,TEL031,intercept,10,0,-57.4988
SP076,INT076,interview,10,SP032,TEL032,intercept,10,0,-98.3979
SP076,INT076,interview,10,SP033,TEL033,intercept,10,0,-110.3908
SP076,INT076,interview,10,SP034,TEL034,intercept,10,0,-114.9523
SP076,INT076,interview,10,SP035,TEL035,intercept,10,0,-69.35792
SP076,INT076,interview,10,SP036,TEL036,intercept,10,0,-81.85498
SP076,INT076,interview,10,SP037,TEL037,intercept,10,0,-132.1514
SP076,INT076,interview,10,SP038,TEL038,intercept,10,0,-106.6773
SP076,INT076,interview,10,SP039,TEL039,intercept,10,0,-102.7234
SP076,INT076,interview,10,SP040,TEL040,intercept,10,0,-60.10466
SP076,INT076,interview,10,SP042,TEL042,intercept,10,0,-33.87159
SP076,INT076,interview,10,SP043,TEL043,intercept,10,0,-55.80529
SP076,INT076,interview,10,SP044,TEL044,intercept,10,0,-49.27449
SP076,INT076,interview,10,SP045,TEL045,intercept,10,0,-110.9223
SP076,INT076,interview,10,SP046,TEL046,intercept,10,0,-88.59516
SP076,INT076,interview,10,SP047,TEL047,intercept,10,0,-67.1109
SP076,INT076,interview,10,SP048,TEL048,intercept,10,0,-68.60318
SP076,INT076,interview,10,SP049,TEL049,intercept,10,0,-165.3347
SP076,INT076,interview,10,SP050,TEL050,intercept,10,0,-45.68171
SP076,INT076,interview,10,SP051,TEL051,intercept,10,0,-92.22529
SP076,INT076,interview,10,SP052,TEL052,intercept,10,0,-99.97012
SP076,INT076,interview,10,SP053,TEL053,intercept,10,0,-60.66561
SP076,INT076,interview,10,SP054,TEL054,intercept,10,0,-76.62387
SP076,INT076,interview,10,SP056,TEL056,intercept,10,0,-111.8471
SP076,INT076,interview,10,SP058,TEL058,intercept,10,0,-75.43937
SP076,INT076,interview,10,SP059,TEL059,intercept,10,0,-129.3838
SP076,INT076,interview,10,SP060,TEL060,intercept,10,0,-87.95334
SP076,INT076,interview,10,SP062,TEL062,intercept,10,0,-49.09874
SP076,INT076,interview,10,SP063,TEL063,intercept,10,0,-72.15389
SP076,INT076,interview,10,SP064,TEL064,intercept,10,0,-72.22923
SP076,INT076,interview,10,SP065,TEL065,intercept,10,0,-52.71627
SP076,INT076,interview,10,SP066,TEL066,intercept,10,0,-49.08009
SP076,INT076,interview,10,SP067,TEL067,intercept,10,0,-124.1972
SP076,INT076,interview,10,SP068,TEL068,intercept,10,0,-92.0463
SP076,INT076,interview,10,SP069,TEL069,intercept,10,0,-94.48495
SP076,INT076,interview,10,SP071,TEL071,intercept,10,0,-71.7534
SP076,INT076,interview,10,SP072,TEL072,intercept,10,0,-71.61538
SP076,INT076,interview,10,SP073,TEL073,intercept,10,0,-85.34622
SP076,INT076,interview,10,SP074,TEL074,intercept,10,0,-41.38493
SP076,INT076,interview,10,SP075,TEL075,intercept,10,0,-101.9607
SP076,INT076,interview,10,SP076,TEL076,intercept,10,1,-40.00417
SP076,INT076,interview,10,SP077,TEL077,intercept,10,0,-41.7411
SP076,INT076,interview,10,SP078,TEL078,intercept,10,0,-97.60352
SP076,INT076,interview,10,SP079,TEL079,intercept,10,0,-120.5989
SP076,INT076,interview,10,SP080,TEL080,intercept,10,0,-104.6803
SP076,INT076,interview,10,SP081,TEL081,intercept,10,0,-85.93989
SP076,INT076,interview,10,SP084,TEL084,intercept,10,0,-45.26819
SP076,INT076,interview,10,SP085,TEL085,intercept,10,0,-123.6762
SP076,INT076,interview,10,SP086,TEL086,intercept,10,0,-93.43167
SP076,INT076,interview,10,SP087,TEL087,intercept,10,0,-51.08272
SP076,INT076,interview,10,SP088,TEL088,intercept,10,0,-19.74664
SP076,INT076,interview,10,SP090,TEL090,intercept,10,0,-85.6102
SP076,INT076,interview,10,SP093,TEL093,intercept,10,0,-98.71822
SP076,INT076,interview,10,SP094,TEL094,intercept,10,0,-76.67478
SP076,INT076,interview,10,SP095,TEL095,intercept,10,0,-54.76493
SP076,INT076,interview,10,SP096,TEL096,intercept,10,0,-80.68124
SP076,INT076,interview,10,SP097,TEL097,intercept,10,0,-129.685
SP076,INT076,interview,10,SP099,TEL099,intercept,10,0,-91.14516
SP076,INT076,interview,10,SP100,TEL100,intercept,10,0,-62.47133
SP076,INT076,interview,10,SP102,TEL102,intercept,10,0,-78.83865
SP076,INT076,interview,10,SP103,TEL103,intercept,10,0,-92.53288
SP076,INT076,interview,10,SP105,TEL105,intercept,10,0,-62.36697
SP076,INT076,interview,10,SP106,TEL106,intercept,10,0,-70.65268
SP076,INT076,interview,10,SP107,TEL107,intercept,10,0,-78.69625
SP076,INT076,interview,10,SP108,TEL108,intercept,10,0,-78.29562
SP076,INT076,interview,10,SP111,TEL111,intercept,10,0,-61.32157
SP076,INT076,interview,10,SP112,TEL112,intercept,10,0,-67.53545
SP076,INT076,interview,10,SP113,TEL113,intercept,10,0,-74.67471
SP076,INT076,interview,10,SP114,TEL114,intercept,10,0,-74.14604
SP076,INT076,interview,10,SP115,TEL115,intercept,10,0,-61.79958
SP076,INT076,interview,10,SP118,TEL118,intercept,10,0,-99.19419
SP076,INT076,interview,10,SP120,TEL120,intercept,10,0,-87.26767
SP076,INT076,interview,10,SP121,TEL121,intercept,10,0,-86.71325
SP077,INT077,interview,10,SP001,TEL001,intercept,10,0,-99.65583
SP077,INT077,interview,10,SP002,TEL002,intercept,10,0,-168.6923
SP077,INT077,interview,10,SP003,TEL003,intercept,10,0,-100.1306
SP077,INT077,interview,10,SP004,TEL004,intercept,10,0,-49.39373
SP077,INT077,interview,10,SP008,TEL008,intercept,10,0,-90.94181
SP077,INT077,interview,10,SP010,TEL010,intercept,10,0,-67.82301
SP077,INT077,interview,10,SP011,TEL011,intercept,10,0,-85.8516
SP077,INT077,interview,10,SP012,TEL012,intercept,10,0,-101.873
SP077,INT077,interview,10,SP013,TEL013,intercept,10,0,-69.49252
SP077,INT077,interview,10,SP015,TEL015,intercept,10,0,-80.61932
SP077,INT077,interview,10,SP016,TEL016,intercept,10,0,-98.9593
SP077,INT077,interview,10,SP017,TEL017,intercept,10,0,-96.78163
SP077,INT077,interview,10,SP018,TEL018,intercept,10,0,-71.85027
SP077,INT077,interview,10,SP019,TEL019,intercept,10,0,-68.98698
SP077,INT077,interview,10,SP020,TEL020,intercept,10,0,-120.0019
SP077,INT077,interview,10,SP021,TEL021,intercept,10,0,-76.20921
SP077,INT077,interview,10,SP022,TEL022,intercept,10,0,-121.312
SP077,INT077,interview,10,SP023,TEL023,intercept,10,0,-82.03724
SP077,INT077,interview,10,SP024,TEL024,intercept,10,0,-99.95952
SP077,INT077,interview,10,SP025,TEL025,intercept,10,0,-71.07886
SP077,INT077,interview,10,SP026,TEL026,intercept,10,0,-123.0833
SP077,INT077,interview,10,SP027,TEL027,intercept,10,0,-95.4194
SP077,INT077,interview,10,SP028,TEL028,intercept,10,0,-105.0279
SP077,INT077,interview,10,SP029,TEL029,intercept,10,0,-89.15058
SP077,INT077,interview,10,SP030,TEL030,intercept,10,0,-103.8738
SP077,INT077,interview,10,SP031,TEL031,intercept,10,0,-153.2036
SP077,INT077,interview,10,SP032,TEL032,intercept,10,0,-52.41643
SP077,INT077,interview,10,SP033,TEL033,intercept,10,0,-66.71326
SP077,INT077,interview,10,SP034,TEL034,intercept,10,0,-81.72894
SP077,INT077,interview,10,SP035,TEL035,intercept,10,0,-95.49053
SP077,INT077,interview,10,SP036,TEL036,intercept,10,0,-59.83942
SP077,INT077,interview,10,SP037,TEL037,intercept,10,0,-130.1037
SP077,INT077,interview,10,SP038,TEL038,intercept,10,0,-103.5645
SP077,INT077,interview,10,SP039,TEL039,intercept,10,0,-79.36758
SP077,INT077,interview,10,SP040,TEL040,intercept,10,0,-51.33934
SP077,INT077,interview,10,SP042,TEL042,intercept,10,0,-62.29511
SP077,INT077,interview,10,SP043,TEL043,intercept,10,0,-99.15403
SP077,INT077,interview,10,SP044,TEL044,intercept,10,0,-63.20243
SP077,INT077,interview,10,SP045,TEL045,intercept,10,0,-139.6418
SP077,INT077,interview,10,SP046,TEL046,intercept,10,0,-105.9494
SP077,INT077,interview,10,SP047,TEL047,intercept,10,0,-84.96334
SP077,INT077,interview,10,SP048,TEL048,intercept,10,0,-44.54662
SP077,INT077,interview,10,SP049,TEL049,intercept,10,0,-173.985
SP077,INT077,interview,10,SP050,TEL050,intercept,10,0,-38.06622
SP077,INT077,interview,10,SP051,TEL051,intercept,10,0,-148.2236
SP077,INT077,interview,10,SP052,TEL052,intercept,10,0,-91.82818
SP077,INT077,interview,10,SP053,TEL053,intercept,10,0,-53.26004
SP077,INT077,interview,10,SP054,TEL054,intercept,10,0,-68.16435
SP077,INT077,interview,10,SP056,TEL056,intercept,10,0,-112.8955
SP077,INT077,interview,10,SP058,TEL058,intercept,10,0,-71.27522
SP077,INT077,interview,10,SP059,TEL059,intercept,10,0,-91.73667
SP077,INT077,interview,10,SP060,TEL060,intercept,10,0,-65.44006
SP077,INT077,interview,10,SP062,TEL062,intercept,10,0,-86.82273
SP077,INT077,interview,10,SP063,TEL063,intercept,10,0,-111.7625
SP077,INT077,interview,10,SP064,TEL064,intercept,10,0,-66.02895
SP077,INT077,interview,10,SP065,TEL065,intercept,10,0,-53.50793
SP077,INT077,interview,10,SP066,TEL066,intercept,10,0,-139.8886
SP077,INT077,interview,10,SP067,TEL067,intercept,10,0,-120.7584
SP077,INT077,interview,10,SP068,TEL068,intercept,10,0,-99.66171
SP077,INT077,interview,10,SP069,TEL069,intercept,10,0,-86.90806
SP077,INT077,interview,10,SP071,TEL071,intercept,10,0,-93.68489
SP077,INT077,interview,10,SP072,TEL072,intercept,10,0,-69.53446
SP077,INT077,interview,10,SP073,TEL073,intercept,10,0,-83.59868
SP077,INT077,interview,10,SP074,TEL074,intercept,10,0,-62.06082
SP077,INT077,interview,10,SP075,TEL075,intercept,10,0,-148.0845
SP077,INT077,interview,10,SP076,TEL076,intercept,10,0,-91.69957
SP077,INT077,interview,10,SP077,TEL077,intercept,10,1,-35.14752
SP077,INT077,interview,10,SP078,TEL078,intercept,10,0,-69.24137
SP077,INT077,interview,10,SP079,TEL079,intercept,10,0,-143.9695
SP077,INT077,interview,10,SP080,TEL080,intercept,10,0,-90.41633
SP077,INT077,interview,10,SP081,TEL081,intercept,10,0,-94.66071
SP077,INT077,interview,10,SP084,TEL084,intercept,10,0,-56.57859
SP077,INT077,interview,10,SP085,TEL085,intercept,10,0,-135.9086
SP077,INT077,interview,10,SP086,TEL086,intercept,10,0,-83.22536
SP077,INT077,interview,10,SP087,TEL087,intercept,10,0,-97.66669
SP077,INT077,interview,10,SP088,TEL088,intercept,10,0,-46.09573
SP077,INT077,interview,10,SP090,TEL090,intercept,10,0,-114.3923
SP077,INT077,interview,10,SP093,TEL093,intercept,10,0,-83.4435
SP077,INT077,interview,10,SP094,TEL094,intercept,10,0,-76.99607
SP077,INT077,interview,10,SP095,TEL095,intercept,10,0,-102.3787
SP077,INT077,interview,10,SP096,TEL096,intercept,10,0,-77.13936
SP077,INT077,interview,10,SP097,TEL097,intercept,10,0,-119.5546
SP077,INT077,interview,10,SP099,TEL099,intercept,10,0,-98.20929
SP077,INT077,interview,10,SP100,TEL100,intercept,10,0,-79.4903
SP077,INT077,interview,10,SP102,TEL102,intercept,10,0,-93.66769
SP077,INT077,interview,10,SP103,TEL103,intercept,10,0,-68.64581
SP077,INT077,interview,10,SP105,TEL105,intercept,10,0,-55.52625
SP077,INT077,interview,10,SP106,TEL106,intercept,10,0,-119.4808
SP077,INT077,interview,10,SP107,TEL107,intercept,10,0,-71.3632
SP077,INT077,interview,10,SP108,TEL108,intercept,10,0,-100.4014
SP077,INT077,interview,10,SP111,TEL111,intercept,10,0,-97.52284
SP077,INT077,interview,10,SP112,TEL112,intercept,10,0,-93.25191
SP077,INT077,interview,10,SP113,TEL113,intercept,10,0,-63.14631
SP077,INT077,interview,10,SP114,TEL114,intercept,10,0,-75.82906
SP077,INT077,interview,10,SP115,TEL115,intercept,10,0,-54.31329
SP077,INT077,interview,10,SP118,TEL118,intercept,10,0,-111.0091
SP077,INT077,interview,10,SP120,TEL120,intercept,10,0,-105.8175
SP077,INT077,interview,10,SP121,TEL121,intercept,10,0,-103.966
SP078,INT078,interview,10,SP001,TEL001,intercept,10,0,-139.7566
SP078,INT078,interview,10,SP002,TEL002,intercept,10,0,-137.9624
SP078,INT078,interview,10,SP003,TEL003,intercept,10,0,-149.1569
SP078,INT078,interview,10,SP004,TEL004,intercept,10,0,-81.32397
SP078,INT078,interview,10,SP008,TEL008,intercept,10,0,-87.11948
SP078,INT078,interview,10,SP010,TEL010,intercept,10,0,-80.38934
SP078,INT078,interview,10,SP011,TEL011,intercept,10,0,-138.5849
SP078,INT078,interview,10,SP012,TEL012,intercept,10,0,-128.7345
SP078,INT078,interview,10,SP013,TEL013,intercept,10,0,-94.28276
SP078,INT078,interview,10,SP015,TEL015,intercept,10,0,-112.3297
SP078,INT078,interview,10,SP016,TEL016,intercept,10,0,-137.1247
SP078,INT078,interview,10,SP017,TEL017,intercept,10,0,-127.5287
SP078,INT078,interview,10,SP018,TEL018,intercept,10,0,-86.46265
SP078,INT078,interview,10,SP019,TEL019,intercept,10,0,-71.07079
SP078,INT078,interview,10,SP020,TEL020,intercept,10,0,-117.5614
SP078,INT078,interview,10,SP021,TEL021,intercept,10,0,-98.32267
SP078,INT078,interview,10,SP022,TEL022,intercept,10,0,-130.8899
SP078,INT078,interview,10,SP023,TEL023,intercept,10,0,-117.9268
SP078,INT078,interview,10,SP024,TEL024,intercept,10,0,-160.6685
SP078,INT078,interview,10,SP025,TEL025,intercept,10,0,-81.96047
SP078,INT078,interview,10,SP026,TEL026,intercept,10,0,-181.0697
SP078,INT078,interview,10,SP027,TEL027,intercept,10,0,-139.4833
SP078,INT078,interview,10,SP028,TEL028,intercept,10,0,-114.7133
SP078,INT078,interview,10,SP029,TEL029,intercept,10,0,-84.64147
SP078,INT078,interview,10,SP030,TEL030,intercept,10,0,-117.0432
SP078,INT078,interview,10,SP031,TEL031,intercept,10,0,-146.0008
SP078,INT078,interview,10,SP032,TEL032,intercept,10,0,-94.01522
SP078,INT078,interview,10,SP033,TEL033,intercept,10,0,-83.12822
SP078,INT078,interview,10,SP034,TEL034,intercept,10,0,-110.9455
SP078,INT078,interview,10,SP035,TEL035,intercept,10,0,-97.46169
SP078,INT078,interview,10,SP036,TEL036,intercept,10,0,-107.9357
SP078,INT078,interview,10,SP037,TEL037,intercept,10,0,-151.0123
SP078,INT078,interview,10,SP038,TEL038,intercept,10,0,-84.78649
SP078,INT078,interview,10,SP039,TEL039,intercept,10,0,-88.50697
SP078,INT078,interview,10,SP040,TEL040,intercept,10,0,-80.68741
SP078,INT078,interview,10,SP042,TEL042,intercept,10,0,-70.56631
SP078,INT078,interview,10,SP043,TEL043,intercept,10,0,-129.6942
SP078,INT078,interview,10,SP044,TEL044,intercept,10,0,-87.11967
SP078,INT078,interview,10,SP045,TEL045,intercept,10,0,-118.0812
SP078,INT078,interview,10,SP046,TEL046,intercept,10,0,-112.7916
SP078,INT078,interview,10,SP047,TEL047,intercept,10,0,-140.3236
SP078,INT078,interview,10,SP048,TEL048,intercept,10,0,-72.53088
SP078,INT078,interview,10,SP049,TEL049,intercept,10,0,-166.5548
SP078,INT078,interview,10,SP050,TEL050,intercept,10,0,-117.3626
SP078,INT078,interview,10,SP051,TEL051,intercept,10,0,-161.2814
SP078,INT078,interview,10,SP052,TEL052,intercept,10,0,-90.91612
SP078,INT078,interview,10,SP053,TEL053,intercept,10,0,-123.3295
SP078,INT078,interview,10,SP054,TEL054,intercept,10,0,-102.0725
SP078,INT078,interview,10,SP056,TEL056,intercept,10,0,-133.5043
SP078,INT078,interview,10,SP058,TEL058,intercept,10,0,-87.56431
SP078,INT078,interview,10,SP059,TEL059,intercept,10,0,-97.19303
SP078,INT078,interview,10,SP060,TEL060,intercept,10,0,-88.18198
SP078,INT078,interview,10,SP062,TEL062,intercept,10,0,-114.5315
SP078,INT078,interview,10,SP063,TEL063,intercept,10,0,-129.1253
SP078,INT078,interview,10,SP064,TEL064,intercept,10,0,-81.7496
SP078,INT078,interview,10,SP065,TEL065,intercept,10,0,-111.7021
SP078,INT078,interview,10,SP066,TEL066,intercept,10,0,-160.3719
SP078,INT078,interview,10,SP067,TEL067,intercept,10,0,-86.58785
SP078,INT078,interview,10,SP068,TEL068,intercept,10,0,-90.44186
SP078,INT078,interview,10,SP069,TEL069,intercept,10,0,-100.8445
SP078,INT078,interview,10,SP071,TEL071,intercept,10,0,-130.7222
SP078,INT078,interview,10,SP072,TEL072,intercept,10,0,-91.48133
SP078,INT078,interview,10,SP073,TEL073,intercept,10,0,-109.0058
SP078,INT078,interview,10,SP074,TEL074,intercept,10,0,-124.7143
SP078,INT078,interview,10,SP075,TEL075,intercept,10,0,-141.1116
SP078,INT078,interview,10,SP076,TEL076,intercept,10,0,-123.2766
SP078,INT078,interview,10,SP077,TEL077,intercept,10,0,-77.51515
SP078,INT078,interview,10,SP078,TEL078,intercept,10,1,-54.5158
SP078,INT078,interview,10,SP079,TEL079,intercept,10,0,-107.9557
SP078,INT078,interview,10,SP080,TEL080,intercept,10,0,-85.35266
SP078,INT078,interview,10,SP081,TEL081,intercept,10,0,-89.86879
SP078,INT078,interview,10,SP084,TEL084,intercept,10,0,-100.9786
SP078,INT078,interview,10,SP085,TEL085,intercept,10,0,-116.2557
SP078,INT078,interview,10,SP086,TEL086,intercept,10,0,-128.1525
SP078,INT078,interview,10,SP087,TEL087,intercept,10,0,-100.909
SP078,INT078,interview,10,SP088,TEL088,intercept,10,0,-114.1194
SP078,INT078,interview,10,SP090,TEL090,intercept,10,0,-122.6928
SP078,INT078,interview,10,SP093,TEL093,intercept,10,0,-113.1842
SP078,INT078,interview,10,SP094,TEL094,intercept,10,0,-80.68385
SP078,INT078,interview,10,SP095,TEL095,intercept,10,0,-134.7481
SP078,INT078,interview,10,SP096,TEL096,intercept,10,0,-92.40783
SP078,INT078,interview,10,SP097,TEL097,intercept,10,0,-102.6563
SP078,INT078,interview,10,SP099,TEL099,intercept,10,0,-121.6354
SP078,INT078,interview,10,SP100,TEL100,intercept,10,0,-118.8704
SP078,INT078,interview,10,SP102,TEL102,intercept,10,0,-100.7015
SP078,INT078,interview,10,SP103,TEL103,intercept,10,0,-138.743
SP078,INT078,interview,10,SP105,TEL105,intercept,10,0,-97.00588
SP078,INT078,interview,10,SP106,TEL106,intercept,10,0,-131.1227
SP078,INT078,interview,10,SP107,TEL107,intercept,10,0,-88.26595
SP078,INT078,interview,10,SP108,TEL108,intercept,10,0,-136.8942
SP078,INT078,interview,10,SP111,TEL111,intercept,10,0,-133.2803
SP078,INT078,interview,10,SP112,TEL112,intercept,10,0,-120.2938
SP078,INT078,interview,10,SP113,TEL113,intercept,10,0,-83.0639
SP078,INT078,interview,10,SP114,TEL114,intercept,10,0,-102.9109
SP078,INT078,interview,10,SP115,TEL115,intercept,10,0,-86.10294
SP078,INT078,interview,10,SP118,TEL118,intercept,10,0,-157.1063
SP078,INT078,interview,10,SP120,TEL120,intercept,10,0,-106.4487
SP078,INT078,interview,10,SP121,TEL121,intercept,10,0,-95.49517
SP079,INT079,interview,10,SP001,TEL001,intercept,10,0,-92.22553
SP079,INT079,interview,10,SP002,TEL002,intercept,10,0,-107.8075
SP079,INT079,interview,10,SP003,TEL003,intercept,10,0,-92.82927
SP079,INT079,interview,10,SP004,TEL004,intercept,10,0,-130.2065
SP079,INT079,interview,10,SP008,TEL008,intercept,10,0,-114.6224
SP079,INT079,interview,10,SP010,TEL010,intercept,10,0,-121.225
SP079,INT079,interview,10,SP011,TEL011,intercept,10,0,-104.9087
SP079,INT079,interview,10,SP012,TEL012,intercept,10,0,-111.4384
SP079,INT079,interview,10,SP013,TEL013,intercept,10,0,-85.15791
SP079,INT079,interview,10,SP015,TEL015,intercept,10,0,-102.2611
SP079,INT079,interview,10,SP016,TEL016,intercept,10,0,-90.68862
SP079,INT079,interview,10,SP017,TEL017,intercept,10,0,-116.8189
SP079,INT079,interview,10,SP018,TEL018,intercept,10,0,-129.8524
SP079,INT079,interview,10,SP019,TEL019,intercept,10,0,-118.6692
SP079,INT079,interview,10,SP020,TEL020,intercept,10,0,-170.9045
SP079,INT079,interview,10,SP021,TEL021,intercept,10,0,-143.8143
SP079,INT079,interview,10,SP022,TEL022,intercept,10,0,-95.04816
SP079,INT079,interview,10,SP023,TEL023,intercept,10,0,-98.68644
SP079,INT079,interview,10,SP024,TEL024,intercept,10,0,-100.1944
SP079,INT079,interview,10,SP025,TEL025,intercept,10,0,-84.35997
SP079,INT079,interview,10,SP026,TEL026,intercept,10,0,-104.2309
SP079,INT079,interview,10,SP027,TEL027,intercept,10,0,-180.9336
SP079,INT079,interview,10,SP028,TEL028,intercept,10,0,-131.8592
SP079,INT079,interview,10,SP029,TEL029,intercept,10,0,-113.9383
SP079,INT079,interview,10,SP030,TEL030,intercept,10,0,-106.0576
SP079,INT079,interview,10,SP031,TEL031,intercept,10,0,-104.9433
SP079,INT079,interview,10,SP032,TEL032,intercept,10,0,-98.83427
SP079,INT079,interview,10,SP033,TEL033,intercept,10,0,-71.2429
SP079,INT079,interview,10,SP034,TEL034,intercept,10,0,-74.59023
SP079,INT079,interview,10,SP035,TEL035,intercept,10,0,-76.20505
SP079,INT079,interview,10,SP036,TEL036,intercept,10,0,-73.38441
SP079,INT079,interview,10,SP037,TEL037,intercept,10,0,-107.419
SP079,INT079,interview,10,SP038,TEL038,intercept,10,0,-146.3466
SP079,INT079,interview,10,SP039,TEL039,intercept,10,0,-107.1998
SP079,INT079,interview,10,SP040,TEL040,intercept,10,0,-120.3811
SP079,INT079,interview,10,SP042,TEL042,intercept,10,0,-98.69297
SP079,INT079,interview,10,SP043,TEL043,intercept,10,0,-150.5799
SP079,INT079,interview,10,SP044,TEL044,intercept,10,0,-147.7245
SP079,INT079,interview,10,SP045,TEL045,intercept,10,0,-121.6293
SP079,INT079,interview,10,SP046,TEL046,intercept,10,0,-86.22684
SP079,INT079,interview,10,SP047,TEL047,intercept,10,0,-122.0287
SP079,INT079,interview,10,SP048,TEL048,intercept,10,0,-102.4392
SP079,INT079,interview,10,SP049,TEL049,intercept,10,0,-63.12121
SP079,INT079,interview,10,SP050,TEL050,intercept,10,0,-132.638
SP079,INT079,interview,10,SP051,TEL051,intercept,10,0,-88.85183
SP079,INT079,interview,10,SP052,TEL052,intercept,10,0,-83.74692
SP079,INT079,interview,10,SP053,TEL053,intercept,10,0,-84.7754
SP079,INT079,interview,10,SP054,TEL054,intercept,10,0,-122.7714
SP079,INT079,interview,10,SP056,TEL056,intercept,10,0,-120.9655
SP079,INT079,interview,10,SP058,TEL058,intercept,10,0,-93.67615
SP079,INT079,interview,10,SP059,TEL059,intercept,10,0,-116.909
SP079,INT079,interview,10,SP060,TEL060,intercept,10,0,-84.02682
SP079,INT079,interview,10,SP062,TEL062,intercept,10,0,-112.9866
SP079,INT079,interview,10,SP063,TEL063,intercept,10,0,-127.1809
SP079,INT079,interview,10,SP064,TEL064,intercept,10,0,-127.6545
SP079,INT079,interview,10,SP065,TEL065,intercept,10,0,-127.719
SP079,INT079,interview,10,SP066,TEL066,intercept,10,0,-132.86
SP079,INT079,interview,10,SP067,TEL067,intercept,10,0,-130.5032
SP079,INT079,interview,10,SP068,TEL068,intercept,10,0,-117.2106
SP079,INT079,interview,10,SP069,TEL069,intercept,10,0,-122.8822
SP079,INT079,interview,10,SP071,TEL071,intercept,10,0,-111.7792
SP079,INT079,interview,10,SP072,TEL072,intercept,10,0,-116.6121
SP079,INT079,interview,10,SP073,TEL073,intercept,10,0,-148.2025
SP079,INT079,interview,10,SP074,TEL074,intercept,10,0,-118.3599
SP079,INT079,interview,10,SP075,TEL075,intercept,10,0,-135.4453
SP079,INT079,interview,10,SP076,TEL076,intercept,10,0,-189.3142
SP079,INT079,interview,10,SP077,TEL077,intercept,10,0,-114.9091
SP079,INT079,interview,10,SP078,TEL078,intercept,10,0,-127.1772
SP079,INT079,interview,10,SP079,TEL079,intercept,10,1,-37.78068
SP079,INT079,interview,10,SP080,TEL080,intercept,10,0,-78.18658
SP079,INT079,interview,10,SP081,TEL081,intercept,10,0,-103.4393
SP079,INT079,interview,10,SP084,TEL084,intercept,10,0,-63.85758
SP079,INT079,interview,10,SP085,TEL085,intercept,10,0,-112.9072
SP079,INT079,interview,10,SP086,TEL086,intercept,10,0,-147.2959
SP079,INT079,interview,10,SP087,TEL087,intercept,10,0,-93.74883
SP079,INT079,interview,10,SP088,TEL088,intercept,10,0,-90.83965
SP079,INT079,interview,10,SP090,TEL090,intercept,10,0,-118.0294
SP079,INT079,interview,10,SP093,TEL093,intercept,10,0,-128.1039
SP079,INT079,interview,10,SP094,TEL094,intercept,10,0,-116.0543
SP079,INT079,interview,10,SP095,TEL095,intercept,10,0,-110.6319
SP079,INT079,interview,10,SP096,TEL096,intercept,10,0,-150.5952
SP079,INT079,interview,10,SP097,TEL097,intercept,10,0,-60.87994
SP079,INT079,interview,10,SP099,TEL099,intercept,10,0,-116.7119
SP079,INT079,interview,10,SP100,TEL100,intercept,10,0,-178.7063
SP079,INT079,interview,10,SP102,TEL102,intercept,10,0,-126.0387
SP079,INT079,interview,10,SP103,TEL103,intercept,10,0,-68.8932
SP079,INT079,interview,10,SP105,TEL105,intercept,10,0,-158.9756
SP079,INT079,interview,10,SP106,TEL106,intercept,10,0,-130.3443
SP079,INT079,interview,10,SP107,TEL107,intercept,10,0,-82.88631
SP079,INT079,interview,10,SP108,TEL108,intercept,10,0,-61.28558
SP079,INT079,interview,10,SP111,TEL111,intercept,10,0,-94.39977
SP079,INT079,interview,10,SP112,TEL112,intercept,10,0,-105.6555
SP079,INT079,interview,10,SP113,TEL113,intercept,10,0,-160.8556
SP079,INT079,interview,10,SP114,TEL114,intercept,10,0,-87.93294
SP079,INT079,interview,10,SP115,TEL115,intercept,10,0,-92.73404
SP079,INT079,interview,10,SP118,TEL118,intercept,10,0,-100.6448
SP079,INT079,interview,10,SP120,TEL120,intercept,10,0,-145.0934
SP079,INT079,interview,10,SP121,TEL121,intercept,10,0,-160.2005
SP080,INT080,interview,10,SP001,TEL001,intercept,10,0,-106.6536
SP080,INT080,interview,10,SP002,TEL002,intercept,10,0,-150.3865
SP080,INT080,interview,10,SP003,TEL003,intercept,10,0,-95.48315
SP080,INT080,interview,10,SP004,TEL004,intercept,10,0,-79.81902
SP080,INT080,interview,10,SP008,TEL008,intercept,10,0,-96.64499
SP080,INT080,interview,10,SP010,TEL010,intercept,10,0,-94.22868
SP080,INT080,interview,10,SP011,TEL011,intercept,10,0,-104.8889
SP080,INT080,interview,10,SP012,TEL012,intercept,10,0,-107.1043
SP080,INT080,interview,10,SP013,TEL013,intercept,10,0,-72.985
SP080,INT080,interview,10,SP015,TEL015,intercept,10,0,-100.374
SP080,INT080,interview,10,SP016,TEL016,intercept,10,0,-109.1994
SP080,INT080,interview,10,SP017,TEL017,intercept,10,0,-137.0825
SP080,INT080,interview,10,SP018,TEL018,intercept,10,0,-111.1468
SP080,INT080,interview,10,SP019,TEL019,intercept,10,0,-126.6238
SP080,INT080,interview,10,SP020,TEL020,intercept,10,0,-137.031
SP080,INT080,interview,10,SP021,TEL021,intercept,10,0,-111.9957
SP080,INT080,interview,10,SP022,TEL022,intercept,10,0,-127.0472
SP080,INT080,interview,10,SP023,TEL023,intercept,10,0,-118.9435
SP080,INT080,interview,10,SP024,TEL024,intercept,10,0,-103.226
SP080,INT080,interview,10,SP025,TEL025,intercept,10,0,-100.7185
SP080,INT080,interview,10,SP026,TEL026,intercept,10,0,-113.5519
SP080,INT080,interview,10,SP027,TEL027,intercept,10,0,-113.7024
SP080,INT080,interview,10,SP028,TEL028,intercept,10,0,-127.0911
SP080,INT080,interview,10,SP029,TEL029,intercept,10,0,-113.6108
SP080,INT080,interview,10,SP030,TEL030,intercept,10,0,-134.5642
SP080,INT080,interview,10,SP031,TEL031,intercept,10,0,-147.4807
SP080,INT080,interview,10,SP032,TEL032,intercept,10,0,-73.62321
SP080,INT080,interview,10,SP033,TEL033,intercept,10,0,-105.3307
SP080,INT080,interview,10,SP034,TEL034,intercept,10,0,-105.8573
SP080,INT080,interview,10,SP035,TEL035,intercept,10,0,-97.42162
SP080,INT080,interview,10,SP036,TEL036,intercept,10,0,-86.49261
SP080,INT080,interview,10,SP037,TEL037,intercept,10,0,-125.7892
SP080,INT080,interview,10,SP038,TEL038,intercept,10,0,-89.43178
SP080,INT080,interview,10,SP039,TEL039,intercept,10,0,-113.7192
SP080,INT080,interview,10,SP040,TEL040,intercept,10,0,-109.8335
SP080,INT080,interview,10,SP042,TEL042,intercept,10,0,-86.69783
SP080,INT080,interview,10,SP043,TEL043,intercept,10,0,-101.1558
SP080,INT080,interview,10,SP044,TEL044,intercept,10,0,-133.2044
SP080,INT080,interview,10,SP045,TEL045,intercept,10,0,-109.5139
SP080,INT080,interview,10,SP046,TEL046,intercept,10,0,-97.21214
SP080,INT080,interview,10,SP047,TEL047,intercept,10,0,-146.2999
SP080,INT080,interview,10,SP048,TEL048,intercept,10,0,-72.48779
SP080,INT080,interview,10,SP049,TEL049,intercept,10,0,-141.8248
SP080,INT080,interview,10,SP050,TEL050,intercept,10,0,-125.915
SP080,INT080,interview,10,SP051,TEL051,intercept,10,0,-146.5529
SP080,INT080,interview,10,SP052,TEL052,intercept,10,0,-122.0052
SP080,INT080,interview,10,SP053,TEL053,intercept,10,0,-114.6588
SP080,INT080,interview,10,SP054,TEL054,intercept,10,0,-84.5918
SP080,INT080,interview,10,SP056,TEL056,intercept,10,0,-146.8497
SP080,INT080,interview,10,SP058,TEL058,intercept,10,0,-87.59827
SP080,INT080,interview,10,SP059,TEL059,intercept,10,0,-122.1774
SP080,INT080,interview,10,SP060,TEL060,intercept,10,0,-123.4556
SP080,INT080,interview,10,SP062,TEL062,intercept,10,0,-122.4039
SP080,INT080,interview,10,SP063,TEL063,intercept,10,0,-148.1781
SP080,INT080,interview,10,SP064,TEL064,intercept,10,0,-118.1677
SP080,INT080,interview,10,SP065,TEL065,intercept,10,0,-133.9354
SP080,INT080,interview,10,SP066,TEL066,intercept,10,0,-169.3464
SP080,INT080,interview,10,SP067,TEL067,intercept,10,0,-160.9104
SP080,INT080,interview,10,SP068,TEL068,intercept,10,0,-119.6672
SP080,INT080,interview,10,SP069,TEL069,intercept,10,0,-135.0781
SP080,INT080,interview,10,SP071,TEL071,intercept,10,0,-133.5734
SP080,INT080,interview,10,SP072,TEL072,intercept,10,0,-119.6504
SP080,INT080,interview,10,SP073,TEL073,intercept,10,0,-90.44539
SP080,INT080,interview,10,SP074,TEL074,intercept,10,0,-66.25312
SP080,INT080,interview,10,SP075,TEL075,intercept,10,0,-132.3465
SP080,INT080,interview,10,SP076,TEL076,intercept,10,0,-163.3751
SP080,INT080,interview,10,SP077,TEL077,intercept,10,0,-74.75117
SP080,INT080,interview,10,SP078,TEL078,intercept,10,0,-117.9552
SP080,INT080,interview,10,SP079,TEL079,intercept,10,0,-108.4864
SP080,INT080,interview,10,SP080,TEL080,intercept,10,1,-66.2608
SP080,INT080,interview,10,SP081,TEL081,intercept,10,0,-137.687
SP080,INT080,interview,10,SP084,TEL084,intercept,10,0,-99.09426
SP080,INT080,interview,10,SP085,TEL085,intercept,10,0,-104.4119
SP080,INT080,interview,10,SP086,TEL086,intercept,10,0,-126.0074
SP080,INT080,interview,10,SP087,TEL087,intercept,10,0,-123.8206
SP080,INT080,interview,10,SP088,TEL088,intercept,10,0,-63.30923
SP080,INT080,interview,10,SP090,TEL090,intercept,10,0,-100.6715
SP080,INT080,interview,10,SP093,TEL093,intercept,10,0,-107.7426
SP080,INT080,interview,10,SP094,TEL094,intercept,10,0,-79.51196
SP080,INT080,interview,10,SP095,TEL095,intercept,10,0,-86.2086
SP080,INT080,interview,10,SP096,TEL096,intercept,10,0,-112.8919
SP080,INT080,interview,10,SP097,TEL097,intercept,10,0,-127.7073
SP080,INT080,interview,10,SP099,TEL099,intercept,10,0,-131.2912
SP080,INT080,interview,10,SP100,TEL100,intercept,10,0,-124.9085
SP080,INT080,interview,10,SP102,TEL102,intercept,10,0,-117.2996
SP080,INT080,interview,10,SP103,TEL103,intercept,10,0,-100.6177
SP080,INT080,interview,10,SP105,TEL105,intercept,10,0,-120.8222
SP080,INT080,interview,10,SP106,TEL106,intercept,10,0,-108.4129
SP080,INT080,interview,10,SP107,TEL107,intercept,10,0,-86.86779
SP080,INT080,interview,10,SP108,TEL108,intercept,10,0,-136.0126
SP080,INT080,interview,10,SP111,TEL111,intercept,10,0,-103.7373
SP080,INT080,interview,10,SP112,TEL112,intercept,10,0,-65.9635
SP080,INT080,interview,10,SP113,TEL113,intercept,10,0,-133.6521
SP080,INT080,interview,10,SP114,TEL114,intercept,10,0,-94.04837
SP080,INT080,interview,10,SP115,TEL115,intercept,10,0,-91.58657
SP080,INT080,interview,10,SP118,TEL118,intercept,10,0,-137.3797
SP080,INT080,interview,10,SP120,TEL120,intercept,10,0,-162.6944
SP080,INT080,interview,10,SP121,TEL121,intercept,10,0,-157.3737
SP081,INT081,interview,10,SP001,TEL001,intercept,10,0,-94.6395
SP081,INT081,interview,10,SP002,TEL002,intercept,10,0,-59.9603
SP081,INT081,interview,10,SP003,TEL003,intercept,10,0,-104.5759
SP081,INT081,interview,10,SP004,TEL004,intercept,10,0,-92.30984
SP081,INT081,interview,10,SP008,TEL008,intercept,10,0,-122.2946
SP081,INT081,interview,10,SP010,TEL010,intercept,10,0,-70.41159
SP081,INT081,interview,10,SP011,TEL011,intercept,10,0,-66.29282
SP081,INT081,interview,10,SP012,TEL012,intercept,10,0,-106.7097
SP081,INT081,interview,10,SP013,TEL013,intercept,10,0,-86.08293
SP081,INT081,interview,10,SP015,TEL015,intercept,10,0,-46.37003
SP081,INT081,interview,10,SP016,TEL016,intercept,10,0,-69.01012
SP081,INT081,interview,10,SP017,TEL017,intercept,10,0,-80.47466
SP081,INT081,interview,10,SP018,TEL018,intercept,10,0,-95.79688
SP081,INT081,interview,10,SP019,TEL019,intercept,10,0,-53.83988
SP081,INT081,interview,10,SP020,TEL020,intercept,10,0,-157.8382
SP081,INT081,interview,10,SP021,TEL021,intercept,10,0,-116.1945
SP081,INT081,interview,10,SP022,TEL022,intercept,10,0,-99.87619
SP081,INT081,interview,10,SP023,TEL023,intercept,10,0,-114.9281
SP081,INT081,interview,10,SP024,TEL024,intercept,10,0,-83.59282
SP081,INT081,interview,10,SP025,TEL025,intercept,10,0,-57.53459
SP081,INT081,interview,10,SP026,TEL026,intercept,10,0,-93.89165
SP081,INT081,interview,10,SP027,TEL027,intercept,10,0,-136.0898
SP081,INT081,interview,10,SP028,TEL028,intercept,10,0,-68.68144
SP081,INT081,interview,10,SP029,TEL029,intercept,10,0,-61.15558
SP081,INT081,interview,10,SP030,TEL030,intercept,10,0,-67.76488
SP081,INT081,interview,10,SP031,TEL031,intercept,10,0,-75.41007
SP081,INT081,interview,10,SP032,TEL032,intercept,10,0,-92.8314
SP081,INT081,interview,10,SP033,TEL033,intercept,10,0,-58.89137
SP081,INT081,interview,10,SP034,TEL034,intercept,10,0,-68.62636
SP081,INT081,interview,10,SP035,TEL035,intercept,10,0,-54.17593
SP081,INT081,interview,10,SP036,TEL036,intercept,10,0,-58.00584
SP081,INT081,interview,10,SP037,TEL037,intercept,10,0,-84.71255
SP081,INT081,interview,10,SP038,TEL038,intercept,10,0,-126.4836
SP081,INT081,interview,10,SP039,TEL039,intercept,10,0,-82.7254
SP081,INT081,interview,10,SP040,TEL040,intercept,10,0,-89.71095
SP081,INT081,interview,10,SP042,TEL042,intercept,10,0,-33.28711
SP081,INT081,interview,10,SP043,TEL043,intercept,10,0,-94.78555
SP081,INT081,interview,10,SP044,TEL044,intercept,10,0,-92.75655
SP081,INT081,interview,10,SP045,TEL045,intercept,10,0,-83.98294
SP081,INT081,interview,10,SP046,TEL046,intercept,10,0,-95.8643
SP081,INT081,interview,10,SP047,TEL047,intercept,10,0,-62.99613
SP081,INT081,interview,10,SP048,TEL048,intercept,10,0,-64.84695
SP081,INT081,interview,10,SP049,TEL049,intercept,10,0,-108.8178
SP081,INT081,interview,10,SP050,TEL050,intercept,10,0,-88.87701
SP081,INT081,interview,10,SP051,TEL051,intercept,10,0,-81.8482
SP081,INT081,interview,10,SP052,TEL052,intercept,10,0,-35.68944
SP081,INT081,interview,10,SP053,TEL053,intercept,10,0,-93.87817
SP081,INT081,interview,10,SP054,TEL054,intercept,10,0,-110.4048
SP081,INT081,interview,10,SP056,TEL056,intercept,10,0,-79.05293
SP081,INT081,interview,10,SP058,TEL058,intercept,10,0,-90.05756
SP081,INT081,interview,10,SP059,TEL059,intercept,10,0,-104.3068
SP081,INT081,interview,10,SP060,TEL060,intercept,10,0,-45.907
SP081,INT081,interview,10,SP062,TEL062,intercept,10,0,-77.59209
SP081,INT081,interview,10,SP063,TEL063,intercept,10,0,-56.38266
SP081,INT081,interview,10,SP064,TEL064,intercept,10,0,-80.06866
SP081,INT081,interview,10,SP065,TEL065,intercept,10,0,-93.98928
SP081,INT081,interview,10,SP066,TEL066,intercept,10,0,-69.38608
SP081,INT081,interview,10,SP067,TEL067,intercept,10,0,-67.78775
SP081,INT081,interview,10,SP068,TEL068,intercept,10,0,-64.62666
SP081,INT081,interview,10,SP069,TEL069,intercept,10,0,-53.44575
SP081,INT081,interview,10,SP071,TEL071,intercept,10,0,-74.11498
SP081,INT081,interview,10,SP072,TEL072,intercept,10,0,-70.02707
SP081,INT081,interview,10,SP073,TEL073,intercept,10,0,-121.2344
SP081,INT081,interview,10,SP074,TEL074,intercept,10,0,-78.99345
SP081,INT081,interview,10,SP075,TEL075,intercept,10,0,-86.15777
SP081,INT081,interview,10,SP076,TEL076,intercept,10,0,-92.73823
SP081,INT081,interview,10,SP077,TEL077,intercept,10,0,-99.28088
SP081,INT081,interview,10,SP078,TEL078,intercept,10,0,-86.94763
SP081,INT081,interview,10,SP079,TEL079,intercept,10,0,-94.15745
SP081,INT081,interview,10,SP080,TEL080,intercept,10,0,-92.41518
SP081,INT081,interview,10,SP081,TEL081,intercept,10,1,-6.634893
SP081,INT081,interview,10,SP084,TEL084,intercept,10,0,-19.71581
SP081,INT081,interview,10,SP085,TEL085,intercept,10,0,-91.82032
SP081,INT081,interview,10,SP086,TEL086,intercept,10,0,-124.2308
SP081,INT081,interview,10,SP087,TEL087,intercept,10,0,-29.40785
SP081,INT081,interview,10,SP088,TEL088,intercept,10,0,-77.0728
SP081,INT081,interview,10,SP090,TEL090,intercept,10,0,-77.16592
SP081,INT081,interview,10,SP093,TEL093,intercept,10,0,-87.83241
SP081,INT081,interview,10,SP094,TEL094,intercept,10,0,-58.03312
SP081,INT081,interview,10,SP095,TEL095,intercept,10,0,-64.84525
SP081,INT081,interview,10,SP096,TEL096,intercept,10,0,-90.2462
SP081,INT081,interview,10,SP097,TEL097,intercept,10,0,-68.49193
SP081,INT081,interview,10,SP099,TEL099,intercept,10,0,-69.00362
SP081,INT081,interview,10,SP100,TEL100,intercept,10,0,-97.93208
SP081,INT081,interview,10,SP102,TEL102,intercept,10,0,-69.99603
SP081,INT081,interview,10,SP103,TEL103,intercept,10,0,-57.65955
SP081,INT081,interview,10,SP105,TEL105,intercept,10,0,-109.4453
SP081,INT081,interview,10,SP106,TEL106,intercept,10,0,-75.07502
SP081,INT081,interview,10,SP107,TEL107,intercept,10,0,-52.40902
SP081,INT081,interview,10,SP108,TEL108,intercept,10,0,-50.44526
SP081,INT081,interview,10,SP111,TEL111,intercept,10,0,-47.69639
SP081,INT081,interview,10,SP112,TEL112,intercept,10,0,-60.04857
SP081,INT081,interview,10,SP113,TEL113,intercept,10,0,-85.25988
SP081,INT081,interview,10,SP114,TEL114,intercept,10,0,-61.45743
SP081,INT081,interview,10,SP115,TEL115,intercept,10,0,-68.78868
SP081,INT081,interview,10,SP118,TEL118,intercept,10,0,-59.2807
SP081,INT081,interview,10,SP120,TEL120,intercept,10,0,-77.14053
SP081,INT081,interview,10,SP121,TEL121,intercept,10,0,-111.8325
SP084,INT084,interview,10,SP001,TEL001,intercept,10,0,-88.97131
SP084,INT084,interview,10,SP002,TEL002,intercept,10,0,-128.8298
SP084,INT084,interview,10,SP003,TEL003,intercept,10,0,-116.6285
SP084,INT084,interview,10,SP004,TEL004,intercept,10,0,-104.401
SP084,INT084,interview,10,SP008,TEL008,intercept,10,0,-71.45776
SP084,INT084,interview,10,SP010,TEL010,intercept,10,0,-102.329
SP084,INT084,interview,10,SP011,TEL011,intercept,10,0,-78.39656
SP084,INT084,interview,10,SP012,TEL012,intercept,10,0,-108.5352
SP084,INT084,interview,10,SP013,TEL013,intercept,10,0,-88.18854
SP084,INT084,interview,10,SP015,TEL015,intercept,10,0,-65.69215
SP084,INT084,interview,10,SP016,TEL016,intercept,10,0,-79.44855
SP084,INT084,interview,10,SP017,TEL017,intercept,10,0,-112.882
SP084,INT084,interview,10,SP018,TEL018,intercept,10,0,-93.02428
SP084,INT084,interview,10,SP019,TEL019,intercept,10,0,-91.21227
SP084,INT084,interview,10,SP020,TEL020,intercept,10,0,-146.1955
SP084,INT084,interview,10,SP021,TEL021,intercept,10,0,-68.17328
SP084,INT084,interview,10,SP022,TEL022,intercept,10,0,-139.2271
SP084,INT084,interview,10,SP023,TEL023,intercept,10,0,-96.11508
SP084,INT084,interview,10,SP024,TEL024,intercept,10,0,-67.14363
SP084,INT084,interview,10,SP025,TEL025,intercept,10,0,-71.80682
SP084,INT084,interview,10,SP026,TEL026,intercept,10,0,-94.39914
SP084,INT084,interview,10,SP027,TEL027,intercept,10,0,-94.66817
SP084,INT084,interview,10,SP028,TEL028,intercept,10,0,-68.68259
SP084,INT084,interview,10,SP029,TEL029,intercept,10,0,-84.44971
SP084,INT084,interview,10,SP030,TEL030,intercept,10,0,-122.5526
SP084,INT084,interview,10,SP031,TEL031,intercept,10,0,-114.011
SP084,INT084,interview,10,SP032,TEL032,intercept,10,0,-71.23097
SP084,INT084,interview,10,SP033,TEL033,intercept,10,0,-86.36183
SP084,INT084,interview,10,SP034,TEL034,intercept,10,0,-77.30529
SP084,INT084,interview,10,SP035,TEL035,intercept,10,0,-53.81649
SP084,INT084,interview,10,SP036,TEL036,intercept,10,0,-66.19164
SP084,INT084,interview,10,SP037,TEL037,intercept,10,0,-130.4368
SP084,INT084,interview,10,SP038,TEL038,intercept,10,0,-136.9581
SP084,INT084,interview,10,SP039,TEL039,intercept,10,0,-75.93535
SP084,INT084,interview,10,SP040,TEL040,intercept,10,0,-87.88516
SP084,INT084,interview,10,SP042,TEL042,intercept,10,0,-64.96178
SP084,INT084,interview,10,SP043,TEL043,intercept,10,0,-116.2609
SP084,INT084,interview,10,SP044,TEL044,intercept,10,0,-89.8451
SP084,INT084,interview,10,SP045,TEL045,intercept,10,0,-88.40767
SP084,INT084,interview,10,SP046,TEL046,intercept,10,0,-105.7561
SP084,INT084,interview,10,SP047,TEL047,intercept,10,0,-120.0345
SP084,INT084,interview,10,SP048,TEL048,intercept,10,0,-89.12158
SP084,INT084,interview,10,SP049,TEL049,intercept,10,0,-96.82044
SP084,INT084,interview,10,SP050,TEL050,intercept,10,0,-78.62618
SP084,INT084,interview,10,SP051,TEL051,intercept,10,0,-114.6857
SP084,INT084,interview,10,SP052,TEL052,intercept,10,0,-105.9916
SP084,INT084,interview,10,SP053,TEL053,intercept,10,0,-70.37348
SP084,INT084,interview,10,SP054,TEL054,intercept,10,0,-68.9652
SP084,INT084,interview,10,SP056,TEL056,intercept,10,0,-110.9229
SP084,INT084,interview,10,SP058,TEL058,intercept,10,0,-96.02225
SP084,INT084,interview,10,SP059,TEL059,intercept,10,0,-96.59657
SP084,INT084,interview,10,SP060,TEL060,intercept,10,0,-74.76539
SP084,INT084,interview,10,SP062,TEL062,intercept,10,0,-79.62099
SP084,INT084,interview,10,SP063,TEL063,intercept,10,0,-92.76227
SP084,INT084,interview,10,SP064,TEL064,intercept,10,0,-138.3966
SP084,INT084,interview,10,SP065,TEL065,intercept,10,0,-74.74495
SP084,INT084,interview,10,SP066,TEL066,intercept,10,0,-105.2669
SP084,INT084,interview,10,SP067,TEL067,intercept,10,0,-124.5778
SP084,INT084,interview,10,SP068,TEL068,intercept,10,0,-103.2438
SP084,INT084,interview,10,SP069,TEL069,intercept,10,0,-100.8413
SP084,INT084,interview,10,SP071,TEL071,intercept,10,0,-102.9921
SP084,INT084,interview,10,SP072,TEL072,intercept,10,0,-77.84177
SP084,INT084,interview,10,SP073,TEL073,intercept,10,0,-103.3123
SP084,INT084,interview,10,SP074,TEL074,intercept,10,0,-93.46423
SP084,INT084,interview,10,SP075,TEL075,intercept,10,0,-102.823
SP084,INT084,interview,10,SP076,TEL076,intercept,10,0,-131.6884
SP084,INT084,interview,10,SP077,TEL077,intercept,10,0,-96.94199
SP084,INT084,interview,10,SP078,TEL078,intercept,10,0,-104.1421
SP084,INT084,interview,10,SP079,TEL079,intercept,10,0,-76.79307
SP084,INT084,interview,10,SP080,TEL080,intercept,10,0,-60.46467
SP084,INT084,interview,10,SP081,TEL081,intercept,10,0,-78.99477
SP084,INT084,interview,10,SP084,TEL084,intercept,10,1,-46.67736
SP084,INT084,interview,10,SP085,TEL085,intercept,10,0,-103.5991
SP084,INT084,interview,10,SP086,TEL086,intercept,10,0,-119.3417
SP084,INT084,interview,10,SP087,TEL087,intercept,10,0,-90.22335
SP084,INT084,interview,10,SP088,TEL088,intercept,10,0,-73.16512
SP084,INT084,interview,10,SP090,TEL090,intercept,10,0,-65.19051
SP084,INT084,interview,10,SP093,TEL093,intercept,10,0,-102.2395
SP084,INT084,interview,10,SP094,TEL094,intercept,10,0,-97.26511
SP084,INT084,interview,10,SP095,TEL095,intercept,10,0,-72.48277
SP084,INT084,interview,10,SP096,TEL096,intercept,10,0,-142.2571
SP084,INT084,interview,10,SP097,TEL097,intercept,10,0,-85.75926
SP084,INT084,interview,10,SP099,TEL099,intercept,10,0,-104.5831
SP084,INT084,interview,10,SP100,TEL100,intercept,10,0,-95.67138
SP084,INT084,interview,10,SP102,TEL102,intercept,10,0,-109.1563
SP084,INT084,interview,10,SP103,TEL103,intercept,10,0,-101.7786
SP084,INT084,interview,10,SP105,TEL105,intercept,10,0,-90.71613
SP084,INT084,interview,10,SP106,TEL106,intercept,10,0,-81.05937
SP084,INT084,interview,10,SP107,TEL107,intercept,10,0,-75.40173
SP084,INT084,interview,10,SP108,TEL108,intercept,10,0,-72.86087
SP084,INT084,interview,10,SP111,TEL111,intercept,10,0,-80.39623
SP084,INT084,interview,10,SP112,TEL112,intercept,10,0,-82.60417
SP084,INT084,interview,10,SP113,TEL113,intercept,10,0,-138.4493
SP084,INT084,interview,10,SP114,TEL114,intercept,10,0,-68.70879
SP084,INT084,interview,10,SP115,TEL115,intercept,10,0,-84.03187
SP084,INT084,interview,10,SP118,TEL118,intercept,10,0,-119.769
SP084,INT084,interview,10,SP120,TEL120,intercept,10,0,-125.4584
SP084,INT084,interview,10,SP121,TEL121,intercept,10,0,-83.50753
SP085,INT085,interview,10,SP001,TEL001,intercept,10,0,-106.2785
SP085,INT085,interview,10,SP002,TEL002,intercept,10,0,-117.3566
SP085,INT085,interview,10,SP003,TEL003,intercept,10,0,-128.6955
SP085,INT085,interview,10,SP004,TEL004,intercept,10,0,-127.5539
SP085,INT085,interview,10,SP008,TEL008,intercept,10,0,-121.2936
SP085,INT085,interview,10,SP010,TEL010,intercept,10,0,-72.18991
SP085,INT085,interview,10,SP011,TEL011,intercept,10,0,-101.146
SP085,INT085,interview,10,SP012,TEL012,intercept,10,0,-106.5249
SP085,INT085,interview,10,SP013,TEL013,intercept,10,0,-85.68861
SP085,INT085,interview,10,SP015,TEL015,intercept,10,0,-96.87942
SP085,INT085,interview,10,SP016,TEL016,intercept,10,0,-103.4571
SP085,INT085,interview,10,SP017,TEL017,intercept,10,0,-114.7015
SP085,INT085,interview,10,SP018,TEL018,intercept,10,0,-116.447
SP085,INT085,interview,10,SP019,TEL019,intercept,10,0,-138.6747
SP085,INT085,interview,10,SP020,TEL020,intercept,10,0,-108.0765
SP085,INT085,interview,10,SP021,TEL021,intercept,10,0,-132.6573
SP085,INT085,interview,10,SP022,TEL022,intercept,10,0,-109.0682
SP085,INT085,interview,10,SP023,TEL023,intercept,10,0,-117.9487
SP085,INT085,interview,10,SP024,TEL024,intercept,10,0,-98.87923
SP085,INT085,interview,10,SP025,TEL025,intercept,10,0,-89.66943
SP085,INT085,interview,10,SP026,TEL026,intercept,10,0,-136.7868
SP085,INT085,interview,10,SP027,TEL027,intercept,10,0,-157.5038
SP085,INT085,interview,10,SP028,TEL028,intercept,10,0,-119.6022
SP085,INT085,interview,10,SP029,TEL029,intercept,10,0,-120.0543
SP085,INT085,interview,10,SP030,TEL030,intercept,10,0,-128.968
SP085,INT085,interview,10,SP031,TEL031,intercept,10,0,-115.1602
SP085,INT085,interview,10,SP032,TEL032,intercept,10,0,-119.1251
SP085,INT085,interview,10,SP033,TEL033,intercept,10,0,-89.57611
SP085,INT085,interview,10,SP034,TEL034,intercept,10,0,-87.49899
SP085,INT085,interview,10,SP035,TEL035,intercept,10,0,-72.09892
SP085,INT085,interview,10,SP036,TEL036,intercept,10,0,-98.90401
SP085,INT085,interview,10,SP037,TEL037,intercept,10,0,-133.1233
SP085,INT085,interview,10,SP038,TEL038,intercept,10,0,-121.6402
SP085,INT085,interview,10,SP039,TEL039,intercept,10,0,-149.3424
SP085,INT085,interview,10,SP040,TEL040,intercept,10,0,-113.4954
SP085,INT085,interview,10,SP042,TEL042,intercept,10,0,-77.90433
SP085,INT085,interview,10,SP043,TEL043,intercept,10,0,-126.624
SP085,INT085,interview,10,SP044,TEL044,intercept,10,0,-138.3706
SP085,INT085,interview,10,SP045,TEL045,intercept,10,0,-117.1535
SP085,INT085,interview,10,SP046,TEL046,intercept,10,0,-120.4545
SP085,INT085,interview,10,SP047,TEL047,intercept,10,0,-118.4867
SP085,INT085,interview,10,SP048,TEL048,intercept,10,0,-116.4944
SP085,INT085,interview,10,SP049,TEL049,intercept,10,0,-101.3309
SP085,INT085,interview,10,SP050,TEL050,intercept,10,0,-107.1764
SP085,INT085,interview,10,SP051,TEL051,intercept,10,0,-109.3032
SP085,INT085,interview,10,SP052,TEL052,intercept,10,0,-106.4557
SP085,INT085,interview,10,SP053,TEL053,intercept,10,0,-94.31586
SP085,INT085,interview,10,SP054,TEL054,intercept,10,0,-109.2159
SP085,INT085,interview,10,SP056,TEL056,intercept,10,0,-136.7619
SP085,INT085,interview,10,SP058,TEL058,intercept,10,0,-57.74414
SP085,INT085,interview,10,SP059,TEL059,intercept,10,0,-125.7482
SP085,INT085,interview,10,SP060,TEL060,intercept,10,0,-98.84708
SP085,INT085,interview,10,SP062,TEL062,intercept,10,0,-103.9137
SP085,INT085,interview,10,SP063,TEL063,intercept,10,0,-96.57149
SP085,INT085,interview,10,SP064,TEL064,intercept,10,0,-132.7912
SP085,INT085,interview,10,SP065,TEL065,intercept,10,0,-152.7648
SP085,INT085,interview,10,SP066,TEL066,intercept,10,0,-128.587
SP085,INT085,interview,10,SP067,TEL067,intercept,10,0,-145.3613
SP085,INT085,interview,10,SP068,TEL068,intercept,10,0,-96.0787
SP085,INT085,interview,10,SP069,TEL069,intercept,10,0,-134.6669
SP085,INT085,interview,10,SP071,TEL071,intercept,10,0,-120.2397
SP085,INT085,interview,10,SP072,TEL072,intercept,10,0,-126.7702
SP085,INT085,interview,10,SP073,TEL073,intercept,10,0,-118.9896
SP085,INT085,interview,10,SP074,TEL074,intercept,10,0,-114.4641
SP085,INT085,interview,10,SP075,TEL075,intercept,10,0,-104.3264
SP085,INT085,interview,10,SP076,TEL076,intercept,10,0,-164.5939
SP085,INT085,interview,10,SP077,TEL077,intercept,10,0,-94.41433
SP085,INT085,interview,10,SP078,TEL078,intercept,10,0,-93.25983
SP085,INT085,interview,10,SP079,TEL079,intercept,10,0,-65.51662
SP085,INT085,interview,10,SP080,TEL080,intercept,10,0,-69.93317
SP085,INT085,interview,10,SP081,TEL081,intercept,10,0,-153.5651
SP085,INT085,interview,10,SP084,TEL084,intercept,10,0,-74.66778
SP085,INT085,interview,10,SP085,TEL085,intercept,10,1,-77.68006
SP085,INT085,interview,10,SP086,TEL086,intercept,10,0,-151.6348
SP085,INT085,interview,10,SP087,TEL087,intercept,10,0,-124.6917
SP085,INT085,interview,10,SP088,TEL088,intercept,10,0,-72.76057
SP085,INT085,interview,10,SP090,TEL090,intercept,10,0,-97.17393
SP085,INT085,interview,10,SP093,TEL093,intercept,10,0,-113.9886
SP085,INT085,interview,10,SP094,TEL094,intercept,10,0,-92.37711
SP085,INT085,interview,10,SP095,TEL095,intercept,10,0,-110.9688
SP085,INT085,interview,10,SP096,TEL096,intercept,10,0,-106.6797
SP085,INT085,interview,10,SP097,TEL097,intercept,10,0,-91.24709
SP085,INT085,interview,10,SP099,TEL099,intercept,10,0,-115.4157
SP085,INT085,interview,10,SP100,TEL100,intercept,10,0,-137.007
SP085,INT085,interview,10,SP102,TEL102,intercept,10,0,-113.27
SP085,INT085,interview,10,SP103,TEL103,intercept,10,0,-130.5569
SP085,INT085,interview,10,SP105,TEL105,intercept,10,0,-132.097
SP085,INT085,interview,10,SP106,TEL106,intercept,10,0,-110.5615
SP085,INT085,interview,10,SP107,TEL107,intercept,10,0,-88.1469
SP085,INT085,interview,10,SP108,TEL108,intercept,10,0,-94.4086
SP085,INT085,interview,10,SP111,TEL111,intercept,10,0,-92.53032
SP085,INT085,interview,10,SP112,TEL112,intercept,10,0,-76.49055
SP085,INT085,interview,10,SP113,TEL113,intercept,10,0,-184.7512
SP085,INT085,interview,10,SP114,TEL114,intercept,10,0,-121.7933
SP085,INT085,interview,10,SP115,TEL115,intercept,10,0,-91.1433
SP085,INT085,interview,10,SP118,TEL118,intercept,10,0,-106.8661
SP085,INT085,interview,10,SP120,TEL120,intercept,10,0,-156.0311
SP085,INT085,interview,10,SP121,TEL121,intercept,10,0,-144.5715
SP086,INT086,interview,10,SP001,TEL001,intercept,10,0,-106.9442
SP086,INT086,interview,10,SP002,TEL002,intercept,10,0,-131.9236
SP086,INT086,interview,10,SP003,TEL003,intercept,10,0,-94.8409
SP086,INT086,interview,10,SP004,TEL004,intercept,10,0,-116.6742
SP086,INT086,interview,10,SP008,TEL008,intercept,10,0,-94.27476
SP086,INT086,interview,10,SP010,TEL010,intercept,10,0,-103.9929
SP086,INT086,interview,10,SP011,TEL011,intercept,10,0,-74.31632
SP086,INT086,interview,10,SP012,TEL012,intercept,10,0,-112.9422
SP086,INT086,interview,10,SP013,TEL013,intercept,10,0,-70.90563
SP086,INT086,interview,10,SP015,TEL015,intercept,10,0,-124.8542
SP086,INT086,interview,10,SP016,TEL016,intercept,10,0,-88.94404
SP086,INT086,interview,10,SP017,TEL017,intercept,10,0,-104.0137
SP086,INT086,interview,10,SP018,TEL018,intercept,10,0,-90.91983
SP086,INT086,interview,10,SP019,TEL019,intercept,10,0,-93.13479
SP086,INT086,interview,10,SP020,TEL020,intercept,10,0,-141.1646
SP086,INT086,interview,10,SP021,TEL021,intercept,10,0,-64.56565
SP086,INT086,interview,10,SP022,TEL022,intercept,10,0,-103.9262
SP086,INT086,interview,10,SP023,TEL023,intercept,10,0,-110.5678
SP086,INT086,interview,10,SP024,TEL024,intercept,10,0,-125.8312
SP086,INT086,interview,10,SP025,TEL025,intercept,10,0,-90.51083
SP086,INT086,interview,10,SP026,TEL026,intercept,10,0,-92.071
SP086,INT086,interview,10,SP027,TEL027,intercept,10,0,-90.92863
SP086,INT086,interview,10,SP028,TEL028,intercept,10,0,-118.3697
SP086,INT086,interview,10,SP029,TEL029,intercept,10,0,-100.6998
SP086,INT086,interview,10,SP030,TEL030,intercept,10,0,-119.8534
SP086,INT086,interview,10,SP031,TEL031,intercept,10,0,-169.3363
SP086,INT086,interview,10,SP032,TEL032,intercept,10,0,-101.7079
SP086,INT086,interview,10,SP033,TEL033,intercept,10,0,-98.3177
SP086,INT086,interview,10,SP034,TEL034,intercept,10,0,-121.5997
SP086,INT086,interview,10,SP035,TEL035,intercept,10,0,-100.1675
SP086,INT086,interview,10,SP036,TEL036,intercept,10,0,-107.1581
SP086,INT086,interview,10,SP037,TEL037,intercept,10,0,-123.2934
SP086,INT086,interview,10,SP038,TEL038,intercept,10,0,-99.52538
SP086,INT086,interview,10,SP039,TEL039,intercept,10,0,-97.07775
SP086,INT086,interview,10,SP040,TEL040,intercept,10,0,-70.53094
SP086,INT086,interview,10,SP042,TEL042,intercept,10,0,-94.21106
SP086,INT086,interview,10,SP043,TEL043,intercept,10,0,-123.0425
SP086,INT086,interview,10,SP044,TEL044,intercept,10,0,-69.17029
SP086,INT086,interview,10,SP045,TEL045,intercept,10,0,-80.00952
SP086,INT086,interview,10,SP046,TEL046,intercept,10,0,-100.6684
SP086,INT086,interview,10,SP047,TEL047,intercept,10,0,-110.4629
SP086,INT086,interview,10,SP048,TEL048,intercept,10,0,-73.61824
SP086,INT086,interview,10,SP049,TEL049,intercept,10,0,-123.0805
SP086,INT086,interview,10,SP050,TEL050,intercept,10,0,-108.5415
SP086,INT086,interview,10,SP051,TEL051,intercept,10,0,-106.6147
SP086,INT086,interview,10,SP052,TEL052,intercept,10,0,-138.8946
SP086,INT086,interview,10,SP053,TEL053,intercept,10,0,-97.70802
SP086,INT086,interview,10,SP054,TEL054,intercept,10,0,-95.04058
SP086,INT086,interview,10,SP056,TEL056,intercept,10,0,-110.4987
SP086,INT086,interview,10,SP058,TEL058,intercept,10,0,-86.03539
SP086,INT086,interview,10,SP059,TEL059,intercept,10,0,-68.41972
SP086,INT086,interview,10,SP060,TEL060,intercept,10,0,-98.36855
SP086,INT086,interview,10,SP062,TEL062,intercept,10,0,-100.1471
SP086,INT086,interview,10,SP063,TEL063,intercept,10,0,-109.1171
SP086,INT086,interview,10,SP064,TEL064,intercept,10,0,-129.7268
SP086,INT086,interview,10,SP065,TEL065,intercept,10,0,-90.21928
SP086,INT086,interview,10,SP066,TEL066,intercept,10,0,-145.1056
SP086,INT086,interview,10,SP067,TEL067,intercept,10,0,-94.90738
SP086,INT086,interview,10,SP068,TEL068,intercept,10,0,-114.9133
SP086,INT086,interview,10,SP069,TEL069,intercept,10,0,-123.3405
SP086,INT086,interview,10,SP071,TEL071,intercept,10,0,-82.04833
SP086,INT086,interview,10,SP072,TEL072,intercept,10,0,-95.75846
SP086,INT086,interview,10,SP073,TEL073,intercept,10,0,-130.8257
SP086,INT086,interview,10,SP074,TEL074,intercept,10,0,-88.22057
SP086,INT086,interview,10,SP075,TEL075,intercept,10,0,-96.72665
SP086,INT086,interview,10,SP076,TEL076,intercept,10,0,-142.1639
SP086,INT086,interview,10,SP077,TEL077,intercept,10,0,-63.00153
SP086,INT086,interview,10,SP078,TEL078,intercept,10,0,-98.33204
SP086,INT086,interview,10,SP079,TEL079,intercept,10,0,-105.5301
SP086,INT086,interview,10,SP080,TEL080,intercept,10,0,-68.56043
SP086,INT086,interview,10,SP081,TEL081,intercept,10,0,-122.6119
SP086,INT086,interview,10,SP084,TEL084,intercept,10,0,-73.39697
SP086,INT086,interview,10,SP085,TEL085,intercept,10,0,-107.8765
SP086,INT086,interview,10,SP086,TEL086,intercept,10,1,-20.82946
SP086,INT086,interview,10,SP087,TEL087,intercept,10,0,-114.1986
SP086,INT086,interview,10,SP088,TEL088,intercept,10,0,-62.72741
SP086,INT086,interview,10,SP090,TEL090,intercept,10,0,-88.9802
SP086,INT086,interview,10,SP093,TEL093,intercept,10,0,-128.1754
SP086,INT086,interview,10,SP094,TEL094,intercept,10,0,-107.5211
SP086,INT086,interview,10,SP095,TEL095,intercept,10,0,-89.3109
SP086,INT086,interview,10,SP096,TEL096,intercept,10,0,-99.67435
SP086,INT086,interview,10,SP097,TEL097,intercept,10,0,-99.69242
SP086,INT086,interview,10,SP099,TEL099,intercept,10,0,-110.498
SP086,INT086,interview,10,SP100,TEL100,intercept,10,0,-122.017
SP086,INT086,interview,10,SP102,TEL102,intercept,10,0,-122.5288
SP086,INT086,interview,10,SP103,TEL103,intercept,10,0,-117.7661
SP086,INT086,interview,10,SP105,TEL105,intercept,10,0,-83.67717
SP086,INT086,interview,10,SP106,TEL106,intercept,10,0,-102.0112
SP086,INT086,interview,10,SP107,TEL107,intercept,10,0,-84.00903
SP086,INT086,interview,10,SP108,TEL108,intercept,10,0,-95.6636
SP086,INT086,interview,10,SP111,TEL111,intercept,10,0,-116.5499
SP086,INT086,interview,10,SP112,TEL112,intercept,10,0,-62.43015
SP086,INT086,interview,10,SP113,TEL113,intercept,10,0,-150.4103
SP086,INT086,interview,10,SP114,TEL114,intercept,10,0,-46.4087
SP086,INT086,interview,10,SP115,TEL115,intercept,10,0,-85.41268
SP086,INT086,interview,10,SP118,TEL118,intercept,10,0,-147.4933
SP086,INT086,interview,10,SP120,TEL120,intercept,10,0,-139.1135
SP086,INT086,interview,10,SP121,TEL121,intercept,10,0,-101.0294
SP087,INT087,interview,10,SP001,TEL001,intercept,10,0,-80.7467
SP087,INT087,interview,10,SP002,TEL002,intercept,10,0,-108.8186
SP087,INT087,interview,10,SP003,TEL003,intercept,10,0,-125.7558
SP087,INT087,interview,10,SP004,TEL004,intercept,10,0,-81.60107
SP087,INT087,interview,10,SP008,TEL008,intercept,10,0,-135.4222
SP087,INT087,interview,10,SP010,TEL010,intercept,10,0,-107.1773
SP087,INT087,interview,10,SP011,TEL011,intercept,10,0,-120.4517
SP087,INT087,interview,10,SP012,TEL012,intercept,10,0,-113.3665
SP087,INT087,interview,10,SP013,TEL013,intercept,10,0,-99.68262
SP087,INT087,interview,10,SP015,TEL015,intercept,10,0,-68.74843
SP087,INT087,interview,10,SP016,TEL016,intercept,10,0,-77.9926
SP087,INT087,interview,10,SP017,TEL017,intercept,10,0,-88.48891
SP087,INT087,interview,10,SP018,TEL018,intercept,10,0,-115.1657
SP087,INT087,interview,10,SP019,TEL019,intercept,10,0,-90.55608
SP087,INT087,interview,10,SP020,TEL020,intercept,10,0,-152.7766
SP087,INT087,interview,10,SP021,TEL021,intercept,10,0,-132.5901
SP087,INT087,interview,10,SP022,TEL022,intercept,10,0,-119.5298
SP087,INT087,interview,10,SP023,TEL023,intercept,10,0,-106.1993
SP087,INT087,interview,10,SP024,TEL024,intercept,10,0,-112.8259
SP087,INT087,interview,10,SP025,TEL025,intercept,10,0,-81.20047
SP087,INT087,interview,10,SP026,TEL026,intercept,10,0,-106.6894
SP087,INT087,interview,10,SP027,TEL027,intercept,10,0,-154.3553
SP087,INT087,interview,10,SP028,TEL028,intercept,10,0,-100.3978
SP087,INT087,interview,10,SP029,TEL029,intercept,10,0,-126.4521
SP087,INT087,interview,10,SP030,TEL030,intercept,10,0,-76.66622
SP087,INT087,interview,10,SP031,TEL031,intercept,10,0,-88.94372
SP087,INT087,interview,10,SP032,TEL032,intercept,10,0,-89.39605
SP087,INT087,interview,10,SP033,TEL033,intercept,10,0,-69.8144
SP087,INT087,interview,10,SP034,TEL034,intercept,10,0,-66.17442
SP087,INT087,interview,10,SP035,TEL035,intercept,10,0,-86.05634
SP087,INT087,interview,10,SP036,TEL036,intercept,10,0,-65.18407
SP087,INT087,interview,10,SP037,TEL037,intercept,10,0,-114.6441
SP087,INT087,interview,10,SP038,TEL038,intercept,10,0,-164.4282
SP087,INT087,interview,10,SP039,TEL039,intercept,10,0,-95.97826
SP087,INT087,interview,10,SP040,TEL040,intercept,10,0,-102.3837
SP087,INT087,interview,10,SP042,TEL042,intercept,10,0,-54.0866
SP087,INT087,interview,10,SP043,TEL043,intercept,10,0,-118.8593
SP087,INT087,interview,10,SP044,TEL044,intercept,10,0,-106.5332
SP087,INT087,interview,10,SP045,TEL045,intercept,10,0,-131.9684
SP087,INT087,interview,10,SP046,TEL046,intercept,10,0,-89.25966
SP087,INT087,interview,10,SP047,TEL047,intercept,10,0,-87.91335
SP087,INT087,interview,10,SP048,TEL048,intercept,10,0,-78.91321
SP087,INT087,interview,10,SP049,TEL049,intercept,10,0,-114.4041
SP087,INT087,interview,10,SP050,TEL050,intercept,10,0,-80.42455
SP087,INT087,interview,10,SP051,TEL051,intercept,10,0,-116.5952
SP087,INT087,interview,10,SP052,TEL052,intercept,10,0,-83.2108
SP087,INT087,interview,10,SP053,TEL053,intercept,10,0,-88.22401
SP087,INT087,interview,10,SP054,TEL054,intercept,10,0,-93.03741
SP087,INT087,interview,10,SP056,TEL056,intercept,10,0,-132.8977
SP087,INT087,interview,10,SP058,TEL058,intercept,10,0,-78.68374
SP087,INT087,interview,10,SP059,TEL059,intercept,10,0,-143.5554
SP087,INT087,interview,10,SP060,TEL060,intercept,10,0,-78.01731
SP087,INT087,interview,10,SP062,TEL062,intercept,10,0,-94.71472
SP087,INT087,interview,10,SP063,TEL063,intercept,10,0,-88.90288
SP087,INT087,interview,10,SP064,TEL064,intercept,10,0,-107.8274
SP087,INT087,interview,10,SP065,TEL065,intercept,10,0,-88.43513
SP087,INT087,interview,10,SP066,TEL066,intercept,10,0,-115.7031
SP087,INT087,interview,10,SP067,TEL067,intercept,10,0,-105.9411
SP087,INT087,interview,10,SP068,TEL068,intercept,10,0,-120.2422
SP087,INT087,interview,10,SP069,TEL069,intercept,10,0,-90.41976
SP087,INT087,interview,10,SP071,TEL071,intercept,10,0,-130.7202
SP087,INT087,interview,10,SP072,TEL072,intercept,10,0,-92.85635
SP087,INT087,interview,10,SP073,TEL073,intercept,10,0,-117.2545
SP087,INT087,interview,10,SP074,TEL074,intercept,10,0,-72.81284
SP087,INT087,interview,10,SP075,TEL075,intercept,10,0,-104.4869
SP087,INT087,interview,10,SP076,TEL076,intercept,10,0,-140.1335
SP087,INT087,interview,10,SP077,TEL077,intercept,10,0,-93.65386
SP087,INT087,interview,10,SP078,TEL078,intercept,10,0,-127.9627
SP087,INT087,interview,10,SP079,TEL079,intercept,10,0,-102.5614
SP087,INT087,interview,10,SP080,TEL080,intercept,10,0,-91.24028
SP087,INT087,interview,10,SP081,TEL081,intercept,10,0,-86.85458
SP087,INT087,interview,10,SP084,TEL084,intercept,10,0,-45.91678
SP087,INT087,interview,10,SP085,TEL085,intercept,10,0,-115.7429
SP087,INT087,interview,10,SP086,TEL086,intercept,10,0,-137.78
SP087,INT087,interview,10,SP087,TEL087,intercept,10,1,-67.05012
SP087,INT087,interview,10,SP088,TEL088,intercept,10,0,-85.75573
SP087,INT087,interview,10,SP090,TEL090,intercept,10,0,-102.5068
SP087,INT087,interview,10,SP093,TEL093,intercept,10,0,-125.9115
SP087,INT087,interview,10,SP094,TEL094,intercept,10,0,-78.10624
SP087,INT087,interview,10,SP095,TEL095,intercept,10,0,-77.38692
SP087,INT087,interview,10,SP096,TEL096,intercept,10,0,-96.39657
SP087,INT087,interview,10,SP097,TEL097,intercept,10,0,-107.5963
SP087,INT087,interview,10,SP099,TEL099,intercept,10,0,-133.9097
SP087,INT087,interview,10,SP100,TEL100,intercept,10,0,-110.2543
SP087,INT087,interview,10,SP102,TEL102,intercept,10,0,-83.84784
SP087,INT087,interview,10,SP103,TEL103,intercept,10,0,-93.87527
SP087,INT087,interview,10,SP105,TEL105,intercept,10,0,-132.5728
SP087,INT087,interview,10,SP106,TEL106,intercept,10,0,-132.3549
SP087,INT087,interview,10,SP107,TEL107,intercept,10,0,-72.30109
SP087,INT087,interview,10,SP108,TEL108,intercept,10,0,-65.6955
SP087,INT087,interview,10,SP111,TEL111,intercept,10,0,-38.56151
SP087,INT087,interview,10,SP112,TEL112,intercept,10,0,-84.49051
SP087,INT087,interview,10,SP113,TEL113,intercept,10,0,-106.8441
SP087,INT087,interview,10,SP114,TEL114,intercept,10,0,-104.3006
SP087,INT087,interview,10,SP115,TEL115,intercept,10,0,-94.32557
SP087,INT087,interview,10,SP118,TEL118,intercept,10,0,-106.1972
SP087,INT087,interview,10,SP120,TEL120,intercept,10,0,-129.7257
SP087,INT087,interview,10,SP121,TEL121,intercept,10,0,-118.6803
SP088,INT088,interview,10,SP001,TEL001,intercept,10,0,-103.2825
SP088,INT088,interview,10,SP002,TEL002,intercept,10,0,-190.2386
SP088,INT088,interview,10,SP003,TEL003,intercept,10,0,-119.8417
SP088,INT088,interview,10,SP004,TEL004,intercept,10,0,-60.39494
SP088,INT088,interview,10,SP008,TEL008,intercept,10,0,-93.09062
SP088,INT088,interview,10,SP010,TEL010,intercept,10,0,-91.58346
SP088,INT088,interview,10,SP011,TEL011,intercept,10,0,-88.06609
SP088,INT088,interview,10,SP012,TEL012,intercept,10,0,-139.3027
SP088,INT088,interview,10,SP013,TEL013,intercept,10,0,-121.9651
SP088,INT088,interview,10,SP015,TEL015,intercept,10,0,-96.34421
SP088,INT088,interview,10,SP016,TEL016,intercept,10,0,-134.5262
SP088,INT088,interview,10,SP017,TEL017,intercept,10,0,-89.31126
SP088,INT088,interview,10,SP018,TEL018,intercept,10,0,-92.95004
SP088,INT088,interview,10,SP019,TEL019,intercept,10,0,-156.3468
SP088,INT088,interview,10,SP020,TEL020,intercept,10,0,-165.2365
SP088,INT088,interview,10,SP021,TEL021,intercept,10,0,-87.4313
SP088,INT088,interview,10,SP022,TEL022,intercept,10,0,-134.5102
SP088,INT088,interview,10,SP023,TEL023,intercept,10,0,-99.96302
SP088,INT088,interview,10,SP024,TEL024,intercept,10,0,-108.61
SP088,INT088,interview,10,SP025,TEL025,intercept,10,0,-114.8754
SP088,INT088,interview,10,SP026,TEL026,intercept,10,0,-116.0471
SP088,INT088,interview,10,SP027,TEL027,intercept,10,0,-85.05866
SP088,INT088,interview,10,SP028,TEL028,intercept,10,0,-140.7402
SP088,INT088,interview,10,SP029,TEL029,intercept,10,0,-123.6059
SP088,INT088,interview,10,SP030,TEL030,intercept,10,0,-149.3734
SP088,INT088,interview,10,SP031,TEL031,intercept,10,0,-135.9248
SP088,INT088,interview,10,SP032,TEL032,intercept,10,0,-81.32742
SP088,INT088,interview,10,SP033,TEL033,intercept,10,0,-148.0895
SP088,INT088,interview,10,SP034,TEL034,intercept,10,0,-120.8926
SP088,INT088,interview,10,SP035,TEL035,intercept,10,0,-93.62563
SP088,INT088,interview,10,SP036,TEL036,intercept,10,0,-100.7324
SP088,INT088,interview,10,SP037,TEL037,intercept,10,0,-162.2512
SP088,INT088,interview,10,SP038,TEL038,intercept,10,0,-143.5198
SP088,INT088,interview,10,SP039,TEL039,intercept,10,0,-126.3466
SP088,INT088,interview,10,SP040,TEL040,intercept,10,0,-90.24772
SP088,INT088,interview,10,SP042,TEL042,intercept,10,0,-101.8903
SP088,INT088,interview,10,SP043,TEL043,intercept,10,0,-87.29766
SP088,INT088,interview,10,SP044,TEL044,intercept,10,0,-101.1882
SP088,INT088,interview,10,SP045,TEL045,intercept,10,0,-153.225
SP088,INT088,interview,10,SP046,TEL046,intercept,10,0,-143.4354
SP088,INT088,interview,10,SP047,TEL047,intercept,10,0,-153.4346
SP088,INT088,interview,10,SP048,TEL048,intercept,10,0,-131.9724
SP088,INT088,interview,10,SP049,TEL049,intercept,10,0,-149.2537
SP088,INT088,interview,10,SP050,TEL050,intercept,10,0,-89.63925
SP088,INT088,interview,10,SP051,TEL051,intercept,10,0,-151.2973
SP088,INT088,interview,10,SP052,TEL052,intercept,10,0,-170.1785
SP088,INT088,interview,10,SP053,TEL053,intercept,10,0,-57.13218
SP088,INT088,interview,10,SP054,TEL054,intercept,10,0,-84.94386
SP088,INT088,interview,10,SP056,TEL056,intercept,10,0,-140.1907
SP088,INT088,interview,10,SP058,TEL058,intercept,10,0,-115.3809
SP088,INT088,interview,10,SP059,TEL059,intercept,10,0,-127.9324
SP088,INT088,interview,10,SP060,TEL060,intercept,10,0,-137.0807
SP088,INT088,interview,10,SP062,TEL062,intercept,10,0,-111.1256
SP088,INT088,interview,10,SP063,TEL063,intercept,10,0,-112.0087
SP088,INT088,interview,10,SP064,TEL064,intercept,10,0,-127.9024
SP088,INT088,interview,10,SP065,TEL065,intercept,10,0,-91.87083
SP088,INT088,interview,10,SP066,TEL066,intercept,10,0,-116.2374
SP088,INT088,interview,10,SP067,TEL067,intercept,10,0,-180.6614
SP088,INT088,interview,10,SP068,TEL068,intercept,10,0,-160.4962
SP088,INT088,interview,10,SP069,TEL069,intercept,10,0,-149.5019
SP088,INT088,interview,10,SP071,TEL071,intercept,10,0,-141.8532
SP088,INT088,interview,10,SP072,TEL072,intercept,10,0,-123.1853
SP088,INT088,interview,10,SP073,TEL073,intercept,10,0,-75.54097
SP088,INT088,interview,10,SP074,TEL074,intercept,10,0,-52.24752
SP088,INT088,interview,10,SP075,TEL075,intercept,10,0,-148.4424
SP088,INT088,interview,10,SP076,TEL076,intercept,10,0,-131.8289
SP088,INT088,interview,10,SP077,TEL077,intercept,10,0,-90.89117
SP088,INT088,interview,10,SP078,TEL078,intercept,10,0,-147.5793
SP088,INT088,interview,10,SP079,TEL079,intercept,10,0,-144.802
SP088,INT088,interview,10,SP080,TEL080,intercept,10,0,-135.3333
SP088,INT088,interview,10,SP081,TEL081,intercept,10,0,-144.083
SP088,INT088,interview,10,SP084,TEL084,intercept,10,0,-109.9652
SP088,INT088,interview,10,SP085,TEL085,intercept,10,0,-164.1101
SP088,INT088,interview,10,SP086,TEL086,intercept,10,0,-90.87281
SP088,INT088,interview,10,SP087,TEL087,intercept,10,0,-129.2477
SP088,INT088,interview,10,SP088,TEL088,intercept,10,1,-17.68457
SP088,INT088,interview,10,SP090,TEL090,intercept,10,0,-133.1165
SP088,INT088,interview,10,SP093,TEL093,intercept,10,0,-98.97582
SP088,INT088,interview,10,SP094,TEL094,intercept,10,0,-109.5301
SP088,INT088,interview,10,SP095,TEL095,intercept,10,0,-75.8101
SP088,INT088,interview,10,SP096,TEL096,intercept,10,0,-158.4162
SP088,INT088,interview,10,SP097,TEL097,intercept,10,0,-118.1058
SP088,INT088,interview,10,SP099,TEL099,intercept,10,0,-149.1711
SP088,INT088,interview,10,SP100,TEL100,intercept,10,0,-77.28844
SP088,INT088,interview,10,SP102,TEL102,intercept,10,0,-120.5905
SP088,INT088,interview,10,SP103,TEL103,intercept,10,0,-117.6257
SP088,INT088,interview,10,SP105,TEL105,intercept,10,0,-98.71273
SP088,INT088,interview,10,SP106,TEL106,intercept,10,0,-141.1816
SP088,INT088,interview,10,SP107,TEL107,intercept,10,0,-101.9151
SP088,INT088,interview,10,SP108,TEL108,intercept,10,0,-119.4024
SP088,INT088,interview,10,SP111,TEL111,intercept,10,0,-122.951
SP088,INT088,interview,10,SP112,TEL112,intercept,10,0,-116.3902
SP088,INT088,interview,10,SP113,TEL113,intercept,10,0,-138.2846
SP088,INT088,interview,10,SP114,TEL114,intercept,10,0,-104.3121
SP088,INT088,interview,10,SP115,TEL115,intercept,10,0,-89.79683
SP088,INT088,interview,10,SP118,TEL118,intercept,10,0,-167.92
SP088,INT088,interview,10,SP120,TEL120,intercept,10,0,-139.1302
SP088,INT088,interview,10,SP121,TEL121,intercept,10,0,-99.99043
SP090,INT090,interview,10,SP001,TEL001,intercept,10,0,-81.01497
SP090,INT090,interview,10,SP002,TEL002,intercept,10,0,-119.1801
SP090,INT090,interview,10,SP003,TEL003,intercept,10,0,-63.09499
SP090,INT090,interview,10,SP004,TEL004,intercept,10,0,-111.6296
SP090,INT090,interview,10,SP008,TEL008,intercept,10,0,-95.73839
SP090,INT090,interview,10,SP010,TEL010,intercept,10,0,-74.37247
SP090,INT090,interview,10,SP011,TEL011,intercept,10,0,-89.81377
SP090,INT090,interview,10,SP012,TEL012,intercept,10,0,-81.26309
SP090,INT090,interview,10,SP013,TEL013,intercept,10,0,-105.8784
SP090,INT090,interview,10,SP015,TEL015,intercept,10,0,-50.19349
SP090,INT090,interview,10,SP016,TEL016,intercept,10,0,-85.94064
SP090,INT090,interview,10,SP017,TEL017,intercept,10,0,-103.5298
SP090,INT090,interview,10,SP018,TEL018,intercept,10,0,-110.4347
SP090,INT090,interview,10,SP019,TEL019,intercept,10,0,-112.6507
SP090,INT090,interview,10,SP020,TEL020,intercept,10,0,-113.8205
SP090,INT090,interview,10,SP021,TEL021,intercept,10,0,-96.58833
SP090,INT090,interview,10,SP022,TEL022,intercept,10,0,-73.06049
SP090,INT090,interview,10,SP023,TEL023,intercept,10,0,-113.8443
SP090,INT090,interview,10,SP024,TEL024,intercept,10,0,-113.7812
SP090,INT090,interview,10,SP025,TEL025,intercept,10,0,-52.35151
SP090,INT090,interview,10,SP026,TEL026,intercept,10,0,-85.02252
SP090,INT090,interview,10,SP027,TEL027,intercept,10,0,-132.7564
SP090,INT090,interview,10,SP028,TEL028,intercept,10,0,-109.4878
SP090,INT090,interview,10,SP029,TEL029,intercept,10,0,-97.10995
SP090,INT090,interview,10,SP030,TEL030,intercept,10,0,-125.7153
SP090,INT090,interview,10,SP031,TEL031,intercept,10,0,-102.5355
SP090,INT090,interview,10,SP032,TEL032,intercept,10,0,-81.36313
SP090,INT090,interview,10,SP033,TEL033,intercept,10,0,-58.98019
SP090,INT090,interview,10,SP034,TEL034,intercept,10,0,-62.6627
SP090,INT090,interview,10,SP035,TEL035,intercept,10,0,-76.41436
SP090,INT090,interview,10,SP036,TEL036,intercept,10,0,-62.90674
SP090,INT090,interview,10,SP037,TEL037,intercept,10,0,-101.5974
SP090,INT090,interview,10,SP038,TEL038,intercept,10,0,-132.9832
SP090,INT090,interview,10,SP039,TEL039,intercept,10,0,-105.0816
SP090,INT090,interview,10,SP040,TEL040,intercept,10,0,-108.9645
SP090,INT090,interview,10,SP042,TEL042,intercept,10,0,-62.93555
SP090,INT090,interview,10,SP043,TEL043,intercept,10,0,-69.33774
SP090,INT090,interview,10,SP044,TEL044,intercept,10,0,-91.24174
SP090,INT090,interview,10,SP045,TEL045,intercept,10,0,-94.11749
SP090,INT090,interview,10,SP046,TEL046,intercept,10,0,-111.1384
SP090,INT090,interview,10,SP047,TEL047,intercept,10,0,-111.4204
SP090,INT090,interview,10,SP048,TEL048,intercept,10,0,-97.67836
SP090,INT090,interview,10,SP049,TEL049,intercept,10,0,-90.66319
SP090,INT090,interview,10,SP050,TEL050,intercept,10,0,-86.42448
SP090,INT090,interview,10,SP051,TEL051,intercept,10,0,-81.42655
SP090,INT090,interview,10,SP052,TEL052,intercept,10,0,-72.47301
SP090,INT090,interview,10,SP053,TEL053,intercept,10,0,-71.7003
SP090,INT090,interview,10,SP054,TEL054,intercept,10,0,-88.34017
SP090,INT090,interview,10,SP056,TEL056,intercept,10,0,-127.3165
SP090,INT090,interview,10,SP058,TEL058,intercept,10,0,-62.07057
SP090,INT090,interview,10,SP059,TEL059,intercept,10,0,-113.0974
SP090,INT090,interview,10,SP060,TEL060,intercept,10,0,-67.78626
SP090,INT090,interview,10,SP062,TEL062,intercept,10,0,-76.80996
SP090,INT090,interview,10,SP063,TEL063,intercept,10,0,-67.81682
SP090,INT090,interview,10,SP064,TEL064,intercept,10,0,-81.3438
SP090,INT090,interview,10,SP065,TEL065,intercept,10,0,-120.4161
SP090,INT090,interview,10,SP066,TEL066,intercept,10,0,-105.3998
SP090,INT090,interview,10,SP067,TEL067,intercept,10,0,-111.3707
SP090,INT090,interview,10,SP068,TEL068,intercept,10,0,-94.39046
SP090,INT090,interview,10,SP069,TEL069,intercept,10,0,-85.76512
SP090,INT090,interview,10,SP071,TEL071,intercept,10,0,-110.8633
SP090,INT090,interview,10,SP072,TEL072,intercept,10,0,-81.81277
SP090,INT090,interview,10,SP073,TEL073,intercept,10,0,-99.13767
SP090,INT090,interview,10,SP074,TEL074,intercept,10,0,-60.89172
SP090,INT090,interview,10,SP075,TEL075,intercept,10,0,-97.47907
SP090,INT090,interview,10,SP076,TEL076,intercept,10,0,-109.4103
SP090,INT090,interview,10,SP077,TEL077,intercept,10,0,-91.0699
SP090,INT090,interview,10,SP078,TEL078,intercept,10,0,-93.14262
SP090,INT090,interview,10,SP079,TEL079,intercept,10,0,-77.00509
SP090,INT090,interview,10,SP080,TEL080,intercept,10,0,-65.06366
SP090,INT090,interview,10,SP081,TEL081,intercept,10,0,-133.3241
SP090,INT090,interview,10,SP084,TEL084,intercept,10,0,-42.05737
SP090,INT090,interview,10,SP085,TEL085,intercept,10,0,-86.65156
SP090,INT090,interview,10,SP086,TEL086,intercept,10,0,-149.2491
SP090,INT090,interview,10,SP087,TEL087,intercept,10,0,-70.4836
SP090,INT090,interview,10,SP088,TEL088,intercept,10,0,-43.93011
SP090,INT090,interview,10,SP090,TEL090,intercept,10,1,-24.49466
SP090,INT090,interview,10,SP093,TEL093,intercept,10,0,-72.88828
SP090,INT090,interview,10,SP094,TEL094,intercept,10,0,-64.66636
SP090,INT090,interview,10,SP095,TEL095,intercept,10,0,-88.51842
SP090,INT090,interview,10,SP096,TEL096,intercept,10,0,-103.7309
SP090,INT090,interview,10,SP097,TEL097,intercept,10,0,-75.51783
SP090,INT090,interview,10,SP099,TEL099,intercept,10,0,-92.12267
SP090,INT090,interview,10,SP100,TEL100,intercept,10,0,-77.63406
SP090,INT090,interview,10,SP102,TEL102,intercept,10,0,-81.51308
SP090,INT090,interview,10,SP103,TEL103,intercept,10,0,-105.9967
SP090,INT090,interview,10,SP105,TEL105,intercept,10,0,-78.83337
SP090,INT090,interview,10,SP106,TEL106,intercept,10,0,-75.09219
SP090,INT090,interview,10,SP107,TEL107,intercept,10,0,-91.79862
SP090,INT090,interview,10,SP108,TEL108,intercept,10,0,-90.40583
SP090,INT090,interview,10,SP111,TEL111,intercept,10,0,-73.63521
SP090,INT090,interview,10,SP112,TEL112,intercept,10,0,-57.76112
SP090,INT090,interview,10,SP113,TEL113,intercept,10,0,-96.03486
SP090,INT090,interview,10,SP114,TEL114,intercept,10,0,-66.92392
SP090,INT090,interview,10,SP115,TEL115,intercept,10,0,-78.79292
SP090,INT090,interview,10,SP118,TEL118,intercept,10,0,-90.83843
SP090,INT090,interview,10,SP120,TEL120,intercept,10,0,-102.4812
SP090,INT090,interview,10,SP121,TEL121,intercept,10,0,-108.3849
SP093,INT093,interview,10,SP001,TEL001,intercept,10,0,-125.7598
SP093,INT093,interview,10,SP002,TEL002,intercept,10,0,-168.8151
SP093,INT093,interview,10,SP003,TEL003,intercept,10,0,-125.3537
SP093,INT093,interview,10,SP004,TEL004,intercept,10,0,-74.53294
SP093,INT093,interview,10,SP008,TEL008,intercept,10,0,-102.3395
SP093,INT093,interview,10,SP010,TEL010,intercept,10,0,-132.6505
SP093,INT093,interview,10,SP011,TEL011,intercept,10,0,-121.4364
SP093,INT093,interview,10,SP012,TEL012,intercept,10,0,-100.8217
SP093,INT093,interview,10,SP013,TEL013,intercept,10,0,-83.8364
SP093,INT093,interview,10,SP015,TEL015,intercept,10,0,-116.4926
SP093,INT093,interview,10,SP016,TEL016,intercept,10,0,-127.348
SP093,INT093,interview,10,SP017,TEL017,intercept,10,0,-113.4346
SP093,INT093,interview,10,SP018,TEL018,intercept,10,0,-104.2354
SP093,INT093,interview,10,SP019,TEL019,intercept,10,0,-120.4885
SP093,INT093,interview,10,SP020,TEL020,intercept,10,0,-89.65025
SP093,INT093,interview,10,SP021,TEL021,intercept,10,0,-98.13562
SP093,INT093,interview,10,SP022,TEL022,intercept,10,0,-134.8315
SP093,INT093,interview,10,SP023,TEL023,intercept,10,0,-102.819
SP093,INT093,interview,10,SP024,TEL024,intercept,10,0,-145.3404
SP093,INT093,interview,10,SP025,TEL025,intercept,10,0,-76.0497
SP093,INT093,interview,10,SP026,TEL026,intercept,10,0,-105.8378
SP093,INT093,interview,10,SP027,TEL027,intercept,10,0,-117.4359
SP093,INT093,interview,10,SP028,TEL028,intercept,10,0,-135.9359
SP093,INT093,interview,10,SP029,TEL029,intercept,10,0,-68.28159
SP093,INT093,interview,10,SP030,TEL030,intercept,10,0,-137.1997
SP093,INT093,interview,10,SP031,TEL031,intercept,10,0,-165.5932
SP093,INT093,interview,10,SP032,TEL032,intercept,10,0,-93.40312
SP093,INT093,interview,10,SP033,TEL033,intercept,10,0,-124.1089
SP093,INT093,interview,10,SP034,TEL034,intercept,10,0,-95.6044
SP093,INT093,interview,10,SP035,TEL035,intercept,10,0,-99.92648
SP093,INT093,interview,10,SP036,TEL036,intercept,10,0,-103.1399
SP093,INT093,interview,10,SP037,TEL037,intercept,10,0,-142.3926
SP093,INT093,interview,10,SP038,TEL038,intercept,10,0,-139.0762
SP093,INT093,interview,10,SP039,TEL039,intercept,10,0,-96.99214
SP093,INT093,interview,10,SP040,TEL040,intercept,10,0,-104.3672
SP093,INT093,interview,10,SP042,TEL042,intercept,10,0,-90.33917
SP093,INT093,interview,10,SP043,TEL043,intercept,10,0,-64.69153
SP093,INT093,interview,10,SP044,TEL044,intercept,10,0,-108.5266
SP093,INT093,interview,10,SP045,TEL045,intercept,10,0,-151.0286
SP093,INT093,interview,10,SP046,TEL046,intercept,10,0,-112.0652
SP093,INT093,interview,10,SP047,TEL047,intercept,10,0,-123.5984
SP093,INT093,interview,10,SP048,TEL048,intercept,10,0,-102.2508
SP093,INT093,interview,10,SP049,TEL049,intercept,10,0,-143.9998
SP093,INT093,interview,10,SP050,TEL050,intercept,10,0,-111.3845
SP093,INT093,interview,10,SP051,TEL051,intercept,10,0,-161.0444
SP093,INT093,interview,10,SP052,TEL052,intercept,10,0,-125.5015
SP093,INT093,interview,10,SP053,TEL053,intercept,10,0,-101.758
SP093,INT093,interview,10,SP054,TEL054,intercept,10,0,-86.30088
SP093,INT093,interview,10,SP056,TEL056,intercept,10,0,-108.6941
SP093,INT093,interview,10,SP058,TEL058,intercept,10,0,-96.61463
SP093,INT093,interview,10,SP059,TEL059,intercept,10,0,-84.27741
SP093,INT093,interview,10,SP060,TEL060,intercept,10,0,-129.0706
SP093,INT093,interview,10,SP062,TEL062,intercept,10,0,-99.83219
SP093,INT093,interview,10,SP063,TEL063,intercept,10,0,-144.1846
SP093,INT093,interview,10,SP064,TEL064,intercept,10,0,-98.47173
SP093,INT093,interview,10,SP065,TEL065,intercept,10,0,-143.5477
SP093,INT093,interview,10,SP066,TEL066,intercept,10,0,-182.5319
SP093,INT093,interview,10,SP067,TEL067,intercept,10,0,-149.4572
SP093,INT093,interview,10,SP068,TEL068,intercept,10,0,-103.9167
SP093,INT093,interview,10,SP069,TEL069,intercept,10,0,-122.1519
SP093,INT093,interview,10,SP071,TEL071,intercept,10,0,-125.3098
SP093,INT093,interview,10,SP072,TEL072,intercept,10,0,-72.86436
SP093,INT093,interview,10,SP073,TEL073,intercept,10,0,-83.9193
SP093,INT093,interview,10,SP074,TEL074,intercept,10,0,-110.5793
SP093,INT093,interview,10,SP075,TEL075,intercept,10,0,-137.5964
SP093,INT093,interview,10,SP076,TEL076,intercept,10,0,-143.1535
SP093,INT093,interview,10,SP077,TEL077,intercept,10,0,-83.54555
SP093,INT093,interview,10,SP078,TEL078,intercept,10,0,-76.16962
SP093,INT093,interview,10,SP079,TEL079,intercept,10,0,-138.9399
SP093,INT093,interview,10,SP080,TEL080,intercept,10,0,-77.86749
SP093,INT093,interview,10,SP081,TEL081,intercept,10,0,-137.0529
SP093,INT093,interview,10,SP084,TEL084,intercept,10,0,-86.09764
SP093,INT093,interview,10,SP085,TEL085,intercept,10,0,-138.1254
SP093,INT093,interview,10,SP086,TEL086,intercept,10,0,-145.5778
SP093,INT093,interview,10,SP087,TEL087,intercept,10,0,-82.04695
SP093,INT093,interview,10,SP088,TEL088,intercept,10,0,-96.88612
SP093,INT093,interview,10,SP090,TEL090,intercept,10,0,-107.2101
SP093,INT093,interview,10,SP093,TEL093,intercept,10,1,-42.44575
SP093,INT093,interview,10,SP094,TEL094,intercept,10,0,-113.0413
SP093,INT093,interview,10,SP095,TEL095,intercept,10,0,-101.2978
SP093,INT093,interview,10,SP096,TEL096,intercept,10,0,-108.0197
SP093,INT093,interview,10,SP097,TEL097,intercept,10,0,-138.6921
SP093,INT093,interview,10,SP099,TEL099,intercept,10,0,-119.9564
SP093,INT093,interview,10,SP100,TEL100,intercept,10,0,-89.14598
SP093,INT093,interview,10,SP102,TEL102,intercept,10,0,-86.11466
SP093,INT093,interview,10,SP103,TEL103,intercept,10,0,-88.95016
SP093,INT093,interview,10,SP105,TEL105,intercept,10,0,-93.21769
SP093,INT093,interview,10,SP106,TEL106,intercept,10,0,-127.7321
SP093,INT093,interview,10,SP107,TEL107,intercept,10,0,-117.0427
SP093,INT093,interview,10,SP108,TEL108,intercept,10,0,-132.3888
SP093,INT093,interview,10,SP111,TEL111,intercept,10,0,-158.4266
SP093,INT093,interview,10,SP112,TEL112,intercept,10,0,-103.143
SP093,INT093,interview,10,SP113,TEL113,intercept,10,0,-117.096
SP093,INT093,interview,10,SP114,TEL114,intercept,10,0,-110.6322
SP093,INT093,interview,10,SP115,TEL115,intercept,10,0,-89.49855
SP093,INT093,interview,10,SP118,TEL118,intercept,10,0,-151.2565
SP093,INT093,interview,10,SP120,TEL120,intercept,10,0,-134.45
SP093,INT093,interview,10,SP121,TEL121,intercept,10,0,-105.4482
SP094,INT094,interview,10,SP001,TEL001,intercept,10,0,-67.14788
SP094,INT094,interview,10,SP002,TEL002,intercept,10,0,-130.4142
SP094,INT094,interview,10,SP003,TEL003,intercept,10,0,-118.6905
SP094,INT094,interview,10,SP004,TEL004,intercept,10,0,-59.22701
SP094,INT094,interview,10,SP008,TEL008,intercept,10,0,-109.7571
SP094,INT094,interview,10,SP010,TEL010,intercept,10,0,-103.3739
SP094,INT094,interview,10,SP011,TEL011,intercept,10,0,-113.9795
SP094,INT094,interview,10,SP012,TEL012,intercept,10,0,-140.9427
SP094,INT094,interview,10,SP013,TEL013,intercept,10,0,-123.7179
SP094,INT094,interview,10,SP015,TEL015,intercept,10,0,-108.5928
SP094,INT094,interview,10,SP016,TEL016,intercept,10,0,-99.52399
SP094,INT094,interview,10,SP017,TEL017,intercept,10,0,-104.5357
SP094,INT094,interview,10,SP018,TEL018,intercept,10,0,-120.1553
SP094,INT094,interview,10,SP019,TEL019,intercept,10,0,-90.20555
SP094,INT094,interview,10,SP020,TEL020,intercept,10,0,-129.0472
SP094,INT094,interview,10,SP021,TEL021,intercept,10,0,-116.832
SP094,INT094,interview,10,SP022,TEL022,intercept,10,0,-167.8551
SP094,INT094,interview,10,SP023,TEL023,intercept,10,0,-92.09087
SP094,INT094,interview,10,SP024,TEL024,intercept,10,0,-148.7729
SP094,INT094,interview,10,SP025,TEL025,intercept,10,0,-102.0459
SP094,INT094,interview,10,SP026,TEL026,intercept,10,0,-113.0043
SP094,INT094,interview,10,SP027,TEL027,intercept,10,0,-97.56689
SP094,INT094,interview,10,SP028,TEL028,intercept,10,0,-108.0993
SP094,INT094,interview,10,SP029,TEL029,intercept,10,0,-110.5523
SP094,INT094,interview,10,SP030,TEL030,intercept,10,0,-122.4921
SP094,INT094,interview,10,SP031,TEL031,intercept,10,0,-133.9565
SP094,INT094,interview,10,SP032,TEL032,intercept,10,0,-58.63834
SP094,INT094,interview,10,SP033,TEL033,intercept,10,0,-65.39584
SP094,INT094,interview,10,SP034,TEL034,intercept,10,0,-89.24378
SP094,INT094,interview,10,SP035,TEL035,intercept,10,0,-92.0366
SP094,INT094,interview,10,SP036,TEL036,intercept,10,0,-74.84785
SP094,INT094,interview,10,SP037,TEL037,intercept,10,0,-128.5457
SP094,INT094,interview,10,SP038,TEL038,intercept,10,0,-138.7147
SP094,INT094,interview,10,SP039,TEL039,intercept,10,0,-110.7531
SP094,INT094,interview,10,SP040,TEL040,intercept,10,0,-67.54714
SP094,INT094,interview,10,SP042,TEL042,intercept,10,0,-73.29328
SP094,INT094,interview,10,SP043,TEL043,intercept,10,0,-119.6734
SP094,INT094,interview,10,SP044,TEL044,intercept,10,0,-100.5287
SP094,INT094,interview,10,SP045,TEL045,intercept,10,0,-140.9059
SP094,INT094,interview,10,SP046,TEL046,intercept,10,0,-114.2771
SP094,INT094,interview,10,SP047,TEL047,intercept,10,0,-134.4515
SP094,INT094,interview,10,SP048,TEL048,intercept,10,0,-78.31444
SP094,INT094,interview,10,SP049,TEL049,intercept,10,0,-128.8076
SP094,INT094,interview,10,SP050,TEL050,intercept,10,0,-57.43172
SP094,INT094,interview,10,SP051,TEL051,intercept,10,0,-161.6713
SP094,INT094,interview,10,SP052,TEL052,intercept,10,0,-83.26406
SP094,INT094,interview,10,SP053,TEL053,intercept,10,0,-79.62625
SP094,INT094,interview,10,SP054,TEL054,intercept,10,0,-95.25019
SP094,INT094,interview,10,SP056,TEL056,intercept,10,0,-147.0606
SP094,INT094,interview,10,SP058,TEL058,intercept,10,0,-100.4357
SP094,INT094,interview,10,SP059,TEL059,intercept,10,0,-112.3286
SP094,INT094,interview,10,SP060,TEL060,intercept,10,0,-63.24897
SP094,INT094,interview,10,SP062,TEL062,intercept,10,0,-96.12283
SP094,INT094,interview,10,SP063,TEL063,intercept,10,0,-121.5116
SP094,INT094,interview,10,SP064,TEL064,intercept,10,0,-79.42986
SP094,INT094,interview,10,SP065,TEL065,intercept,10,0,-103.1394
SP094,INT094,interview,10,SP066,TEL066,intercept,10,0,-146.5498
SP094,INT094,interview,10,SP067,TEL067,intercept,10,0,-102.2006
SP094,INT094,interview,10,SP068,TEL068,intercept,10,0,-109.066
SP094,INT094,interview,10,SP069,TEL069,intercept,10,0,-66.69668
SP094,INT094,interview,10,SP071,TEL071,intercept,10,0,-146.1271
SP094,INT094,interview,10,SP072,TEL072,intercept,10,0,-121.8711
SP094,INT094,interview,10,SP073,TEL073,intercept,10,0,-97.88322
SP094,INT094,interview,10,SP074,TEL074,intercept,10,0,-69.82608
SP094,INT094,interview,10,SP075,TEL075,intercept,10,0,-126.7986
SP094,INT094,interview,10,SP076,TEL076,intercept,10,0,-147.1081
SP094,INT094,interview,10,SP077,TEL077,intercept,10,0,-95.96833
SP094,INT094,interview,10,SP078,TEL078,intercept,10,0,-109.2052
SP094,INT094,interview,10,SP079,TEL079,intercept,10,0,-98.85783
SP094,INT094,interview,10,SP080,TEL080,intercept,10,0,-114.0617
SP094,INT094,interview,10,SP081,TEL081,intercept,10,0,-89.16235
SP094,INT094,interview,10,SP084,TEL084,intercept,10,0,-47.45889
SP094,INT094,interview,10,SP085,TEL085,intercept,10,0,-120.01
SP094,INT094,interview,10,SP086,TEL086,intercept,10,0,-120.3236
SP094,INT094,interview,10,SP087,TEL087,intercept,10,0,-98.05782
SP094,INT094,interview,10,SP088,TEL088,intercept,10,0,-84.87321
SP094,INT094,interview,10,SP090,TEL090,intercept,10,0,-114.7093
SP094,INT094,interview,10,SP093,TEL093,intercept,10,0,-102.8883
SP094,INT094,interview,10,SP094,TEL094,intercept,10,1,-34.05548
SP094,INT094,interview,10,SP095,TEL095,intercept,10,0,-74.84372
SP094,INT094,interview,10,SP096,TEL096,intercept,10,0,-114.2976
SP094,INT094,interview,10,SP097,TEL097,intercept,10,0,-97.8611
SP094,INT094,interview,10,SP099,TEL099,intercept,10,0,-121.4714
SP094,INT094,interview,10,SP100,TEL100,intercept,10,0,-108.8575
SP094,INT094,interview,10,SP102,TEL102,intercept,10,0,-84.80407
SP094,INT094,interview,10,SP103,TEL103,intercept,10,0,-127.6621
SP094,INT094,interview,10,SP105,TEL105,intercept,10,0,-108.9137
SP094,INT094,interview,10,SP106,TEL106,intercept,10,0,-163.2669
SP094,INT094,interview,10,SP107,TEL107,intercept,10,0,-66.99499
SP094,INT094,interview,10,SP108,TEL108,intercept,10,0,-100.6934
SP094,INT094,interview,10,SP111,TEL111,intercept,10,0,-97.95668
SP094,INT094,interview,10,SP112,TEL112,intercept,10,0,-95.4624
SP094,INT094,interview,10,SP113,TEL113,intercept,10,0,-128.4013
SP094,INT094,interview,10,SP114,TEL114,intercept,10,0,-81.93658
SP094,INT094,interview,10,SP115,TEL115,intercept,10,0,-67.1152
SP094,INT094,interview,10,SP118,TEL118,intercept,10,0,-121.0066
SP094,INT094,interview,10,SP120,TEL120,intercept,10,0,-97.60989
SP094,INT094,interview,10,SP121,TEL121,intercept,10,0,-87.20483
SP095,INT095,interview,10,SP001,TEL001,intercept,10,0,-94.03385
SP095,INT095,interview,10,SP002,TEL002,intercept,10,0,-112.7067
SP095,INT095,interview,10,SP003,TEL003,intercept,10,0,-81.07021
SP095,INT095,interview,10,SP004,TEL004,intercept,10,0,-61.19813
SP095,INT095,interview,10,SP008,TEL008,intercept,10,0,-87.20682
SP095,INT095,interview,10,SP010,TEL010,intercept,10,0,-81.34043
SP095,INT095,interview,10,SP011,TEL011,intercept,10,0,-90.14943
SP095,INT095,interview,10,SP012,TEL012,intercept,10,0,-100.1315
SP095,INT095,interview,10,SP013,TEL013,intercept,10,0,-105.8408
SP095,INT095,interview,10,SP015,TEL015,intercept,10,0,-60.07662
SP095,INT095,interview,10,SP016,TEL016,intercept,10,0,-78.85171
SP095,INT095,interview,10,SP017,TEL017,intercept,10,0,-84.02201
SP095,INT095,interview,10,SP018,TEL018,intercept,10,0,-91.42175
SP095,INT095,interview,10,SP019,TEL019,intercept,10,0,-133.4016
SP095,INT095,interview,10,SP020,TEL020,intercept,10,0,-106.9259
SP095,INT095,interview,10,SP021,TEL021,intercept,10,0,-115.5984
SP095,INT095,interview,10,SP022,TEL022,intercept,10,0,-97.05492
SP095,INT095,interview,10,SP023,TEL023,intercept,10,0,-92.26679
SP095,INT095,interview,10,SP024,TEL024,intercept,10,0,-106.1091
SP095,INT095,interview,10,SP025,TEL025,intercept,10,0,-75.31352
SP095,INT095,interview,10,SP026,TEL026,intercept,10,0,-90.5753
SP095,INT095,interview,10,SP027,TEL027,intercept,10,0,-86.00179
SP095,INT095,interview,10,SP028,TEL028,intercept,10,0,-82.83538
SP095,INT095,interview,10,SP029,TEL029,intercept,10,0,-85.41525
SP095,INT095,interview,10,SP030,TEL030,intercept,10,0,-107.3455
SP095,INT095,interview,10,SP031,TEL031,intercept,10,0,-105.7475
SP095,INT095,interview,10,SP032,TEL032,intercept,10,0,-61.97997
SP095,INT095,interview,10,SP033,TEL033,intercept,10,0,-85.10902
SP095,INT095,interview,10,SP034,TEL034,intercept,10,0,-65.64148
SP095,INT095,interview,10,SP035,TEL035,intercept,10,0,-88.08244
SP095,INT095,interview,10,SP036,TEL036,intercept,10,0,-56.72023
SP095,INT095,interview,10,SP037,TEL037,intercept,10,0,-119.4168
SP095,INT095,interview,10,SP038,TEL038,intercept,10,0,-133.8524
SP095,INT095,interview,10,SP039,TEL039,intercept,10,0,-118.5295
SP095,INT095,interview,10,SP040,TEL040,intercept,10,0,-75.38805
SP095,INT095,interview,10,SP042,TEL042,intercept,10,0,-87.04359
SP095,INT095,interview,10,SP043,TEL043,intercept,10,0,-72.84749
SP095,INT095,interview,10,SP044,TEL044,intercept,10,0,-74.60047
SP095,INT095,interview,10,SP045,TEL045,intercept,10,0,-99.1329
SP095,INT095,interview,10,SP046,TEL046,intercept,10,0,-68.32006
SP095,INT095,interview,10,SP047,TEL047,intercept,10,0,-106.4095
SP095,INT095,interview,10,SP048,TEL048,intercept,10,0,-77.50703
SP095,INT095,interview,10,SP049,TEL049,intercept,10,0,-127.9719
SP095,INT095,interview,10,SP050,TEL050,intercept,10,0,-65.21117
SP095,INT095,interview,10,SP051,TEL051,intercept,10,0,-126.3883
SP095,INT095,interview,10,SP052,TEL052,intercept,10,0,-100.1466
SP095,INT095,interview,10,SP053,TEL053,intercept,10,0,-77.05087
SP095,INT095,interview,10,SP054,TEL054,intercept,10,0,-102.0579
SP095,INT095,interview,10,SP056,TEL056,intercept,10,0,-121.602
SP095,INT095,interview,10,SP058,TEL058,intercept,10,0,-84.67104
SP095,INT095,interview,10,SP059,TEL059,intercept,10,0,-109.7954
SP095,INT095,interview,10,SP060,TEL060,intercept,10,0,-87.74255
SP095,INT095,interview,10,SP062,TEL062,intercept,10,0,-68.31993
SP095,INT095,interview,10,SP063,TEL063,intercept,10,0,-95.90781
SP095,INT095,interview,10,SP064,TEL064,intercept,10,0,-78.32897
SP095,INT095,interview,10,SP065,TEL065,intercept,10,0,-104.1507
SP095,INT095,interview,10,SP066,TEL066,intercept,10,0,-120.6976
SP095,INT095,interview,10,SP067,TEL067,intercept,10,0,-140.2715
SP095,INT095,interview,10,SP068,TEL068,intercept,10,0,-92.24385
SP095,INT095,interview,10,SP069,TEL069,intercept,10,0,-114.0357
SP095,INT095,interview,10,SP071,TEL071,intercept,10,0,-100.8525
SP095,INT095,interview,10,SP072,TEL072,intercept,10,0,-90.30162
SP095,INT095,interview,10,SP073,TEL073,intercept,10,0,-73.3433
SP095,INT095,interview,10,SP074,TEL074,intercept,10,0,-31.70624
SP095,INT095,interview,10,SP075,TEL075,intercept,10,0,-102.6632
SP095,INT095,interview,10,SP076,TEL076,intercept,10,0,-112.7752
SP095,INT095,interview,10,SP077,TEL077,intercept,10,0,-93.10625
SP095,INT095,interview,10,SP078,TEL078,intercept,10,0,-116.0297
SP095,INT095,interview,10,SP079,TEL079,intercept,10,0,-112.9313
SP095,INT095,interview,10,SP080,TEL080,intercept,10,0,-107.8192
SP095,INT095,interview,10,SP081,TEL081,intercept,10,0,-102.1188
SP095,INT095,interview,10,SP084,TEL084,intercept,10,0,-58.66477
SP095,INT095,interview,10,SP085,TEL085,intercept,10,0,-120.2335
SP095,INT095,interview,10,SP086,TEL086,intercept,10,0,-108.6882
SP095,INT095,interview,10,SP087,TEL087,intercept,10,0,-76.30728
SP095,INT095,interview,10,SP088,TEL088,intercept,10,0,-37.81268
SP095,INT095,interview,10,SP090,TEL090,intercept,10,0,-65.28132
SP095,INT095,interview,10,SP093,TEL093,intercept,10,0,-86.45641
SP095,INT095,interview,10,SP094,TEL094,intercept,10,0,-71.84453
SP095,INT095,interview,10,SP095,TEL095,intercept,10,1,-9.822412
SP095,INT095,interview,10,SP096,TEL096,intercept,10,0,-97.3838
SP095,INT095,interview,10,SP097,TEL097,intercept,10,0,-117.215
SP095,INT095,interview,10,SP099,TEL099,intercept,10,0,-108.3581
SP095,INT095,interview,10,SP100,TEL100,intercept,10,0,-81.8168
SP095,INT095,interview,10,SP102,TEL102,intercept,10,0,-61.5867
SP095,INT095,interview,10,SP103,TEL103,intercept,10,0,-88.1942
SP095,INT095,interview,10,SP105,TEL105,intercept,10,0,-107.0713
SP095,INT095,interview,10,SP106,TEL106,intercept,10,0,-103.7242
SP095,INT095,interview,10,SP107,TEL107,intercept,10,0,-62.24225
SP095,INT095,interview,10,SP108,TEL108,intercept,10,0,-87.05402
SP095,INT095,interview,10,SP111,TEL111,intercept,10,0,-71.2377
SP095,INT095,interview,10,SP112,TEL112,intercept,10,0,-65.75877
SP095,INT095,interview,10,SP113,TEL113,intercept,10,0,-106.5248
SP095,INT095,interview,10,SP114,TEL114,intercept,10,0,-74.5633
SP095,INT095,interview,10,SP115,TEL115,intercept,10,0,-73.45673
SP095,INT095,interview,10,SP118,TEL118,intercept,10,0,-111.6548
SP095,INT095,interview,10,SP120,TEL120,intercept,10,0,-102.4674
SP095,INT095,interview,10,SP121,TEL121,intercept,10,0,-106.8824
SP096,INT096,interview,10,SP001,TEL001,intercept,10,0,-131.0209
SP096,INT096,interview,10,SP002,TEL002,intercept,10,0,-136.4558
SP096,INT096,interview,10,SP003,TEL003,intercept,10,0,-139.2199
SP096,INT096,interview,10,SP004,TEL004,intercept,10,0,-125.8566
SP096,INT096,interview,10,SP008,TEL008,intercept,10,0,-106.7091
SP096,INT096,interview,10,SP010,TEL010,intercept,10,0,-61.09698
SP096,INT096,interview,10,SP011,TEL011,intercept,10,0,-52.06015
SP096,INT096,interview,10,SP012,TEL012,intercept,10,0,-97.26306
SP096,INT096,interview,10,SP013,TEL013,intercept,10,0,-112.9953
SP096,INT096,interview,10,SP015,TEL015,intercept,10,0,-78.17332
SP096,INT096,interview,10,SP016,TEL016,intercept,10,0,-69.67514
SP096,INT096,interview,10,SP017,TEL017,intercept,10,0,-112.1781
SP096,INT096,interview,10,SP018,TEL018,intercept,10,0,-98.6404
SP096,INT096,interview,10,SP019,TEL019,intercept,10,0,-90.42978
SP096,INT096,interview,10,SP020,TEL020,intercept,10,0,-165.5022
SP096,INT096,interview,10,SP021,TEL021,intercept,10,0,-113.1325
SP096,INT096,interview,10,SP022,TEL022,intercept,10,0,-137.7562
SP096,INT096,interview,10,SP023,TEL023,intercept,10,0,-98.66718
SP096,INT096,interview,10,SP024,TEL024,intercept,10,0,-95.24324
SP096,INT096,interview,10,SP025,TEL025,intercept,10,0,-93.2778
SP096,INT096,interview,10,SP026,TEL026,intercept,10,0,-98.19618
SP096,INT096,interview,10,SP027,TEL027,intercept,10,0,-139.254
SP096,INT096,interview,10,SP028,TEL028,intercept,10,0,-92.34039
SP096,INT096,interview,10,SP029,TEL029,intercept,10,0,-91.09634
SP096,INT096,interview,10,SP030,TEL030,intercept,10,0,-148.6936
SP096,INT096,interview,10,SP031,TEL031,intercept,10,0,-127.0702
SP096,INT096,interview,10,SP032,TEL032,intercept,10,0,-74.04937
SP096,INT096,interview,10,SP033,TEL033,intercept,10,0,-77.10359
SP096,INT096,interview,10,SP034,TEL034,intercept,10,0,-91.4828
SP096,INT096,interview,10,SP035,TEL035,intercept,10,0,-135.7179
SP096,INT096,interview,10,SP036,TEL036,intercept,10,0,-77.5227
SP096,INT096,interview,10,SP037,TEL037,intercept,10,0,-109.0731
SP096,INT096,interview,10,SP038,TEL038,intercept,10,0,-108.254
SP096,INT096,interview,10,SP039,TEL039,intercept,10,0,-100.6449
SP096,INT096,interview,10,SP040,TEL040,intercept,10,0,-103.4598
SP096,INT096,interview,10,SP042,TEL042,intercept,10,0,-63.81432
SP096,INT096,interview,10,SP043,TEL043,intercept,10,0,-90.05175
SP096,INT096,interview,10,SP044,TEL044,intercept,10,0,-104.4052
SP096,INT096,interview,10,SP045,TEL045,intercept,10,0,-123.9335
SP096,INT096,interview,10,SP046,TEL046,intercept,10,0,-121.248
SP096,INT096,interview,10,SP047,TEL047,intercept,10,0,-81.08188
SP096,INT096,interview,10,SP048,TEL048,intercept,10,0,-75.0472
SP096,INT096,interview,10,SP049,TEL049,intercept,10,0,-148.685
SP096,INT096,interview,10,SP050,TEL050,intercept,10,0,-82.87784
SP096,INT096,interview,10,SP051,TEL051,intercept,10,0,-136.5651
SP096,INT096,interview,10,SP052,TEL052,intercept,10,0,-79.31975
SP096,INT096,interview,10,SP053,TEL053,intercept,10,0,-85.11003
SP096,INT096,interview,10,SP054,TEL054,intercept,10,0,-78.27428
SP096,INT096,interview,10,SP056,TEL056,intercept,10,0,-100.3405
SP096,INT096,interview,10,SP058,TEL058,intercept,10,0,-102.0365
SP096,INT096,interview,10,SP059,TEL059,intercept,10,0,-95.30408
SP096,INT096,interview,10,SP060,TEL060,intercept,10,0,-74.88676
SP096,INT096,interview,10,SP062,TEL062,intercept,10,0,-96.98612
SP096,INT096,interview,10,SP063,TEL063,intercept,10,0,-47.70577
SP096,INT096,interview,10,SP064,TEL064,intercept,10,0,-69.74473
SP096,INT096,interview,10,SP065,TEL065,intercept,10,0,-74.04102
SP096,INT096,interview,10,SP066,TEL066,intercept,10,0,-100.768
SP096,INT096,interview,10,SP067,TEL067,intercept,10,0,-93.31194
SP096,INT096,interview,10,SP068,TEL068,intercept,10,0,-131.0947
SP096,INT096,interview,10,SP069,TEL069,intercept,10,0,-76.07796
SP096,INT096,interview,10,SP071,TEL071,intercept,10,0,-99.10023
SP096,INT096,interview,10,SP072,TEL072,intercept,10,0,-99.37776
SP096,INT096,interview,10,SP073,TEL073,intercept,10,0,-101.3616
SP096,INT096,interview,10,SP074,TEL074,intercept,10,0,-72.00661
SP096,INT096,interview,10,SP075,TEL075,intercept,10,0,-62.37302
SP096,INT096,interview,10,SP076,TEL076,intercept,10,0,-102.6706
SP096,INT096,interview,10,SP077,TEL077,intercept,10,0,-91.58308
SP096,INT096,interview,10,SP078,TEL078,intercept,10,0,-109.0259
SP096,INT096,interview,10,SP079,TEL079,intercept,10,0,-161.1375
SP096,INT096,interview,10,SP080,TEL080,intercept,10,0,-103.1695
SP096,INT096,interview,10,SP081,TEL081,intercept,10,0,-81.20852
SP096,INT096,interview,10,SP084,TEL084,intercept,10,0,-48.39221
SP096,INT096,interview,10,SP085,TEL085,intercept,10,0,-121.1543
SP096,INT096,interview,10,SP086,TEL086,intercept,10,0,-147.7013
SP096,INT096,interview,10,SP087,TEL087,intercept,10,0,-79.11928
SP096,INT096,interview,10,SP088,TEL088,intercept,10,0,-76.72808
SP096,INT096,interview,10,SP090,TEL090,intercept,10,0,-72.58504
SP096,INT096,interview,10,SP093,TEL093,intercept,10,0,-91.3055
SP096,INT096,interview,10,SP094,TEL094,intercept,10,0,-82.22033
SP096,INT096,interview,10,SP095,TEL095,intercept,10,0,-82.51691
SP096,INT096,interview,10,SP096,TEL096,intercept,10,1,-48.08503
SP096,INT096,interview,10,SP097,TEL097,intercept,10,0,-92.72365
SP096,INT096,interview,10,SP099,TEL099,intercept,10,0,-91.50989
SP096,INT096,interview,10,SP100,TEL100,intercept,10,0,-54.41131
SP096,INT096,interview,10,SP102,TEL102,intercept,10,0,-111.1441
SP096,INT096,interview,10,SP103,TEL103,intercept,10,0,-96.1267
SP096,INT096,interview,10,SP105,TEL105,intercept,10,0,-91.61195
SP096,INT096,interview,10,SP106,TEL106,intercept,10,0,-91.83561
SP096,INT096,interview,10,SP107,TEL107,intercept,10,0,-103.7395
SP096,INT096,interview,10,SP108,TEL108,intercept,10,0,-101.4009
SP096,INT096,interview,10,SP111,TEL111,intercept,10,0,-83.37464
SP096,INT096,interview,10,SP112,TEL112,intercept,10,0,-100.557
SP096,INT096,interview,10,SP113,TEL113,intercept,10,0,-53.25294
SP096,INT096,interview,10,SP114,TEL114,intercept,10,0,-77.95441
SP096,INT096,interview,10,SP115,TEL115,intercept,10,0,-79.09169
SP096,INT096,interview,10,SP118,TEL118,intercept,10,0,-104.5511
SP096,INT096,interview,10,SP120,TEL120,intercept,10,0,-103.0636
SP096,INT096,interview,10,SP121,TEL121,intercept,10,0,-105.1746
SP097,INT097,interview,10,SP001,TEL001,intercept,10,0,-79.23865
SP097,INT097,interview,10,SP002,TEL002,intercept,10,0,-117.4695
SP097,INT097,interview,10,SP003,TEL003,intercept,10,0,-120.3145
SP097,INT097,interview,10,SP004,TEL004,intercept,10,0,-112.8792
SP097,INT097,interview,10,SP008,TEL008,intercept,10,0,-106.4138
SP097,INT097,interview,10,SP010,TEL010,intercept,10,0,-103.9078
SP097,INT097,interview,10,SP011,TEL011,intercept,10,0,-108.14
SP097,INT097,interview,10,SP012,TEL012,intercept,10,0,-97.01539
SP097,INT097,interview,10,SP013,TEL013,intercept,10,0,-98.17412
SP097,INT097,interview,10,SP015,TEL015,intercept,10,0,-128.2518
SP097,INT097,interview,10,SP016,TEL016,intercept,10,0,-110.5498
SP097,INT097,interview,10,SP017,TEL017,intercept,10,0,-109.1067
SP097,INT097,interview,10,SP018,TEL018,intercept,10,0,-98.26814
SP097,INT097,interview,10,SP019,TEL019,intercept,10,0,-144.5899
SP097,INT097,interview,10,SP020,TEL020,intercept,10,0,-151.1033
SP097,INT097,interview,10,SP021,TEL021,intercept,10,0,-121.522
SP097,INT097,interview,10,SP022,TEL022,intercept,10,0,-106.0134
SP097,INT097,interview,10,SP023,TEL023,intercept,10,0,-85.90408
SP097,INT097,interview,10,SP024,TEL024,intercept,10,0,-116.2649
SP097,INT097,interview,10,SP025,TEL025,intercept,10,0,-79.60281
SP097,INT097,interview,10,SP026,TEL026,intercept,10,0,-127.7167
SP097,INT097,interview,10,SP027,TEL027,intercept,10,0,-172.4304
SP097,INT097,interview,10,SP028,TEL028,intercept,10,0,-145.3148
SP097,INT097,interview,10,SP029,TEL029,intercept,10,0,-131.3412
SP097,INT097,interview,10,SP030,TEL030,intercept,10,0,-123.3907
SP097,INT097,interview,10,SP031,TEL031,intercept,10,0,-159.6653
SP097,INT097,interview,10,SP032,TEL032,intercept,10,0,-83.06466
SP097,INT097,interview,10,SP033,TEL033,intercept,10,0,-67.49517
SP097,INT097,interview,10,SP034,TEL034,intercept,10,0,-81.09024
SP097,INT097,interview,10,SP035,TEL035,intercept,10,0,-100.8399
SP097,INT097,interview,10,SP036,TEL036,intercept,10,0,-92.63191
SP097,INT097,interview,10,SP037,TEL037,intercept,10,0,-123.0731
SP097,INT097,interview,10,SP038,TEL038,intercept,10,0,-168.6761
SP097,INT097,interview,10,SP039,TEL039,intercept,10,0,-127.9348
SP097,INT097,interview,10,SP040,TEL040,intercept,10,0,-115.6085
SP097,INT097,interview,10,SP042,TEL042,intercept,10,0,-111.8531
SP097,INT097,interview,10,SP043,TEL043,intercept,10,0,-125.4161
SP097,INT097,interview,10,SP044,TEL044,intercept,10,0,-158.8127
SP097,INT097,interview,10,SP045,TEL045,intercept,10,0,-127.7622
SP097,INT097,interview,10,SP046,TEL046,intercept,10,0,-123.3753
SP097,INT097,interview,10,SP047,TEL047,intercept,10,0,-116.1342
SP097,INT097,interview,10,SP048,TEL048,intercept,10,0,-122.576
SP097,INT097,interview,10,SP049,TEL049,intercept,10,0,-117.8009
SP097,INT097,interview,10,SP050,TEL050,intercept,10,0,-130.5781
SP097,INT097,interview,10,SP051,TEL051,intercept,10,0,-100.7269
SP097,INT097,interview,10,SP052,TEL052,intercept,10,0,-120.9702
SP097,INT097,interview,10,SP053,TEL053,intercept,10,0,-80.99039
SP097,INT097,interview,10,SP054,TEL054,intercept,10,0,-101.8629
SP097,INT097,interview,10,SP056,TEL056,intercept,10,0,-136.4662
SP097,INT097,interview,10,SP058,TEL058,intercept,10,0,-99.86609
SP097,INT097,interview,10,SP059,TEL059,intercept,10,0,-98.76486
SP097,INT097,interview,10,SP060,TEL060,intercept,10,0,-103.7473
SP097,INT097,interview,10,SP062,TEL062,intercept,10,0,-127.0909
SP097,INT097,interview,10,SP063,TEL063,intercept,10,0,-101.3544
SP097,INT097,interview,10,SP064,TEL064,intercept,10,0,-101.3966
SP097,INT097,interview,10,SP065,TEL065,intercept,10,0,-124.1309
SP097,INT097,interview,10,SP066,TEL066,intercept,10,0,-172.2056
SP097,INT097,interview,10,SP067,TEL067,intercept,10,0,-103.4112
SP097,INT097,interview,10,SP068,TEL068,intercept,10,0,-164.2466
SP097,INT097,interview,10,SP069,TEL069,intercept,10,0,-117.6497
SP097,INT097,interview,10,SP071,TEL071,intercept,10,0,-129.4529
SP097,INT097,interview,10,SP072,TEL072,intercept,10,0,-117.431
SP097,INT097,interview,10,SP073,TEL073,intercept,10,0,-117.4064
SP097,INT097,interview,10,SP074,TEL074,intercept,10,0,-140.1002
SP097,INT097,interview,10,SP075,TEL075,intercept,10,0,-115.545
SP097,INT097,interview,10,SP076,TEL076,intercept,10,0,-191.1934
SP097,INT097,interview,10,SP077,TEL077,intercept,10,0,-132.4476
SP097,INT097,interview,10,SP078,TEL078,intercept,10,0,-115.0746
SP097,INT097,interview,10,SP079,TEL079,intercept,10,0,-93.05245
SP097,INT097,interview,10,SP080,TEL080,intercept,10,0,-94.60614
SP097,INT097,interview,10,SP081,TEL081,intercept,10,0,-136.2316
SP097,INT097,interview,10,SP084,TEL084,intercept,10,0,-85.09063
SP097,INT097,interview,10,SP085,TEL085,intercept,10,0,-90.90833
SP097,INT097,interview,10,SP086,TEL086,intercept,10,0,-142.3033
SP097,INT097,interview,10,SP087,TEL087,intercept,10,0,-142.194
SP097,INT097,interview,10,SP088,TEL088,intercept,10,0,-91.09486
SP097,INT097,interview,10,SP090,TEL090,intercept,10,0,-108.4591
SP097,INT097,interview,10,SP093,TEL093,intercept,10,0,-104.9862
SP097,INT097,interview,10,SP094,TEL094,intercept,10,0,-100.01
SP097,INT097,interview,10,SP095,TEL095,intercept,10,0,-124.8334
SP097,INT097,interview,10,SP096,TEL096,intercept,10,0,-152.6658
SP097,INT097,interview,10,SP097,TEL097,intercept,10,1,-30.92633
SP097,INT097,interview,10,SP099,TEL099,intercept,10,0,-122.8128
SP097,INT097,interview,10,SP100,TEL100,intercept,10,0,-157.2206
SP097,INT097,interview,10,SP102,TEL102,intercept,10,0,-85.11578
SP097,INT097,interview,10,SP103,TEL103,intercept,10,0,-92.88131
SP097,INT097,interview,10,SP105,TEL105,intercept,10,0,-148.0937
SP097,INT097,interview,10,SP106,TEL106,intercept,10,0,-156.5482
SP097,INT097,interview,10,SP107,TEL107,intercept,10,0,-113.0013
SP097,INT097,interview,10,SP108,TEL108,intercept,10,0,-91.92434
SP097,INT097,interview,10,SP111,TEL111,intercept,10,0,-130.8574
SP097,INT097,interview,10,SP112,TEL112,intercept,10,0,-102.3641
SP097,INT097,interview,10,SP113,TEL113,intercept,10,0,-162.0787
SP097,INT097,interview,10,SP114,TEL114,intercept,10,0,-81.02843
SP097,INT097,interview,10,SP115,TEL115,intercept,10,0,-100.1166
SP097,INT097,interview,10,SP118,TEL118,intercept,10,0,-139.3213
SP097,INT097,interview,10,SP120,TEL120,intercept,10,0,-121.7466
SP097,INT097,interview,10,SP121,TEL121,intercept,10,0,-127.4102
SP099,INT099,interview,10,SP001,TEL001,intercept,10,0,-103.2045
SP099,INT099,interview,10,SP002,TEL002,intercept,10,0,-104.7655
SP099,INT099,interview,10,SP003,TEL003,intercept,10,0,-126.6565
SP099,INT099,interview,10,SP004,TEL004,intercept,10,0,-103.3523
SP099,INT099,interview,10,SP008,TEL008,intercept,10,0,-114.6477
SP099,INT099,interview,10,SP010,TEL010,intercept,10,0,-85.23004
SP099,INT099,interview,10,SP011,TEL011,intercept,10,0,-113.0263
SP099,INT099,interview,10,SP012,TEL012,intercept,10,0,-108.2492
SP099,INT099,interview,10,SP013,TEL013,intercept,10,0,-80.43697
SP099,INT099,interview,10,SP015,TEL015,intercept,10,0,-83.94193
SP099,INT099,interview,10,SP016,TEL016,intercept,10,0,-76.36784
SP099,INT099,interview,10,SP017,TEL017,intercept,10,0,-104.3052
SP099,INT099,interview,10,SP018,TEL018,intercept,10,0,-130.2492
SP099,INT099,interview,10,SP019,TEL019,intercept,10,0,-105.1673
SP099,INT099,interview,10,SP020,TEL020,intercept,10,0,-126.5479
SP099,INT099,interview,10,SP021,TEL021,intercept,10,0,-126.1236
SP099,INT099,interview,10,SP022,TEL022,intercept,10,0,-118.471
SP099,INT099,interview,10,SP023,TEL023,intercept,10,0,-121.325
SP099,INT099,interview,10,SP024,TEL024,intercept,10,0,-119.4389
SP099,INT099,interview,10,SP025,TEL025,intercept,10,0,-59.79089
SP099,INT099,interview,10,SP026,TEL026,intercept,10,0,-124.6547
SP099,INT099,interview,10,SP027,TEL027,intercept,10,0,-127.7289
SP099,INT099,interview,10,SP028,TEL028,intercept,10,0,-77.5759
SP099,INT099,interview,10,SP029,TEL029,intercept,10,0,-115.022
SP099,INT099,interview,10,SP030,TEL030,intercept,10,0,-83.82894
SP099,INT099,interview,10,SP031,TEL031,intercept,10,0,-117.3995
SP099,INT099,interview,10,SP032,TEL032,intercept,10,0,-96.08864
SP099,INT099,interview,10,SP033,TEL033,intercept,10,0,-84.75124
SP099,INT099,interview,10,SP034,TEL034,intercept,10,0,-95.61155
SP099,INT099,interview,10,SP035,TEL035,intercept,10,0,-92.57794
SP099,INT099,interview,10,SP036,TEL036,intercept,10,0,-96.39512
SP099,INT099,interview,10,SP037,TEL037,intercept,10,0,-132.3069
SP099,INT099,interview,10,SP038,TEL038,intercept,10,0,-132.9448
SP099,INT099,interview,10,SP039,TEL039,intercept,10,0,-110.5829
SP099,INT099,interview,10,SP040,TEL040,intercept,10,0,-73.70442
SP099,INT099,interview,10,SP042,TEL042,intercept,10,0,-67.64218
SP099,INT099,interview,10,SP043,TEL043,intercept,10,0,-123.3383
SP099,INT099,interview,10,SP044,TEL044,intercept,10,0,-101.8941
SP099,INT099,interview,10,SP045,TEL045,intercept,10,0,-97.71099
SP099,INT099,interview,10,SP046,TEL046,intercept,10,0,-81.27685
SP099,INT099,interview,10,SP047,TEL047,intercept,10,0,-105.5723
SP099,INT099,interview,10,SP048,TEL048,intercept,10,0,-52.94604
SP099,INT099,interview,10,SP049,TEL049,intercept,10,0,-143.3279
SP099,INT099,interview,10,SP050,TEL050,intercept,10,0,-71.23063
SP099,INT099,interview,10,SP051,TEL051,intercept,10,0,-101.3369
SP099,INT099,interview,10,SP052,TEL052,intercept,10,0,-97.33123
SP099,INT099,interview,10,SP053,TEL053,intercept,10,0,-98.71312
SP099,INT099,interview,10,SP054,TEL054,intercept,10,0,-107.9937
SP099,INT099,interview,10,SP056,TEL056,intercept,10,0,-89.15787
SP099,INT099,interview,10,SP058,TEL058,intercept,10,0,-101.5507
SP099,INT099,interview,10,SP059,TEL059,intercept,10,0,-110.1758
SP099,INT099,interview,10,SP060,TEL060,intercept,10,0,-69.92682
SP099,INT099,interview,10,SP062,TEL062,intercept,10,0,-101.3996
SP099,INT099,interview,10,SP063,TEL063,intercept,10,0,-106.5048
SP099,INT099,interview,10,SP064,TEL064,intercept,10,0,-96.70294
SP099,INT099,interview,10,SP065,TEL065,intercept,10,0,-103.7608
SP099,INT099,interview,10,SP066,TEL066,intercept,10,0,-85.20669
SP099,INT099,interview,10,SP067,TEL067,intercept,10,0,-75.08562
SP099,INT099,interview,10,SP068,TEL068,intercept,10,0,-95.22533
SP099,INT099,interview,10,SP069,TEL069,intercept,10,0,-59.84459
SP099,INT099,interview,10,SP071,TEL071,intercept,10,0,-95.18098
SP099,INT099,interview,10,SP072,TEL072,intercept,10,0,-82.38247
SP099,INT099,interview,10,SP073,TEL073,intercept,10,0,-162.4286
SP099,INT099,interview,10,SP074,TEL074,intercept,10,0,-66.73174
SP099,INT099,interview,10,SP075,TEL075,intercept,10,0,-121.3412
SP099,INT099,interview,10,SP076,TEL076,intercept,10,0,-119.9836
SP099,INT099,interview,10,SP077,TEL077,intercept,10,0,-108.2277
SP099,INT099,interview,10,SP078,TEL078,intercept,10,0,-105.3594
SP099,INT099,interview,10,SP079,TEL079,intercept,10,0,-85.20199
SP099,INT099,interview,10,SP080,TEL080,intercept,10,0,-128.5376
SP099,INT099,interview,10,SP081,TEL081,intercept,10,0,-62.76892
SP099,INT099,interview,10,SP084,TEL084,intercept,10,0,-60.61461
SP099,INT099,interview,10,SP085,TEL085,intercept,10,0,-116.0326
SP099,INT099,interview,10,SP086,TEL086,intercept,10,0,-147.8297
SP099,INT099,interview,10,SP087,TEL087,intercept,10,0,-84.31356
SP099,INT099,interview,10,SP088,TEL088,intercept,10,0,-76.85945
SP099,INT099,interview,10,SP090,TEL090,intercept,10,0,-83.05975
SP099,INT099,interview,10,SP093,TEL093,intercept,10,0,-110.4968
SP099,INT099,interview,10,SP094,TEL094,intercept,10,0,-70.20773
SP099,INT099,interview,10,SP095,TEL095,intercept,10,0,-68.81649
SP099,INT099,interview,10,SP096,TEL096,intercept,10,0,-89.58757
SP099,INT099,interview,10,SP097,TEL097,intercept,10,0,-60.67708
SP099,INT099,interview,10,SP099,TEL099,intercept,10,1,-69.65652
SP099,INT099,interview,10,SP100,TEL100,intercept,10,0,-125.5063
SP099,INT099,interview,10,SP102,TEL102,intercept,10,0,-90.86121
SP099,INT099,interview,10,SP103,TEL103,intercept,10,0,-99.62155
SP099,INT099,interview,10,SP105,TEL105,intercept,10,0,-97.41357
SP099,INT099,interview,10,SP106,TEL106,intercept,10,0,-87.75924
SP099,INT099,interview,10,SP107,TEL107,intercept,10,0,-47.3686
SP099,INT099,interview,10,SP108,TEL108,intercept,10,0,-101.3199
SP099,INT099,interview,10,SP111,TEL111,intercept,10,0,-72.48264
SP099,INT099,interview,10,SP112,TEL112,intercept,10,0,-77.22108
SP099,INT099,interview,10,SP113,TEL113,intercept,10,0,-125.2036
SP099,INT099,interview,10,SP114,TEL114,intercept,10,0,-50.95866
SP099,INT099,interview,10,SP115,TEL115,intercept,10,0,-65.05046
SP099,INT099,interview,10,SP118,TEL118,intercept,10,0,-137.3811
SP099,INT099,interview,10,SP120,TEL120,intercept,10,0,-88.02697
SP099,INT099,interview,10,SP121,TEL121,intercept,10,0,-98.35756
SP100,INT100,interview,10,SP001,TEL001,intercept,10,0,-93.87027
SP100,INT100,interview,10,SP002,TEL002,intercept,10,0,-135.6361
SP100,INT100,interview,10,SP003,TEL003,intercept,10,0,-134.5567
SP100,INT100,interview,10,SP004,TEL004,intercept,10,0,-87.81077
SP100,INT100,interview,10,SP008,TEL008,intercept,10,0,-132.01
SP100,INT100,interview,10,SP010,TEL010,intercept,10,0,-98.81221
SP100,INT100,interview,10,SP011,TEL011,intercept,10,0,-85.95496
SP100,INT100,interview,10,SP012,TEL012,intercept,10,0,-96.79865
SP100,INT100,interview,10,SP013,TEL013,intercept,10,0,-63.26127
SP100,INT100,interview,10,SP015,TEL015,intercept,10,0,-83.79709
SP100,INT100,interview,10,SP016,TEL016,intercept,10,0,-108.209
SP100,INT100,interview,10,SP017,TEL017,intercept,10,0,-53.11697
SP100,INT100,interview,10,SP018,TEL018,intercept,10,0,-109.7461
SP100,INT100,interview,10,SP019,TEL019,intercept,10,0,-83.93745
SP100,INT100,interview,10,SP020,TEL020,intercept,10,0,-114.3878
SP100,INT100,interview,10,SP021,TEL021,intercept,10,0,-113.97
SP100,INT100,interview,10,SP022,TEL022,intercept,10,0,-134.3211
SP100,INT100,interview,10,SP023,TEL023,intercept,10,0,-108.2769
SP100,INT100,interview,10,SP024,TEL024,intercept,10,0,-137.9309
SP100,INT100,interview,10,SP025,TEL025,intercept,10,0,-36.56701
SP100,INT100,interview,10,SP026,TEL026,intercept,10,0,-82.23085
SP100,INT100,interview,10,SP027,TEL027,intercept,10,0,-115.5859
SP100,INT100,interview,10,SP028,TEL028,intercept,10,0,-63.26922
SP100,INT100,interview,10,SP029,TEL029,intercept,10,0,-95.5236
SP100,INT100,interview,10,SP030,TEL030,intercept,10,0,-109.2382
SP100,INT100,interview,10,SP031,TEL031,intercept,10,0,-111.1654
SP100,INT100,interview,10,SP032,TEL032,intercept,10,0,-125.7432
SP100,INT100,interview,10,SP033,TEL033,intercept,10,0,-104.9733
SP100,INT100,interview,10,SP034,TEL034,intercept,10,0,-94.98647
SP100,INT100,interview,10,SP035,TEL035,intercept,10,0,-78.26479
SP100,INT100,interview,10,SP036,TEL036,intercept,10,0,-80.03588
SP100,INT100,interview,10,SP037,TEL037,intercept,10,0,-136.339
SP100,INT100,interview,10,SP038,TEL038,intercept,10,0,-128.9193
SP100,INT100,interview,10,SP039,TEL039,intercept,10,0,-107.6413
SP100,INT100,interview,10,SP040,TEL040,intercept,10,0,-61.06744
SP100,INT100,interview,10,SP042,TEL042,intercept,10,0,-82.44614
SP100,INT100,interview,10,SP043,TEL043,intercept,10,0,-82.04559
SP100,INT100,interview,10,SP044,TEL044,intercept,10,0,-77.23734
SP100,INT100,interview,10,SP045,TEL045,intercept,10,0,-139.4058
SP100,INT100,interview,10,SP046,TEL046,intercept,10,0,-93.55814
SP100,INT100,interview,10,SP047,TEL047,intercept,10,0,-81.45485
SP100,INT100,interview,10,SP048,TEL048,intercept,10,0,-74.65056
SP100,INT100,interview,10,SP049,TEL049,intercept,10,0,-153.2114
SP100,INT100,interview,10,SP050,TEL050,intercept,10,0,-31.94823
SP100,INT100,interview,10,SP051,TEL051,intercept,10,0,-133.8643
SP100,INT100,interview,10,SP052,TEL052,intercept,10,0,-75.18613
SP100,INT100,interview,10,SP053,TEL053,intercept,10,0,-94.31155
SP100,INT100,interview,10,SP054,TEL054,intercept,10,0,-79.63011
SP100,INT100,interview,10,SP056,TEL056,intercept,10,0,-119.1908
SP100,INT100,interview,10,SP058,TEL058,intercept,10,0,-112.2344
SP100,INT100,interview,10,SP059,TEL059,intercept,10,0,-102.8662
SP100,INT100,interview,10,SP060,TEL060,intercept,10,0,-97.27829
SP100,INT100,interview,10,SP062,TEL062,intercept,10,0,-53.29712
SP100,INT100,interview,10,SP063,TEL063,intercept,10,0,-83.05968
SP100,INT100,interview,10,SP064,TEL064,intercept,10,0,-96.48742
SP100,INT100,interview,10,SP065,TEL065,intercept,10,0,-74.26392
SP100,INT100,interview,10,SP066,TEL066,intercept,10,0,-106.1458
SP100,INT100,interview,10,SP067,TEL067,intercept,10,0,-130.7691
SP100,INT100,interview,10,SP068,TEL068,intercept,10,0,-97.57271
SP100,INT100,interview,10,SP069,TEL069,intercept,10,0,-90.45846
SP100,INT100,interview,10,SP071,TEL071,intercept,10,0,-89.6943
SP100,INT100,interview,10,SP072,TEL072,intercept,10,0,-76.68982
SP100,INT100,interview,10,SP073,TEL073,intercept,10,0,-114.3299
SP100,INT100,interview,10,SP074,TEL074,intercept,10,0,-57.96183
SP100,INT100,interview,10,SP075,TEL075,intercept,10,0,-105.3882
SP100,INT100,interview,10,SP076,TEL076,intercept,10,0,-114.4953
SP100,INT100,interview,10,SP077,TEL077,intercept,10,0,-60.05365
SP100,INT100,interview,10,SP078,TEL078,intercept,10,0,-94.05235
SP100,INT100,interview,10,SP079,TEL079,intercept,10,0,-125.3935
SP100,INT100,interview,10,SP080,TEL080,intercept,10,0,-94.43077
SP100,INT100,interview,10,SP081,TEL081,intercept,10,0,-97.37684
SP100,INT100,interview,10,SP084,TEL084,intercept,10,0,-45.51005
SP100,INT100,interview,10,SP085,TEL085,intercept,10,0,-133.4941
SP100,INT100,interview,10,SP086,TEL086,intercept,10,0,-115.5623
SP100,INT100,interview,10,SP087,TEL087,intercept,10,0,-58.93991
SP100,INT100,interview,10,SP088,TEL088,intercept,10,0,-47.76806
SP100,INT100,interview,10,SP090,TEL090,intercept,10,0,-95.33277
SP100,INT100,interview,10,SP093,TEL093,intercept,10,0,-80.51973
SP100,INT100,interview,10,SP094,TEL094,intercept,10,0,-98.54976
SP100,INT100,interview,10,SP095,TEL095,intercept,10,0,-88.10216
SP100,INT100,interview,10,SP096,TEL096,intercept,10,0,-65.63375
SP100,INT100,interview,10,SP097,TEL097,intercept,10,0,-144.2963
SP100,INT100,interview,10,SP099,TEL099,intercept,10,0,-111.7204
SP100,INT100,interview,10,SP100,TEL100,intercept,10,1,-49.6741
SP100,INT100,interview,10,SP102,TEL102,intercept,10,0,-62.53783
SP100,INT100,interview,10,SP103,TEL103,intercept,10,0,-104.3938
SP100,INT100,interview,10,SP105,TEL105,intercept,10,0,-94.97344
SP100,INT100,interview,10,SP106,TEL106,intercept,10,0,-123.2307
SP100,INT100,interview,10,SP107,TEL107,intercept,10,0,-92.51869
SP100,INT100,interview,10,SP108,TEL108,intercept,10,0,-93.30579
SP100,INT100,interview,10,SP111,TEL111,intercept,10,0,-93.42334
SP100,INT100,interview,10,SP112,TEL112,intercept,10,0,-91.92536
SP100,INT100,interview,10,SP113,TEL113,intercept,10,0,-90.37518
SP100,INT100,interview,10,SP114,TEL114,intercept,10,0,-92.09229
SP100,INT100,interview,10,SP115,TEL115,intercept,10,0,-91.28897
SP100,INT100,interview,10,SP118,TEL118,intercept,10,0,-98.05652
SP100,INT100,interview,10,SP120,TEL120,intercept,10,0,-97.21033
SP100,INT100,interview,10,SP121,TEL121,intercept,10,0,-91.33807
SP102,INT102,interview,10,SP001,TEL001,intercept,10,0,-99.9534
SP102,INT102,interview,10,SP002,TEL002,intercept,10,0,-135.9377
SP102,INT102,interview,10,SP003,TEL003,intercept,10,0,-122.7753
SP102,INT102,interview,10,SP004,TEL004,intercept,10,0,-67.32799
SP102,INT102,interview,10,SP008,TEL008,intercept,10,0,-125.3231
SP102,INT102,interview,10,SP010,TEL010,intercept,10,0,-98.44851
SP102,INT102,interview,10,SP011,TEL011,intercept,10,0,-95.57201
SP102,INT102,interview,10,SP012,TEL012,intercept,10,0,-83.76319
SP102,INT102,interview,10,SP013,TEL013,intercept,10,0,-72.65678
SP102,INT102,interview,10,SP015,TEL015,intercept,10,0,-76.05256
SP102,INT102,interview,10,SP016,TEL016,intercept,10,0,-92.91915
SP102,INT102,interview,10,SP017,TEL017,intercept,10,0,-44.10526
SP102,INT102,interview,10,SP018,TEL018,intercept,10,0,-112.2149
SP102,INT102,interview,10,SP019,TEL019,intercept,10,0,-109.7097
SP102,INT102,interview,10,SP020,TEL020,intercept,10,0,-85.88388
SP102,INT102,interview,10,SP021,TEL021,intercept,10,0,-98.8875
SP102,INT102,interview,10,SP022,TEL022,intercept,10,0,-135.1142
SP102,INT102,interview,10,SP023,TEL023,intercept,10,0,-113.5086
SP102,INT102,interview,10,SP024,TEL024,intercept,10,0,-129.4004
SP102,INT102,interview,10,SP025,TEL025,intercept,10,0,-68.09219
SP102,INT102,interview,10,SP026,TEL026,intercept,10,0,-107.6799
SP102,INT102,interview,10,SP027,TEL027,intercept,10,0,-105.6575
SP102,INT102,interview,10,SP028,TEL028,intercept,10,0,-80.8851
SP102,INT102,interview,10,SP029,TEL029,intercept,10,0,-120.8179
SP102,INT102,interview,10,SP030,TEL030,intercept,10,0,-62.9927
SP102,INT102,interview,10,SP031,TEL031,intercept,10,0,-109.06
SP102,INT102,interview,10,SP032,TEL032,intercept,10,0,-116.3852
SP102,INT102,interview,10,SP033,TEL033,intercept,10,0,-116.6529
SP102,INT102,interview,10,SP034,TEL034,intercept,10,0,-120.6224
SP102,INT102,interview,10,SP035,TEL035,intercept,10,0,-91.85996
SP102,INT102,interview,10,SP036,TEL036,intercept,10,0,-108.2962
SP102,INT102,interview,10,SP037,TEL037,intercept,10,0,-161.6949
SP102,INT102,interview,10,SP038,TEL038,intercept,10,0,-119.529
SP102,INT102,interview,10,SP039,TEL039,intercept,10,0,-98.64707
SP102,INT102,interview,10,SP040,TEL040,intercept,10,0,-67.20339
SP102,INT102,interview,10,SP042,TEL042,intercept,10,0,-103.5415
SP102,INT102,interview,10,SP043,TEL043,intercept,10,0,-81.6004
SP102,INT102,interview,10,SP044,TEL044,intercept,10,0,-80.17301
SP102,INT102,interview,10,SP045,TEL045,intercept,10,0,-121.5655
SP102,INT102,interview,10,SP046,TEL046,intercept,10,0,-53.81618
SP102,INT102,interview,10,SP047,TEL047,intercept,10,0,-95.5971
SP102,INT102,interview,10,SP048,TEL048,intercept,10,0,-80.97958
SP102,INT102,interview,10,SP049,TEL049,intercept,10,0,-140.7644
SP102,INT102,interview,10,SP050,TEL050,intercept,10,0,-90.96282
SP102,INT102,interview,10,SP051,TEL051,intercept,10,0,-121.8045
SP102,INT102,interview,10,SP052,TEL052,intercept,10,0,-113.2261
SP102,INT102,interview,10,SP053,TEL053,intercept,10,0,-111.7109
SP102,INT102,interview,10,SP054,TEL054,intercept,10,0,-81.86022
SP102,INT102,interview,10,SP056,TEL056,intercept,10,0,-97.55125
SP102,INT102,interview,10,SP058,TEL058,intercept,10,0,-106.9823
SP102,INT102,interview,10,SP059,TEL059,intercept,10,0,-99.22267
SP102,INT102,interview,10,SP060,TEL060,intercept,10,0,-120.5699
SP102,INT102,interview,10,SP062,TEL062,intercept,10,0,-61.11185
SP102,INT102,interview,10,SP063,TEL063,intercept,10,0,-110.7546
SP102,INT102,interview,10,SP064,TEL064,intercept,10,0,-90.49725
SP102,INT102,interview,10,SP065,TEL065,intercept,10,0,-106.1243
SP102,INT102,interview,10,SP066,TEL066,intercept,10,0,-112.6801
SP102,INT102,interview,10,SP067,TEL067,intercept,10,0,-99.76025
SP102,INT102,interview,10,SP068,TEL068,intercept,10,0,-101.2948
SP102,INT102,interview,10,SP069,TEL069,intercept,10,0,-110.0602
SP102,INT102,interview,10,SP071,TEL071,intercept,10,0,-79.38921
SP102,INT102,interview,10,SP072,TEL072,intercept,10,0,-82.42873
SP102,INT102,interview,10,SP073,TEL073,intercept,10,0,-100.0043
SP102,INT102,interview,10,SP074,TEL074,intercept,10,0,-88.85997
SP102,INT102,interview,10,SP075,TEL075,intercept,10,0,-121.0446
SP102,INT102,interview,10,SP076,TEL076,intercept,10,0,-121.4776
SP102,INT102,interview,10,SP077,TEL077,intercept,10,0,-84.27069
SP102,INT102,interview,10,SP078,TEL078,intercept,10,0,-132.2492
SP102,INT102,interview,10,SP079,TEL079,intercept,10,0,-156.3575
SP102,INT102,interview,10,SP080,TEL080,intercept,10,0,-133.1327
SP102,INT102,interview,10,SP081,TEL081,intercept,10,0,-124.7661
SP102,INT102,interview,10,SP084,TEL084,intercept,10,0,-89.35032
SP102,INT102,interview,10,SP085,TEL085,intercept,10,0,-136.412
SP102,INT102,interview,10,SP086,TEL086,intercept,10,0,-97.66125
SP102,INT102,interview,10,SP087,TEL087,intercept,10,0,-77.47021
SP102,INT102,interview,10,SP088,TEL088,intercept,10,0,-77.61102
SP102,INT102,interview,10,SP090,TEL090,intercept,10,0,-99.89095
SP102,INT102,interview,10,SP093,TEL093,intercept,10,0,-88.36366
SP102,INT102,interview,10,SP094,TEL094,intercept,10,0,-108.0315
SP102,INT102,interview,10,SP095,TEL095,intercept,10,0,-59.72705
SP102,INT102,interview,10,SP096,TEL096,intercept,10,0,-105.055
SP102,INT102,interview,10,SP097,TEL097,intercept,10,0,-117.7225
SP102,INT102,interview,10,SP099,TEL099,intercept,10,0,-117.2363
SP102,INT102,interview,10,SP100,TEL100,intercept,10,0,-66.13563
SP102,INT102,interview,10,SP102,TEL102,intercept,10,1,-31.32013
SP102,INT102,interview,10,SP103,TEL103,intercept,10,0,-72.27434
SP102,INT102,interview,10,SP105,TEL105,intercept,10,0,-92.68008
SP102,INT102,interview,10,SP106,TEL106,intercept,10,0,-94.59074
SP102,INT102,interview,10,SP107,TEL107,intercept,10,0,-79.99747
SP102,INT102,interview,10,SP108,TEL108,intercept,10,0,-113.0817
SP102,INT102,interview,10,SP111,TEL111,intercept,10,0,-98.03235
SP102,INT102,interview,10,SP112,TEL112,intercept,10,0,-119.499
SP102,INT102,interview,10,SP113,TEL113,intercept,10,0,-117.776
SP102,INT102,interview,10,SP114,TEL114,intercept,10,0,-103.1761
SP102,INT102,interview,10,SP115,TEL115,intercept,10,0,-103.1265
SP102,INT102,interview,10,SP118,TEL118,intercept,10,0,-155.6118
SP102,INT102,interview,10,SP120,TEL120,intercept,10,0,-95.73894
SP102,INT102,interview,10,SP121,TEL121,intercept,10,0,-60.28148
SP103,INT103,interview,10,SP001,TEL001,intercept,10,0,-73.43674
SP103,INT103,interview,10,SP002,TEL002,intercept,10,0,-116.3118
SP103,INT103,interview,10,SP003,TEL003,intercept,10,0,-75.96447
SP103,INT103,interview,10,SP004,TEL004,intercept,10,0,-109.0356
SP103,INT103,interview,10,SP008,TEL008,intercept,10,0,-120.9885
SP103,INT103,interview,10,SP010,TEL010,intercept,10,0,-98.57298
SP103,INT103,interview,10,SP011,TEL011,intercept,10,0,-94.59265
SP103,INT103,interview,10,SP012,TEL012,intercept,10,0,-68.77838
SP103,INT103,interview,10,SP013,TEL013,intercept,10,0,-74.39
SP103,INT103,interview,10,SP015,TEL015,intercept,10,0,-71.28172
SP103,INT103,interview,10,SP016,TEL016,intercept,10,0,-51.6517
SP103,INT103,interview,10,SP017,TEL017,intercept,10,0,-108.1451
SP103,INT103,interview,10,SP018,TEL018,intercept,10,0,-110.7854
SP103,INT103,interview,10,SP019,TEL019,intercept,10,0,-141.1815
SP103,INT103,interview,10,SP020,TEL020,intercept,10,0,-142.1342
SP103,INT103,interview,10,SP021,TEL021,intercept,10,0,-123.4951
SP103,INT103,interview,10,SP022,TEL022,intercept,10,0,-84.76966
SP103,INT103,interview,10,SP023,TEL023,intercept,10,0,-82.65244
SP103,INT103,interview,10,SP024,TEL024,intercept,10,0,-89.23273
SP103,INT103,interview,10,SP025,TEL025,intercept,10,0,-79.18797
SP103,INT103,interview,10,SP026,TEL026,intercept,10,0,-75.23404
SP103,INT103,interview,10,SP027,TEL027,intercept,10,0,-126.7766
SP103,INT103,interview,10,SP028,TEL028,intercept,10,0,-139.2449
SP103,INT103,interview,10,SP029,TEL029,intercept,10,0,-82.89015
SP103,INT103,interview,10,SP030,TEL030,intercept,10,0,-109.3213
SP103,INT103,interview,10,SP031,TEL031,intercept,10,0,-113.1988
SP103,INT103,interview,10,SP032,TEL032,intercept,10,0,-63.52902
SP103,INT103,interview,10,SP033,TEL033,intercept,10,0,-73.57487
SP103,INT103,interview,10,SP034,TEL034,intercept,10,0,-66.92504
SP103,INT103,interview,10,SP035,TEL035,intercept,10,0,-80.64707
SP103,INT103,interview,10,SP036,TEL036,intercept,10,0,-56.02957
SP103,INT103,interview,10,SP037,TEL037,intercept,10,0,-83.74945
SP103,INT103,interview,10,SP038,TEL038,intercept,10,0,-118.93
SP103,INT103,interview,10,SP039,TEL039,intercept,10,0,-113.255
SP103,INT103,interview,10,SP040,TEL040,intercept,10,0,-103.3199
SP103,INT103,interview,10,SP042,TEL042,intercept,10,0,-90.98383
SP103,INT103,interview,10,SP043,TEL043,intercept,10,0,-99.99615
SP103,INT103,interview,10,SP044,TEL044,intercept,10,0,-154.7765
SP103,INT103,interview,10,SP045,TEL045,intercept,10,0,-104.1136
SP103,INT103,interview,10,SP046,TEL046,intercept,10,0,-81.48998
SP103,INT103,interview,10,SP047,TEL047,intercept,10,0,-88.27579
SP103,INT103,interview,10,SP048,TEL048,intercept,10,0,-109.114
SP103,INT103,interview,10,SP049,TEL049,intercept,10,0,-96.8414
SP103,INT103,interview,10,SP050,TEL050,intercept,10,0,-103.1003
SP103,INT103,interview,10,SP051,TEL051,intercept,10,0,-96.133
SP103,INT103,interview,10,SP052,TEL052,intercept,10,0,-106.2441
SP103,INT103,interview,10,SP053,TEL053,intercept,10,0,-70.37476
SP103,INT103,interview,10,SP054,TEL054,intercept,10,0,-102.5595
SP103,INT103,interview,10,SP056,TEL056,intercept,10,0,-80.14242
SP103,INT103,interview,10,SP058,TEL058,intercept,10,0,-76.72357
SP103,INT103,interview,10,SP059,TEL059,intercept,10,0,-108.6313
SP103,INT103,interview,10,SP060,TEL060,intercept,10,0,-105.4457
SP103,INT103,interview,10,SP062,TEL062,intercept,10,0,-88.42363
SP103,INT103,interview,10,SP063,TEL063,intercept,10,0,-101.9587
SP103,INT103,interview,10,SP064,TEL064,intercept,10,0,-121.4152
SP103,INT103,interview,10,SP065,TEL065,intercept,10,0,-135.5597
SP103,INT103,interview,10,SP066,TEL066,intercept,10,0,-138.5313
SP103,INT103,interview,10,SP067,TEL067,intercept,10,0,-152.7491
SP103,INT103,interview,10,SP068,TEL068,intercept,10,0,-127.4788
SP103,INT103,interview,10,SP069,TEL069,intercept,10,0,-109.857
SP103,INT103,interview,10,SP071,TEL071,intercept,10,0,-105.2864
SP103,INT103,interview,10,SP072,TEL072,intercept,10,0,-90.18383
SP103,INT103,interview,10,SP073,TEL073,intercept,10,0,-131.199
SP103,INT103,interview,10,SP074,TEL074,intercept,10,0,-99.34157
SP103,INT103,interview,10,SP075,TEL075,intercept,10,0,-113.1473
SP103,INT103,interview,10,SP076,TEL076,intercept,10,0,-131.5069
SP103,INT103,interview,10,SP077,TEL077,intercept,10,0,-101.3787
SP103,INT103,interview,10,SP078,TEL078,intercept,10,0,-141.8217
SP103,INT103,interview,10,SP079,TEL079,intercept,10,0,-98.13004
SP103,INT103,interview,10,SP080,TEL080,intercept,10,0,-63.50534
SP103,INT103,interview,10,SP081,TEL081,intercept,10,0,-111.6496
SP103,INT103,interview,10,SP084,TEL084,intercept,10,0,-62.21339
SP103,INT103,interview,10,SP085,TEL085,intercept,10,0,-100.1089
SP103,INT103,interview,10,SP086,TEL086,intercept,10,0,-139.3368
SP103,INT103,interview,10,SP087,TEL087,intercept,10,0,-78.49413
SP103,INT103,interview,10,SP088,TEL088,intercept,10,0,-73.70043
SP103,INT103,interview,10,SP090,TEL090,intercept,10,0,-68.15748
SP103,INT103,interview,10,SP093,TEL093,intercept,10,0,-72.01106
SP103,INT103,interview,10,SP094,TEL094,intercept,10,0,-96.58218
SP103,INT103,interview,10,SP095,TEL095,intercept,10,0,-80.33047
SP103,INT103,interview,10,SP096,TEL096,intercept,10,0,-113.5579
SP103,INT103,interview,10,SP097,TEL097,intercept,10,0,-86.73367
SP103,INT103,interview,10,SP099,TEL099,intercept,10,0,-103.1617
SP103,INT103,interview,10,SP100,TEL100,intercept,10,0,-119.6043
SP103,INT103,interview,10,SP102,TEL102,intercept,10,0,-103.5417
SP103,INT103,interview,10,SP103,TEL103,intercept,10,1,-17.52785
SP103,INT103,interview,10,SP105,TEL105,intercept,10,0,-130.0658
SP103,INT103,interview,10,SP106,TEL106,intercept,10,0,-102.3817
SP103,INT103,interview,10,SP107,TEL107,intercept,10,0,-79.11621
SP103,INT103,interview,10,SP108,TEL108,intercept,10,0,-87.93749
SP103,INT103,interview,10,SP111,TEL111,intercept,10,0,-97.13214
SP103,INT103,interview,10,SP112,TEL112,intercept,10,0,-56.88588
SP103,INT103,interview,10,SP113,TEL113,intercept,10,0,-119.4063
SP103,INT103,interview,10,SP114,TEL114,intercept,10,0,-78.14579
SP103,INT103,interview,10,SP115,TEL115,intercept,10,0,-82.68102
SP103,INT103,interview,10,SP118,TEL118,intercept,10,0,-107.8498
SP103,INT103,interview,10,SP120,TEL120,intercept,10,0,-139.2334
SP103,INT103,interview,10,SP121,TEL121,intercept,10,0,-142.291
SP105,INT105,interview,10,SP001,TEL001,intercept,10,0,-123.1759
SP105,INT105,interview,10,SP002,TEL002,intercept,10,0,-160.3359
SP105,INT105,interview,10,SP003,TEL003,intercept,10,0,-140.6626
SP105,INT105,interview,10,SP004,TEL004,intercept,10,0,-91.39616
SP105,INT105,interview,10,SP008,TEL008,intercept,10,0,-99.33676
SP105,INT105,interview,10,SP010,TEL010,intercept,10,0,-92.93399
SP105,INT105,interview,10,SP011,TEL011,intercept,10,0,-90.81047
SP105,INT105,interview,10,SP012,TEL012,intercept,10,0,-133.4131
SP105,INT105,interview,10,SP013,TEL013,intercept,10,0,-109.7341
SP105,INT105,interview,10,SP015,TEL015,intercept,10,0,-85.15854
SP105,INT105,interview,10,SP016,TEL016,intercept,10,0,-82.42028
SP105,INT105,interview,10,SP017,TEL017,intercept,10,0,-88.9787
SP105,INT105,interview,10,SP018,TEL018,intercept,10,0,-107.9385
SP105,INT105,interview,10,SP019,TEL019,intercept,10,0,-55.08855
SP105,INT105,interview,10,SP020,TEL020,intercept,10,0,-125.1709
SP105,INT105,interview,10,SP021,TEL021,intercept,10,0,-51.86342
SP105,INT105,interview,10,SP022,TEL022,intercept,10,0,-105.188
SP105,INT105,interview,10,SP023,TEL023,intercept,10,0,-92.58536
SP105,INT105,interview,10,SP024,TEL024,intercept,10,0,-128.9468
SP105,INT105,interview,10,SP025,TEL025,intercept,10,0,-68.65471
SP105,INT105,interview,10,SP026,TEL026,intercept,10,0,-139.0607
SP105,INT105,interview,10,SP027,TEL027,intercept,10,0,-83.0432
SP105,INT105,interview,10,SP028,TEL028,intercept,10,0,-77.22709
SP105,INT105,interview,10,SP029,TEL029,intercept,10,0,-126.6694
SP105,INT105,interview,10,SP030,TEL030,intercept,10,0,-94.03026
SP105,INT105,interview,10,SP031,TEL031,intercept,10,0,-113.8523
SP105,INT105,interview,10,SP032,TEL032,intercept,10,0,-94.23248
SP105,INT105,interview,10,SP033,TEL033,intercept,10,0,-85.5801
SP105,INT105,interview,10,SP034,TEL034,intercept,10,0,-99.63094
SP105,INT105,interview,10,SP035,TEL035,intercept,10,0,-81.59156
SP105,INT105,interview,10,SP036,TEL036,intercept,10,0,-75.51433
SP105,INT105,interview,10,SP037,TEL037,intercept,10,0,-143.4155
SP105,INT105,interview,10,SP038,TEL038,intercept,10,0,-126.528
SP105,INT105,interview,10,SP039,TEL039,intercept,10,0,-82.10914
SP105,INT105,interview,10,SP040,TEL040,intercept,10,0,-80.59595
SP105,INT105,interview,10,SP042,TEL042,intercept,10,0,-63.76953
SP105,INT105,interview,10,SP043,TEL043,intercept,10,0,-88.93742
SP105,INT105,interview,10,SP044,TEL044,intercept,10,0,-41.20359
SP105,INT105,interview,10,SP045,TEL045,intercept,10,0,-136.9628
SP105,INT105,interview,10,SP046,TEL046,intercept,10,0,-106.9942
SP105,INT105,interview,10,SP047,TEL047,intercept,10,0,-120.1109
SP105,INT105,interview,10,SP048,TEL048,intercept,10,0,-63.57476
SP105,INT105,interview,10,SP049,TEL049,intercept,10,0,-147.7932
SP105,INT105,interview,10,SP050,TEL050,intercept,10,0,-41.4436
SP105,INT105,interview,10,SP051,TEL051,intercept,10,0,-144.368
SP105,INT105,interview,10,SP052,TEL052,intercept,10,0,-105.9377
SP105,INT105,interview,10,SP053,TEL053,intercept,10,0,-76.79281
SP105,INT105,interview,10,SP054,TEL054,intercept,10,0,-70.01569
SP105,INT105,interview,10,SP056,TEL056,intercept,10,0,-113.6557
SP105,INT105,interview,10,SP058,TEL058,intercept,10,0,-94.71092
SP105,INT105,interview,10,SP059,TEL059,intercept,10,0,-65.63635
SP105,INT105,interview,10,SP060,TEL060,intercept,10,0,-73.84441
SP105,INT105,interview,10,SP062,TEL062,intercept,10,0,-84.85091
SP105,INT105,interview,10,SP063,TEL063,intercept,10,0,-94.11365
SP105,INT105,interview,10,SP064,TEL064,intercept,10,0,-93.06543
SP105,INT105,interview,10,SP065,TEL065,intercept,10,0,-67.75378
SP105,INT105,interview,10,SP066,TEL066,intercept,10,0,-78.69107
SP105,INT105,interview,10,SP067,TEL067,intercept,10,0,-96.37888
SP105,INT105,interview,10,SP068,TEL068,intercept,10,0,-89.41338
SP105,INT105,interview,10,SP069,TEL069,intercept,10,0,-118.7502
SP105,INT105,interview,10,SP071,TEL071,intercept,10,0,-86.02882
SP105,INT105,interview,10,SP072,TEL072,intercept,10,0,-63.82849
SP105,INT105,interview,10,SP073,TEL073,intercept,10,0,-99.26098
SP105,INT105,interview,10,SP074,TEL074,intercept,10,0,-80.40495
SP105,INT105,interview,10,SP075,TEL075,intercept,10,0,-139.8234
SP105,INT105,interview,10,SP076,TEL076,intercept,10,0,-86.15591
SP105,INT105,interview,10,SP077,TEL077,intercept,10,0,-63.53843
SP105,INT105,interview,10,SP078,TEL078,intercept,10,0,-54.00847
SP105,INT105,interview,10,SP079,TEL079,intercept,10,0,-134.7706
SP105,INT105,interview,10,SP080,TEL080,intercept,10,0,-76.62196
SP105,INT105,interview,10,SP081,TEL081,intercept,10,0,-111.9484
SP105,INT105,interview,10,SP084,TEL084,intercept,10,0,-51.64745
SP105,INT105,interview,10,SP085,TEL085,intercept,10,0,-139.4598
SP105,INT105,interview,10,SP086,TEL086,intercept,10,0,-84.21501
SP105,INT105,interview,10,SP087,TEL087,intercept,10,0,-99.26737
SP105,INT105,interview,10,SP088,TEL088,intercept,10,0,-58.03117
SP105,INT105,interview,10,SP090,TEL090,intercept,10,0,-105.1938
SP105,INT105,interview,10,SP093,TEL093,intercept,10,0,-107.4933
SP105,INT105,interview,10,SP094,TEL094,intercept,10,0,-101.3676
SP105,INT105,interview,10,SP095,TEL095,intercept,10,0,-117.6121
SP105,INT105,interview,10,SP096,TEL096,intercept,10,0,-114.8267
SP105,INT105,interview,10,SP097,TEL097,intercept,10,0,-95.2589
SP105,INT105,interview,10,SP099,TEL099,intercept,10,0,-93.62776
SP105,INT105,interview,10,SP100,TEL100,intercept,10,0,-76.64033
SP105,INT105,interview,10,SP102,TEL102,intercept,10,0,-73.3028
SP105,INT105,interview,10,SP103,TEL103,intercept,10,0,-146.5699
SP105,INT105,interview,10,SP105,TEL105,intercept,10,1,2.805169
SP105,INT105,interview,10,SP106,TEL106,intercept,10,0,-76.27853
SP105,INT105,interview,10,SP107,TEL107,intercept,10,0,-80.11459
SP105,INT105,interview,10,SP108,TEL108,intercept,10,0,-114.8668
SP105,INT105,interview,10,SP111,TEL111,intercept,10,0,-104.1298
SP105,INT105,interview,10,SP112,TEL112,intercept,10,0,-113.589
SP105,INT105,interview,10,SP113,TEL113,intercept,10,0,-97.06777
SP105,INT105,interview,10,SP114,TEL114,intercept,10,0,-87.3524
SP105,INT105,interview,10,SP115,TEL115,intercept,10,0,-62.14623
SP105,INT105,interview,10,SP118,TEL118,intercept,10,0,-119.5624
SP105,INT105,interview,10,SP120,TEL120,intercept,10,0,-93.28189
SP105,INT105,interview,10,SP121,TEL121,intercept,10,0,-48.82968
SP106,INT106,interview,10,SP001,TEL001,intercept,10,0,-116.3844
SP106,INT106,interview,10,SP002,TEL002,intercept,10,0,-108.6081
SP106,INT106,interview,10,SP003,TEL003,intercept,10,0,-94.66813
SP106,INT106,interview,10,SP004,TEL004,intercept,10,0,-120.3148
SP106,INT106,interview,10,SP008,TEL008,intercept,10,0,-103.2358
SP106,INT106,interview,10,SP010,TEL010,intercept,10,0,-49.22979
SP106,INT106,interview,10,SP011,TEL011,intercept,10,0,-60.31333
SP106,INT106,interview,10,SP012,TEL012,intercept,10,0,-52.88476
SP106,INT106,interview,10,SP013,TEL013,intercept,10,0,-91.8764
SP106,INT106,interview,10,SP015,TEL015,intercept,10,0,-56.85069
SP106,INT106,interview,10,SP016,TEL016,intercept,10,0,-75.65736
SP106,INT106,interview,10,SP017,TEL017,intercept,10,0,-113.1454
SP106,INT106,interview,10,SP018,TEL018,intercept,10,0,-105.1502
SP106,INT106,interview,10,SP019,TEL019,intercept,10,0,-129.2449
SP106,INT106,interview,10,SP020,TEL020,intercept,10,0,-125.8868
SP106,INT106,interview,10,SP021,TEL021,intercept,10,0,-112.775
SP106,INT106,interview,10,SP022,TEL022,intercept,10,0,-79.9474
SP106,INT106,interview,10,SP023,TEL023,intercept,10,0,-119.6128
SP106,INT106,interview,10,SP024,TEL024,intercept,10,0,-87.6656
SP106,INT106,interview,10,SP025,TEL025,intercept,10,0,-64.91498
SP106,INT106,interview,10,SP026,TEL026,intercept,10,0,-106.6641
SP106,INT106,interview,10,SP027,TEL027,intercept,10,0,-134.0597
SP106,INT106,interview,10,SP028,TEL028,intercept,10,0,-88.46483
SP106,INT106,interview,10,SP029,TEL029,intercept,10,0,-89.51878
SP106,INT106,interview,10,SP030,TEL030,intercept,10,0,-110.3915
SP106,INT106,interview,10,SP031,TEL031,intercept,10,0,-103.5525
SP106,INT106,interview,10,SP032,TEL032,intercept,10,0,-111.7242
SP106,INT106,interview,10,SP033,TEL033,intercept,10,0,-82.51286
SP106,INT106,interview,10,SP034,TEL034,intercept,10,0,-92.79677
SP106,INT106,interview,10,SP035,TEL035,intercept,10,0,-85.59602
SP106,INT106,interview,10,SP036,TEL036,intercept,10,0,-84.81348
SP106,INT106,interview,10,SP037,TEL037,intercept,10,0,-93.92233
SP106,INT106,interview,10,SP038,TEL038,intercept,10,0,-84.60319
SP106,INT106,interview,10,SP039,TEL039,intercept,10,0,-109.7509
SP106,INT106,interview,10,SP040,TEL040,intercept,10,0,-102.599
SP106,INT106,interview,10,SP042,TEL042,intercept,10,0,-82.86175
SP106,INT106,interview,10,SP043,TEL043,intercept,10,0,-62.0882
SP106,INT106,interview,10,SP044,TEL044,intercept,10,0,-96.18413
SP106,INT106,interview,10,SP045,TEL045,intercept,10,0,-65.92873
SP106,INT106,interview,10,SP046,TEL046,intercept,10,0,-87.05038
SP106,INT106,interview,10,SP047,TEL047,intercept,10,0,-96.37254
SP106,INT106,interview,10,SP048,TEL048,intercept,10,0,-88.34248
SP106,INT106,interview,10,SP049,TEL049,intercept,10,0,-111.9283
SP106,INT106,interview,10,SP050,TEL050,intercept,10,0,-101.1203
SP106,INT106,interview,10,SP051,TEL051,intercept,10,0,-92.15612
SP106,INT106,interview,10,SP052,TEL052,intercept,10,0,-98.61396
SP106,INT106,interview,10,SP053,TEL053,intercept,10,0,-88.39172
SP106,INT106,interview,10,SP054,TEL054,intercept,10,0,-89.69728
SP106,INT106,interview,10,SP056,TEL056,intercept,10,0,-88.38065
SP106,INT106,interview,10,SP058,TEL058,intercept,10,0,-110.713
SP106,INT106,interview,10,SP059,TEL059,intercept,10,0,-98.88211
SP106,INT106,interview,10,SP060,TEL060,intercept,10,0,-86.65282
SP106,INT106,interview,10,SP062,TEL062,intercept,10,0,-72.25072
SP106,INT106,interview,10,SP063,TEL063,intercept,10,0,-64.62265
SP106,INT106,interview,10,SP064,TEL064,intercept,10,0,-68.41019
SP106,INT106,interview,10,SP065,TEL065,intercept,10,0,-106.581
SP106,INT106,interview,10,SP066,TEL066,intercept,10,0,-88.02622
SP106,INT106,interview,10,SP067,TEL067,intercept,10,0,-103.7349
SP106,INT106,interview,10,SP068,TEL068,intercept,10,0,-85.59387
SP106,INT106,interview,10,SP069,TEL069,intercept,10,0,-97.4978
SP106,INT106,interview,10,SP071,TEL071,intercept,10,0,-72.17429
SP106,INT106,interview,10,SP072,TEL072,intercept,10,0,-86.05328
SP106,INT106,interview,10,SP073,TEL073,intercept,10,0,-134.4396
SP106,INT106,interview,10,SP074,TEL074,intercept,10,0,-81.56467
SP106,INT106,interview,10,SP075,TEL075,intercept,10,0,-70.7743
SP106,INT106,interview,10,SP076,TEL076,intercept,10,0,-86.57034
SP106,INT106,interview,10,SP077,TEL077,intercept,10,0,-78.91761
SP106,INT106,interview,10,SP078,TEL078,intercept,10,0,-119.3
SP106,INT106,interview,10,SP079,TEL079,intercept,10,0,-109.6758
SP106,INT106,interview,10,SP080,TEL080,intercept,10,0,-89.98318
SP106,INT106,interview,10,SP081,TEL081,intercept,10,0,-98.60699
SP106,INT106,interview,10,SP084,TEL084,intercept,10,0,-74.09433
SP106,INT106,interview,10,SP085,TEL085,intercept,10,0,-106.3254
SP106,INT106,interview,10,SP086,TEL086,intercept,10,0,-158.2021
SP106,INT106,interview,10,SP087,TEL087,intercept,10,0,-69.08495
SP106,INT106,interview,10,SP088,TEL088,intercept,10,0,-67.18143
SP106,INT106,interview,10,SP090,TEL090,intercept,10,0,-67.35725
SP106,INT106,interview,10,SP093,TEL093,intercept,10,0,-81.99606
SP106,INT106,interview,10,SP094,TEL094,intercept,10,0,-92.91851
SP106,INT106,interview,10,SP095,TEL095,intercept,10,0,-87.75794
SP106,INT106,interview,10,SP096,TEL096,intercept,10,0,-87.88843
SP106,INT106,interview,10,SP097,TEL097,intercept,10,0,-91.44442
SP106,INT106,interview,10,SP099,TEL099,intercept,10,0,-66.29889
SP106,INT106,interview,10,SP100,TEL100,intercept,10,0,-102.2282
SP106,INT106,interview,10,SP102,TEL102,intercept,10,0,-80.23193
SP106,INT106,interview,10,SP103,TEL103,intercept,10,0,-82.47256
SP106,INT106,interview,10,SP105,TEL105,intercept,10,0,-92.44935
SP106,INT106,interview,10,SP106,TEL106,intercept,10,1,-30.08447
SP106,INT106,interview,10,SP107,TEL107,intercept,10,0,-117.1509
SP106,INT106,interview,10,SP108,TEL108,intercept,10,0,-99.97306
SP106,INT106,interview,10,SP111,TEL111,intercept,10,0,-110.8139
SP106,INT106,interview,10,SP112,TEL112,intercept,10,0,-74.24823
SP106,INT106,interview,10,SP113,TEL113,intercept,10,0,-83.3595
SP106,INT106,interview,10,SP114,TEL114,intercept,10,0,-47.25157
SP106,INT106,interview,10,SP115,TEL115,intercept,10,0,-91.72225
SP106,INT106,interview,10,SP118,TEL118,intercept,10,0,-119.2095
SP106,INT106,interview,10,SP120,TEL120,intercept,10,0,-127.6982
SP106,INT106,interview,10,SP121,TEL121,intercept,10,0,-141.9507
SP107,INT107,interview,10,SP001,TEL001,intercept,10,0,-78.80003
SP107,INT107,interview,10,SP002,TEL002,intercept,10,0,-122.866
SP107,INT107,interview,10,SP003,TEL003,intercept,10,0,-120.4525
SP107,INT107,interview,10,SP004,TEL004,intercept,10,0,-82.22876
SP107,INT107,interview,10,SP008,TEL008,intercept,10,0,-75.59027
SP107,INT107,interview,10,SP010,TEL010,intercept,10,0,-100.0005
SP107,INT107,interview,10,SP011,TEL011,intercept,10,0,-90.52264
SP107,INT107,interview,10,SP012,TEL012,intercept,10,0,-126.7656
SP107,INT107,interview,10,SP013,TEL013,intercept,10,0,-92.44494
SP107,INT107,interview,10,SP015,TEL015,intercept,10,0,-82.19465
SP107,INT107,interview,10,SP016,TEL016,intercept,10,0,-79.29229
SP107,INT107,interview,10,SP017,TEL017,intercept,10,0,-86.37667
SP107,INT107,interview,10,SP018,TEL018,intercept,10,0,-114.7264
SP107,INT107,interview,10,SP019,TEL019,intercept,10,0,-72.3915
SP107,INT107,interview,10,SP020,TEL020,intercept,10,0,-135.85
SP107,INT107,interview,10,SP021,TEL021,intercept,10,0,-92.72942
SP107,INT107,interview,10,SP022,TEL022,intercept,10,0,-139.8727
SP107,INT107,interview,10,SP023,TEL023,intercept,10,0,-79.36055
SP107,INT107,interview,10,SP024,TEL024,intercept,10,0,-118.4126
SP107,INT107,interview,10,SP025,TEL025,intercept,10,0,-64.7918
SP107,INT107,interview,10,SP026,TEL026,intercept,10,0,-115.0511
SP107,INT107,interview,10,SP027,TEL027,intercept,10,0,-99.9871
SP107,INT107,interview,10,SP028,TEL028,intercept,10,0,-47.71297
SP107,INT107,interview,10,SP029,TEL029,intercept,10,0,-96.06737
SP107,INT107,interview,10,SP030,TEL030,intercept,10,0,-68.11288
SP107,INT107,interview,10,SP031,TEL031,intercept,10,0,-105.4115
SP107,INT107,interview,10,SP032,TEL032,intercept,10,0,-83.21111
SP107,INT107,interview,10,SP033,TEL033,intercept,10,0,-92.55602
SP107,INT107,interview,10,SP034,TEL034,intercept,10,0,-87.47407
SP107,INT107,interview,10,SP035,TEL035,intercept,10,0,-60.5766
SP107,INT107,interview,10,SP036,TEL036,intercept,10,0,-75.02781
SP107,INT107,interview,10,SP037,TEL037,intercept,10,0,-139.2762
SP107,INT107,interview,10,SP038,TEL038,intercept,10,0,-139.9048
SP107,INT107,interview,10,SP039,TEL039,intercept,10,0,-85.67472
SP107,INT107,interview,10,SP040,TEL040,intercept,10,0,-52.00879
SP107,INT107,interview,10,SP042,TEL042,intercept,10,0,-63.4967
SP107,INT107,interview,10,SP043,TEL043,intercept,10,0,-116.0545
SP107,INT107,interview,10,SP044,TEL044,intercept,10,0,-48.26651
SP107,INT107,interview,10,SP045,TEL045,intercept,10,0,-135.7821
SP107,INT107,interview,10,SP046,TEL046,intercept,10,0,-84.62946
SP107,INT107,interview,10,SP047,TEL047,intercept,10,0,-114.1972
SP107,INT107,interview,10,SP048,TEL048,intercept,10,0,-49.67882
SP107,INT107,interview,10,SP049,TEL049,intercept,10,0,-136.5481
SP107,INT107,interview,10,SP050,TEL050,intercept,10,0,-59.50351
SP107,INT107,interview,10,SP051,TEL051,intercept,10,0,-85.41364
SP107,INT107,interview,10,SP052,TEL052,intercept,10,0,-96.05045
SP107,INT107,interview,10,SP053,TEL053,intercept,10,0,-79.24871
SP107,INT107,interview,10,SP054,TEL054,intercept,10,0,-94.28081
SP107,INT107,interview,10,SP056,TEL056,intercept,10,0,-131.1263
SP107,INT107,interview,10,SP058,TEL058,intercept,10,0,-92.92998
SP107,INT107,interview,10,SP059,TEL059,intercept,10,0,-110.5266
SP107,INT107,interview,10,SP060,TEL060,intercept,10,0,-72.72552
SP107,INT107,interview,10,SP062,TEL062,intercept,10,0,-90.54829
SP107,INT107,interview,10,SP063,TEL063,intercept,10,0,-111.529
SP107,INT107,interview,10,SP064,TEL064,intercept,10,0,-119.8446
SP107,INT107,interview,10,SP065,TEL065,intercept,10,0,-64.26963
SP107,INT107,interview,10,SP066,TEL066,intercept,10,0,-102.6548
SP107,INT107,interview,10,SP067,TEL067,intercept,10,0,-118.7123
SP107,INT107,interview,10,SP068,TEL068,intercept,10,0,-129.6499
SP107,INT107,interview,10,SP069,TEL069,intercept,10,0,-99.61442
SP107,INT107,interview,10,SP071,TEL071,intercept,10,0,-86.6474
SP107,INT107,interview,10,SP072,TEL072,intercept,10,0,-76.42368
SP107,INT107,interview,10,SP073,TEL073,intercept,10,0,-109.5848
SP107,INT107,interview,10,SP074,TEL074,intercept,10,0,-43.03123
SP107,INT107,interview,10,SP075,TEL075,intercept,10,0,-139.6419
SP107,INT107,interview,10,SP076,TEL076,intercept,10,0,-124.5672
SP107,INT107,interview,10,SP077,TEL077,intercept,10,0,-88.51884
SP107,INT107,interview,10,SP078,TEL078,intercept,10,0,-94.60001
SP107,INT107,interview,10,SP079,TEL079,intercept,10,0,-106.0226
SP107,INT107,interview,10,SP080,TEL080,intercept,10,0,-104.1274
SP107,INT107,interview,10,SP081,TEL081,intercept,10,0,-99.58292
SP107,INT107,interview,10,SP084,TEL084,intercept,10,0,-56.45018
SP107,INT107,interview,10,SP085,TEL085,intercept,10,0,-104.8371
SP107,INT107,interview,10,SP086,TEL086,intercept,10,0,-95.05943
SP107,INT107,interview,10,SP087,TEL087,intercept,10,0,-77.32233
SP107,INT107,interview,10,SP088,TEL088,intercept,10,0,-52.55395
SP107,INT107,interview,10,SP090,TEL090,intercept,10,0,-79.7071
SP107,INT107,interview,10,SP093,TEL093,intercept,10,0,-114.0633
SP107,INT107,interview,10,SP094,TEL094,intercept,10,0,-88.44643
SP107,INT107,interview,10,SP095,TEL095,intercept,10,0,-51.50505
SP107,INT107,interview,10,SP096,TEL096,intercept,10,0,-131.5777
SP107,INT107,interview,10,SP097,TEL097,intercept,10,0,-101.8254
SP107,INT107,interview,10,SP099,TEL099,intercept,10,0,-97.30089
SP107,INT107,interview,10,SP100,TEL100,intercept,10,0,-88.59574
SP107,INT107,interview,10,SP102,TEL102,intercept,10,0,-85.01046
SP107,INT107,interview,10,SP103,TEL103,intercept,10,0,-96.69139
SP107,INT107,interview,10,SP105,TEL105,intercept,10,0,-86.06962
SP107,INT107,interview,10,SP106,TEL106,intercept,10,0,-107.2322
SP107,INT107,interview,10,SP107,TEL107,intercept,10,1,-42.00468
SP107,INT107,interview,10,SP108,TEL108,intercept,10,0,-84.46956
SP107,INT107,interview,10,SP111,TEL111,intercept,10,0,-86.35003
SP107,INT107,interview,10,SP112,TEL112,intercept,10,0,-74.00948
SP107,INT107,interview,10,SP113,TEL113,intercept,10,0,-94.58636
SP107,INT107,interview,10,SP114,TEL114,intercept,10,0,-75.33178
SP107,INT107,interview,10,SP115,TEL115,intercept,10,0,-65.29868
SP107,INT107,interview,10,SP118,TEL118,intercept,10,0,-122.2924
SP107,INT107,interview,10,SP120,TEL120,intercept,10,0,-114.4314
SP107,INT107,interview,10,SP121,TEL121,intercept,10,0,-98.24503
SP108,INT108,interview,10,SP001,TEL001,intercept,10,0,-106.4932
SP108,INT108,interview,10,SP002,TEL002,intercept,10,0,-115.3428
SP108,INT108,interview,10,SP003,TEL003,intercept,10,0,-133.8741
SP108,INT108,interview,10,SP004,TEL004,intercept,10,0,-142.1821
SP108,INT108,interview,10,SP008,TEL008,intercept,10,0,-147.7983
SP108,INT108,interview,10,SP010,TEL010,intercept,10,0,-85.53578
SP108,INT108,interview,10,SP011,TEL011,intercept,10,0,-116.3451
SP108,INT108,interview,10,SP012,TEL012,intercept,10,0,-94.87541
SP108,INT108,interview,10,SP013,TEL013,intercept,10,0,-104.9702
SP108,INT108,interview,10,SP015,TEL015,intercept,10,0,-97.85749
SP108,INT108,interview,10,SP016,TEL016,intercept,10,0,-126.0945
SP108,INT108,interview,10,SP017,TEL017,intercept,10,0,-85.70603
SP108,INT108,interview,10,SP018,TEL018,intercept,10,0,-126.2737
SP108,INT108,interview,10,SP019,TEL019,intercept,10,0,-95.86749
SP108,INT108,interview,10,SP020,TEL020,intercept,10,0,-144.384
SP108,INT108,interview,10,SP021,TEL021,intercept,10,0,-156.5571
SP108,INT108,interview,10,SP022,TEL022,intercept,10,0,-99.83427
SP108,INT108,interview,10,SP023,TEL023,intercept,10,0,-128.5734
SP108,INT108,interview,10,SP024,TEL024,intercept,10,0,-84.53876
SP108,INT108,interview,10,SP025,TEL025,intercept,10,0,-87.5722
SP108,INT108,interview,10,SP026,TEL026,intercept,10,0,-133.9657
SP108,INT108,interview,10,SP027,TEL027,intercept,10,0,-204.0678
SP108,INT108,interview,10,SP028,TEL028,intercept,10,0,-124.5759
SP108,INT108,interview,10,SP029,TEL029,intercept,10,0,-119.5721
SP108,INT108,interview,10,SP030,TEL030,intercept,10,0,-65.64157
SP108,INT108,interview,10,SP031,TEL031,intercept,10,0,-82.58132
SP108,INT108,interview,10,SP032,TEL032,intercept,10,0,-137.4324
SP108,INT108,interview,10,SP033,TEL033,intercept,10,0,-92.30907
SP108,INT108,interview,10,SP034,TEL034,intercept,10,0,-88.16153
SP108,INT108,interview,10,SP035,TEL035,intercept,10,0,-66.73985
SP108,INT108,interview,10,SP036,TEL036,intercept,10,0,-81.07526
SP108,INT108,interview,10,SP037,TEL037,intercept,10,0,-130.6237
SP108,INT108,interview,10,SP038,TEL038,intercept,10,0,-164.7174
SP108,INT108,interview,10,SP039,TEL039,intercept,10,0,-113.797
SP108,INT108,interview,10,SP040,TEL040,intercept,10,0,-133.9809
SP108,INT108,interview,10,SP042,TEL042,intercept,10,0,-113.8253
SP108,INT108,interview,10,SP043,TEL043,intercept,10,0,-101.3794
SP108,INT108,interview,10,SP044,TEL044,intercept,10,0,-151.8703
SP108,INT108,interview,10,SP045,TEL045,intercept,10,0,-126.0189
SP108,INT108,interview,10,SP046,TEL046,intercept,10,0,-86.55265
SP108,INT108,interview,10,SP047,TEL047,intercept,10,0,-100.0575
SP108,INT108,interview,10,SP048,TEL048,intercept,10,0,-147.568
SP108,INT108,interview,10,SP049,TEL049,intercept,10,0,-110.8222
SP108,INT108,interview,10,SP050,TEL050,intercept,10,0,-143.9045
SP108,INT108,interview,10,SP051,TEL051,intercept,10,0,-100.9059
SP108,INT108,interview,10,SP052,TEL052,intercept,10,0,-102.6676
SP108,INT108,interview,10,SP053,TEL053,intercept,10,0,-70.29183
SP108,INT108,interview,10,SP054,TEL054,intercept,10,0,-117.6073
SP108,INT108,interview,10,SP056,TEL056,intercept,10,0,-121.7433
SP108,INT108,interview,10,SP058,TEL058,intercept,10,0,-77.64848
SP108,INT108,interview,10,SP059,TEL059,intercept,10,0,-111.8824
SP108,INT108,interview,10,SP060,TEL060,intercept,10,0,-125.3856
SP108,INT108,interview,10,SP062,TEL062,intercept,10,0,-113.9976
SP108,INT108,interview,10,SP063,TEL063,intercept,10,0,-74.39708
SP108,INT108,interview,10,SP064,TEL064,intercept,10,0,-127.956
SP108,INT108,interview,10,SP065,TEL065,intercept,10,0,-131.0877
SP108,INT108,interview,10,SP066,TEL066,intercept,10,0,-93.05294
SP108,INT108,interview,10,SP067,TEL067,intercept,10,0,-134.2627
SP108,INT108,interview,10,SP068,TEL068,intercept,10,0,-145.0717
SP108,INT108,interview,10,SP069,TEL069,intercept,10,0,-124.2421
SP108,INT108,interview,10,SP071,TEL071,intercept,10,0,-110.4614
SP108,INT108,interview,10,SP072,TEL072,intercept,10,0,-97.46584
SP108,INT108,interview,10,SP073,TEL073,intercept,10,0,-172.1564
SP108,INT108,interview,10,SP074,TEL074,intercept,10,0,-117.9304
SP108,INT108,interview,10,SP075,TEL075,intercept,10,0,-120.1799
SP108,INT108,interview,10,SP076,TEL076,intercept,10,0,-142.9686
SP108,INT108,interview,10,SP077,TEL077,intercept,10,0,-131.526
SP108,INT108,interview,10,SP078,TEL078,intercept,10,0,-167.9884
SP108,INT108,interview,10,SP079,TEL079,intercept,10,0,-90.83762
SP108,INT108,interview,10,SP080,TEL080,intercept,10,0,-115.1481
SP108,INT108,interview,10,SP081,TEL081,intercept,10,0,-131.778
SP108,INT108,interview,10,SP084,TEL084,intercept,10,0,-69.22607
SP108,INT108,interview,10,SP085,TEL085,intercept,10,0,-131.022
SP108,INT108,interview,10,SP086,TEL086,intercept,10,0,-183.8934
SP108,INT108,interview,10,SP087,TEL087,intercept,10,0,-107.2827
SP108,INT108,interview,10,SP088,TEL088,intercept,10,0,-99.79898
SP108,INT108,interview,10,SP090,TEL090,intercept,10,0,-137.8237
SP108,INT108,interview,10,SP093,TEL093,intercept,10,0,-123.7423
SP108,INT108,interview,10,SP094,TEL094,intercept,10,0,-137.9693
SP108,INT108,interview,10,SP095,TEL095,intercept,10,0,-123.8515
SP108,INT108,interview,10,SP096,TEL096,intercept,10,0,-138.421
SP108,INT108,interview,10,SP097,TEL097,intercept,10,0,-81.32487
SP108,INT108,interview,10,SP099,TEL099,intercept,10,0,-114.2968
SP108,INT108,interview,10,SP100,TEL100,intercept,10,0,-166.32
SP108,INT108,interview,10,SP102,TEL102,intercept,10,0,-97.7903
SP108,INT108,interview,10,SP103,TEL103,intercept,10,0,-58.75884
SP108,INT108,interview,10,SP105,TEL105,intercept,10,0,-164.3584
SP108,INT108,interview,10,SP106,TEL106,intercept,10,0,-112.9134
SP108,INT108,interview,10,SP107,TEL107,intercept,10,0,-104.5656
SP108,INT108,interview,10,SP108,TEL108,intercept,10,1,3.804796
SP108,INT108,interview,10,SP111,TEL111,intercept,10,0,-98.20499
SP108,INT108,interview,10,SP112,TEL112,intercept,10,0,-81.07218
SP108,INT108,interview,10,SP113,TEL113,intercept,10,0,-143.7821
SP108,INT108,interview,10,SP114,TEL114,intercept,10,0,-127.0042
SP108,INT108,interview,10,SP115,TEL115,intercept,10,0,-138.8203
SP108,INT108,interview,10,SP118,TEL118,intercept,10,0,-99.70737
SP108,INT108,interview,10,SP120,TEL120,intercept,10,0,-159.9538
SP108,INT108,interview,10,SP121,TEL121,intercept,10,0,-170.6124
SP111,INT111,interview,10,SP001,TEL001,intercept,10,0,-91.92904
SP111,INT111,interview,10,SP002,TEL002,intercept,10,0,-109.8855
SP111,INT111,interview,10,SP003,TEL003,intercept,10,0,-118.9268
SP111,INT111,interview,10,SP004,TEL004,intercept,10,0,-156.2005
SP111,INT111,interview,10,SP008,TEL008,intercept,10,0,-124.3323
SP111,INT111,interview,10,SP010,TEL010,intercept,10,0,-126.7043
SP111,INT111,interview,10,SP011,TEL011,intercept,10,0,-93.28928
SP111,INT111,interview,10,SP012,TEL012,intercept,10,0,-110.0571
SP111,INT111,interview,10,SP013,TEL013,intercept,10,0,-121.7296
SP111,INT111,interview,10,SP015,TEL015,intercept,10,0,-73.72831
SP111,INT111,interview,10,SP016,TEL016,intercept,10,0,-78.67529
SP111,INT111,interview,10,SP017,TEL017,intercept,10,0,-123.988
SP111,INT111,interview,10,SP018,TEL018,intercept,10,0,-131.3076
SP111,INT111,interview,10,SP019,TEL019,intercept,10,0,-111.8265
SP111,INT111,interview,10,SP020,TEL020,intercept,10,0,-166.9341
SP111,INT111,interview,10,SP021,TEL021,intercept,10,0,-128.043
SP111,INT111,interview,10,SP022,TEL022,intercept,10,0,-102.0434
SP111,INT111,interview,10,SP023,TEL023,intercept,10,0,-99.60651
SP111,INT111,interview,10,SP024,TEL024,intercept,10,0,-106.8774
SP111,INT111,interview,10,SP025,TEL025,intercept,10,0,-104.6502
SP111,INT111,interview,10,SP026,TEL026,intercept,10,0,-56.74378
SP111,INT111,interview,10,SP027,TEL027,intercept,10,0,-159.9641
SP111,INT111,interview,10,SP028,TEL028,intercept,10,0,-94.33133
SP111,INT111,interview,10,SP029,TEL029,intercept,10,0,-105.3662
SP111,INT111,interview,10,SP030,TEL030,intercept,10,0,-97.83747
SP111,INT111,interview,10,SP031,TEL031,intercept,10,0,-67.61731
SP111,INT111,interview,10,SP032,TEL032,intercept,10,0,-111.7734
SP111,INT111,interview,10,SP033,TEL033,intercept,10,0,-73.67928
SP111,INT111,interview,10,SP034,TEL034,intercept,10,0,-66.04016
SP111,INT111,interview,10,SP035,TEL035,intercept,10,0,-85.49263
SP111,INT111,interview,10,SP036,TEL036,intercept,10,0,-83.27917
SP111,INT111,interview,10,SP037,TEL037,intercept,10,0,-81.5581
SP111,INT111,interview,10,SP038,TEL038,intercept,10,0,-159.9897
SP111,INT111,interview,10,SP039,TEL039,intercept,10,0,-118.369
SP111,INT111,interview,10,SP040,TEL040,intercept,10,0,-171.9197
SP111,INT111,interview,10,SP042,TEL042,intercept,10,0,-89.0887
SP111,INT111,interview,10,SP043,TEL043,intercept,10,0,-117.989
SP111,INT111,interview,10,SP044,TEL044,intercept,10,0,-118.0369
SP111,INT111,interview,10,SP045,TEL045,intercept,10,0,-122.6294
SP111,INT111,interview,10,SP046,TEL046,intercept,10,0,-104.7133
SP111,INT111,interview,10,SP047,TEL047,intercept,10,0,-92.69747
SP111,INT111,interview,10,SP048,TEL048,intercept,10,0,-99.50466
SP111,INT111,interview,10,SP049,TEL049,intercept,10,0,-89.25829
SP111,INT111,interview,10,SP050,TEL050,intercept,10,0,-106.5573
SP111,INT111,interview,10,SP051,TEL051,intercept,10,0,-100.2416
SP111,INT111,interview,10,SP052,TEL052,intercept,10,0,-102.4457
SP111,INT111,interview,10,SP053,TEL053,intercept,10,0,-86.75012
SP111,INT111,interview,10,SP054,TEL054,intercept,10,0,-101.9476
SP111,INT111,interview,10,SP056,TEL056,intercept,10,0,-121.3454
SP111,INT111,interview,10,SP058,TEL058,intercept,10,0,-102.1979
SP111,INT111,interview,10,SP059,TEL059,intercept,10,0,-123.182
SP111,INT111,interview,10,SP060,TEL060,intercept,10,0,-83.52299
SP111,INT111,interview,10,SP062,TEL062,intercept,10,0,-71.54944
SP111,INT111,interview,10,SP063,TEL063,intercept,10,0,-95.9993
SP111,INT111,interview,10,SP064,TEL064,intercept,10,0,-145.8322
SP111,INT111,interview,10,SP065,TEL065,intercept,10,0,-99.77885
SP111,INT111,interview,10,SP066,TEL066,intercept,10,0,-100.3224
SP111,INT111,interview,10,SP067,TEL067,intercept,10,0,-160.1697
SP111,INT111,interview,10,SP068,TEL068,intercept,10,0,-138.5645
SP111,INT111,interview,10,SP069,TEL069,intercept,10,0,-131.0787
SP111,INT111,interview,10,SP071,TEL071,intercept,10,0,-120.5322
SP111,INT111,interview,10,SP072,TEL072,intercept,10,0,-111.7152
SP111,INT111,interview,10,SP073,TEL073,intercept,10,0,-122.1133
SP111,INT111,interview,10,SP074,TEL074,intercept,10,0,-108.1369
SP111,INT111,interview,10,SP075,TEL075,intercept,10,0,-100.1013
SP111,INT111,interview,10,SP076,TEL076,intercept,10,0,-164.4639
SP111,INT111,interview,10,SP077,TEL077,intercept,10,0,-109.6756
SP111,INT111,interview,10,SP078,TEL078,intercept,10,0,-136.3702
SP111,INT111,interview,10,SP079,TEL079,intercept,10,0,-74.69492
SP111,INT111,interview,10,SP080,TEL080,intercept,10,0,-53.32384
SP111,INT111,interview,10,SP081,TEL081,intercept,10,0,-116.1233
SP111,INT111,interview,10,SP084,TEL084,intercept,10,0,-38.88391
SP111,INT111,interview,10,SP085,TEL085,intercept,10,0,-107.9763
SP111,INT111,interview,10,SP086,TEL086,intercept,10,0,-135.7933
SP111,INT111,interview,10,SP087,TEL087,intercept,10,0,-84.67525
SP111,INT111,interview,10,SP088,TEL088,intercept,10,0,-111.8882
SP111,INT111,interview,10,SP090,TEL090,intercept,10,0,-65.05239
SP111,INT111,interview,10,SP093,TEL093,intercept,10,0,-132.8201
SP111,INT111,interview,10,SP094,TEL094,intercept,10,0,-116.222
SP111,INT111,interview,10,SP095,TEL095,intercept,10,0,-80.28594
SP111,INT111,interview,10,SP096,TEL096,intercept,10,0,-121.2188
SP111,INT111,interview,10,SP097,TEL097,intercept,10,0,-104.2868
SP111,INT111,interview,10,SP099,TEL099,intercept,10,0,-140.0624
SP111,INT111,interview,10,SP100,TEL100,intercept,10,0,-148.9008
SP111,INT111,interview,10,SP102,TEL102,intercept,10,0,-119.649
SP111,INT111,interview,10,SP103,TEL103,intercept,10,0,-118.0368
SP111,INT111,interview,10,SP105,TEL105,intercept,10,0,-144.1183
SP111,INT111,interview,10,SP106,TEL106,intercept,10,0,-108.1258
SP111,INT111,interview,10,SP107,TEL107,intercept,10,0,-109.9837
SP111,INT111,interview,10,SP108,TEL108,intercept,10,0,-61.43812
SP111,INT111,interview,10,SP111,TEL111,intercept,10,1,-36.86769
SP111,INT111,interview,10,SP112,TEL112,intercept,10,0,-72.45982
SP111,INT111,interview,10,SP113,TEL113,intercept,10,0,-154.9963
SP111,INT111,interview,10,SP114,TEL114,intercept,10,0,-111.1089
SP111,INT111,interview,10,SP115,TEL115,intercept,10,0,-130.1484
SP111,INT111,interview,10,SP118,TEL118,intercept,10,0,-85.43855
SP111,INT111,interview,10,SP120,TEL120,intercept,10,0,-138.1404
SP111,INT111,interview,10,SP121,TEL121,intercept,10,0,-130.7985
SP112,INT112,interview,10,SP001,TEL001,intercept,10,0,-86.95814
SP112,INT112,interview,10,SP002,TEL002,intercept,10,0,-114.8732
SP112,INT112,interview,10,SP003,TEL003,intercept,10,0,-117.7012
SP112,INT112,interview,10,SP004,TEL004,intercept,10,0,-109.7492
SP112,INT112,interview,10,SP008,TEL008,intercept,10,0,-123.4453
SP112,INT112,interview,10,SP010,TEL010,intercept,10,0,-94.91179
SP112,INT112,interview,10,SP011,TEL011,intercept,10,0,-67.18707
SP112,INT112,interview,10,SP012,TEL012,intercept,10,0,-101.295
SP112,INT112,interview,10,SP013,TEL013,intercept,10,0,-122.8331
SP112,INT112,interview,10,SP015,TEL015,intercept,10,0,-80.55986
SP112,INT112,interview,10,SP016,TEL016,intercept,10,0,-81.31683
SP112,INT112,interview,10,SP017,TEL017,intercept,10,0,-100.262
SP112,INT112,interview,10,SP018,TEL018,intercept,10,0,-121.5228
SP112,INT112,interview,10,SP019,TEL019,intercept,10,0,-119.7932
SP112,INT112,interview,10,SP020,TEL020,intercept,10,0,-127.0223
SP112,INT112,interview,10,SP021,TEL021,intercept,10,0,-117.2381
SP112,INT112,interview,10,SP022,TEL022,intercept,10,0,-135.1509
SP112,INT112,interview,10,SP023,TEL023,intercept,10,0,-127.229
SP112,INT112,interview,10,SP024,TEL024,intercept,10,0,-121.449
SP112,INT112,interview,10,SP025,TEL025,intercept,10,0,-74.94364
SP112,INT112,interview,10,SP026,TEL026,intercept,10,0,-78.25487
SP112,INT112,interview,10,SP027,TEL027,intercept,10,0,-97.40786
SP112,INT112,interview,10,SP028,TEL028,intercept,10,0,-98.85349
SP112,INT112,interview,10,SP029,TEL029,intercept,10,0,-102.0088
SP112,INT112,interview,10,SP030,TEL030,intercept,10,0,-96.77392
SP112,INT112,interview,10,SP031,TEL031,intercept,10,0,-105.1814
SP112,INT112,interview,10,SP032,TEL032,intercept,10,0,-96.00252
SP112,INT112,interview,10,SP033,TEL033,intercept,10,0,-76.66648
SP112,INT112,interview,10,SP034,TEL034,intercept,10,0,-86.692
SP112,INT112,interview,10,SP035,TEL035,intercept,10,0,-96.06882
SP112,INT112,interview,10,SP036,TEL036,intercept,10,0,-97.82584
SP112,INT112,interview,10,SP037,TEL037,intercept,10,0,-128.1029
SP112,INT112,interview,10,SP038,TEL038,intercept,10,0,-120.9601
SP112,INT112,interview,10,SP039,TEL039,intercept,10,0,-111.2654
SP112,INT112,interview,10,SP040,TEL040,intercept,10,0,-113.8912
SP112,INT112,interview,10,SP042,TEL042,intercept,10,0,-67.72381
SP112,INT112,interview,10,SP043,TEL043,intercept,10,0,-60.44001
SP112,INT112,interview,10,SP044,TEL044,intercept,10,0,-91.55442
SP112,INT112,interview,10,SP045,TEL045,intercept,10,0,-125.3192
SP112,INT112,interview,10,SP046,TEL046,intercept,10,0,-93.30283
SP112,INT112,interview,10,SP047,TEL047,intercept,10,0,-97.68667
SP112,INT112,interview,10,SP048,TEL048,intercept,10,0,-78.46499
SP112,INT112,interview,10,SP049,TEL049,intercept,10,0,-122.0489
SP112,INT112,interview,10,SP050,TEL050,intercept,10,0,-89.09674
SP112,INT112,interview,10,SP051,TEL051,intercept,10,0,-146.0824
SP112,INT112,interview,10,SP052,TEL052,intercept,10,0,-93.09409
SP112,INT112,interview,10,SP053,TEL053,intercept,10,0,-77.64778
SP112,INT112,interview,10,SP054,TEL054,intercept,10,0,-103.0295
SP112,INT112,interview,10,SP056,TEL056,intercept,10,0,-103.6127
SP112,INT112,interview,10,SP058,TEL058,intercept,10,0,-107.7285
SP112,INT112,interview,10,SP059,TEL059,intercept,10,0,-101.251
SP112,INT112,interview,10,SP060,TEL060,intercept,10,0,-98.35495
SP112,INT112,interview,10,SP062,TEL062,intercept,10,0,-53.74459
SP112,INT112,interview,10,SP063,TEL063,intercept,10,0,-80.68674
SP112,INT112,interview,10,SP064,TEL064,intercept,10,0,-54.93067
SP112,INT112,interview,10,SP065,TEL065,intercept,10,0,-95.28586
SP112,INT112,interview,10,SP066,TEL066,intercept,10,0,-111.8144
SP112,INT112,interview,10,SP067,TEL067,intercept,10,0,-98.03936
SP112,INT112,interview,10,SP068,TEL068,intercept,10,0,-124.4438
SP112,INT112,interview,10,SP069,TEL069,intercept,10,0,-100.8975
SP112,INT112,interview,10,SP071,TEL071,intercept,10,0,-113.1236
SP112,INT112,interview,10,SP072,TEL072,intercept,10,0,-70.11272
SP112,INT112,interview,10,SP073,TEL073,intercept,10,0,-131.375
SP112,INT112,interview,10,SP074,TEL074,intercept,10,0,-40.55274
SP112,INT112,interview,10,SP075,TEL075,intercept,10,0,-83.92319
SP112,INT112,interview,10,SP076,TEL076,intercept,10,0,-137.0542
SP112,INT112,interview,10,SP077,TEL077,intercept,10,0,-79.61938
SP112,INT112,interview,10,SP078,TEL078,intercept,10,0,-132.014
SP112,INT112,interview,10,SP079,TEL079,intercept,10,0,-148.5547
SP112,INT112,interview,10,SP080,TEL080,intercept,10,0,-97.21088
SP112,INT112,interview,10,SP081,TEL081,intercept,10,0,-119.0785
SP112,INT112,interview,10,SP084,TEL084,intercept,10,0,-43.87109
SP112,INT112,interview,10,SP085,TEL085,intercept,10,0,-110.1343
SP112,INT112,interview,10,SP086,TEL086,intercept,10,0,-108.3014
SP112,INT112,interview,10,SP087,TEL087,intercept,10,0,-76.02765
SP112,INT112,interview,10,SP088,TEL088,intercept,10,0,-73.24916
SP112,INT112,interview,10,SP090,TEL090,intercept,10,0,-88.93066
SP112,INT112,interview,10,SP093,TEL093,intercept,10,0,-69.45688
SP112,INT112,interview,10,SP094,TEL094,intercept,10,0,-66.17165
SP112,INT112,interview,10,SP095,TEL095,intercept,10,0,-62.41693
SP112,INT112,interview,10,SP096,TEL096,intercept,10,0,-93.78052
SP112,INT112,interview,10,SP097,TEL097,intercept,10,0,-109.4333
SP112,INT112,interview,10,SP099,TEL099,intercept,10,0,-110.0371
SP112,INT112,interview,10,SP100,TEL100,intercept,10,0,-92.98271
SP112,INT112,interview,10,SP102,TEL102,intercept,10,0,-63.11976
SP112,INT112,interview,10,SP103,TEL103,intercept,10,0,-95.58099
SP112,INT112,interview,10,SP105,TEL105,intercept,10,0,-87.76822
SP112,INT112,interview,10,SP106,TEL106,intercept,10,0,-97.98074
SP112,INT112,interview,10,SP107,TEL107,intercept,10,0,-95.92689
SP112,INT112,interview,10,SP108,TEL108,intercept,10,0,-114.8805
SP112,INT112,interview,10,SP111,TEL111,intercept,10,0,-85.94724
SP112,INT112,interview,10,SP112,TEL112,intercept,10,1,-50.66754
SP112,INT112,interview,10,SP113,TEL113,intercept,10,0,-95.48605
SP112,INT112,interview,10,SP114,TEL114,intercept,10,0,-70.30315
SP112,INT112,interview,10,SP115,TEL115,intercept,10,0,-84.88619
SP112,INT112,interview,10,SP118,TEL118,intercept,10,0,-122.8482
SP112,INT112,interview,10,SP120,TEL120,intercept,10,0,-82.17146
SP112,INT112,interview,10,SP121,TEL121,intercept,10,0,-90.20053
SP113,INT113,interview,10,SP001,TEL001,intercept,10,0,-91.32998
SP113,INT113,interview,10,SP002,TEL002,intercept,10,0,-111.8126
SP113,INT113,interview,10,SP003,TEL003,intercept,10,0,-137.1725
SP113,INT113,interview,10,SP004,TEL004,intercept,10,0,-99.01696
SP113,INT113,interview,10,SP008,TEL008,intercept,10,0,-106.4941
SP113,INT113,interview,10,SP010,TEL010,intercept,10,0,-76.52293
SP113,INT113,interview,10,SP011,TEL011,intercept,10,0,-114.3164
SP113,INT113,interview,10,SP012,TEL012,intercept,10,0,-95.2641
SP113,INT113,interview,10,SP013,TEL013,intercept,10,0,-113.8781
SP113,INT113,interview,10,SP015,TEL015,intercept,10,0,-76.75168
SP113,INT113,interview,10,SP016,TEL016,intercept,10,0,-105.2058
SP113,INT113,interview,10,SP017,TEL017,intercept,10,0,-77.10189
SP113,INT113,interview,10,SP018,TEL018,intercept,10,0,-129.95
SP113,INT113,interview,10,SP019,TEL019,intercept,10,0,-76.05237
SP113,INT113,interview,10,SP020,TEL020,intercept,10,0,-120.708
SP113,INT113,interview,10,SP021,TEL021,intercept,10,0,-107.7232
SP113,INT113,interview,10,SP022,TEL022,intercept,10,0,-119.3598
SP113,INT113,interview,10,SP023,TEL023,intercept,10,0,-98.10254
SP113,INT113,interview,10,SP024,TEL024,intercept,10,0,-137.8578
SP113,INT113,interview,10,SP025,TEL025,intercept,10,0,-42.55635
SP113,INT113,interview,10,SP026,TEL026,intercept,10,0,-143.6769
SP113,INT113,interview,10,SP027,TEL027,intercept,10,0,-138.397
SP113,INT113,interview,10,SP028,TEL028,intercept,10,0,-79.35725
SP113,INT113,interview,10,SP029,TEL029,intercept,10,0,-89.46572
SP113,INT113,interview,10,SP030,TEL030,intercept,10,0,-97.5752
SP113,INT113,interview,10,SP031,TEL031,intercept,10,0,-86.93282
SP113,INT113,interview,10,SP032,TEL032,intercept,10,0,-72.24027
SP113,INT113,interview,10,SP033,TEL033,intercept,10,0,-69.02967
SP113,INT113,interview,10,SP034,TEL034,intercept,10,0,-84.52496
SP113,INT113,interview,10,SP035,TEL035,intercept,10,0,-84.62625
SP113,INT113,interview,10,SP036,TEL036,intercept,10,0,-71.4585
SP113,INT113,interview,10,SP037,TEL037,intercept,10,0,-146.5109
SP113,INT113,interview,10,SP038,TEL038,intercept,10,0,-118.4405
SP113,INT113,interview,10,SP039,TEL039,intercept,10,0,-114.2375
SP113,INT113,interview,10,SP040,TEL040,intercept,10,0,-68.88453
SP113,INT113,interview,10,SP042,TEL042,intercept,10,0,-82.63451
SP113,INT113,interview,10,SP043,TEL043,intercept,10,0,-100.307
SP113,INT113,interview,10,SP044,TEL044,intercept,10,0,-66.89287
SP113,INT113,interview,10,SP045,TEL045,intercept,10,0,-116.7483
SP113,INT113,interview,10,SP046,TEL046,intercept,10,0,-98.56819
SP113,INT113,interview,10,SP047,TEL047,intercept,10,0,-125.1794
SP113,INT113,interview,10,SP048,TEL048,intercept,10,0,-63.21544
SP113,INT113,interview,10,SP049,TEL049,intercept,10,0,-148.289
SP113,INT113,interview,10,SP050,TEL050,intercept,10,0,-88.82799
SP113,INT113,interview,10,SP051,TEL051,intercept,10,0,-126.7137
SP113,INT113,interview,10,SP052,TEL052,intercept,10,0,-59.17971
SP113,INT113,interview,10,SP053,TEL053,intercept,10,0,-72.39648
SP113,INT113,interview,10,SP054,TEL054,intercept,10,0,-116.7771
SP113,INT113,interview,10,SP056,TEL056,intercept,10,0,-125.5301
SP113,INT113,interview,10,SP058,TEL058,intercept,10,0,-108.5239
SP113,INT113,interview,10,SP059,TEL059,intercept,10,0,-99.79456
SP113,INT113,interview,10,SP060,TEL060,intercept,10,0,-70.72667
SP113,INT113,interview,10,SP062,TEL062,intercept,10,0,-70.83738
SP113,INT113,interview,10,SP063,TEL063,intercept,10,0,-68.7744
SP113,INT113,interview,10,SP064,TEL064,intercept,10,0,-35.1942
SP113,INT113,interview,10,SP065,TEL065,intercept,10,0,-88.21544
SP113,INT113,interview,10,SP066,TEL066,intercept,10,0,-114.1425
SP113,INT113,interview,10,SP067,TEL067,intercept,10,0,-75.72672
SP113,INT113,interview,10,SP068,TEL068,intercept,10,0,-112.3408
SP113,INT113,interview,10,SP069,TEL069,intercept,10,0,-86.15928
SP113,INT113,interview,10,SP071,TEL071,intercept,10,0,-109.9958
SP113,INT113,interview,10,SP072,TEL072,intercept,10,0,-91.68581
SP113,INT113,interview,10,SP073,TEL073,intercept,10,0,-129.6252
SP113,INT113,interview,10,SP074,TEL074,intercept,10,0,-58.72257
SP113,INT113,interview,10,SP075,TEL075,intercept,10,0,-114.9049
SP113,INT113,interview,10,SP076,TEL076,intercept,10,0,-111.7955
SP113,INT113,interview,10,SP077,TEL077,intercept,10,0,-113.1657
SP113,INT113,interview,10,SP078,TEL078,intercept,10,0,-112.0129
SP113,INT113,interview,10,SP079,TEL079,intercept,10,0,-117.8607
SP113,INT113,interview,10,SP080,TEL080,intercept,10,0,-126.5269
SP113,INT113,interview,10,SP081,TEL081,intercept,10,0,-80.49557
SP113,INT113,interview,10,SP084,TEL084,intercept,10,0,-62.09997
SP113,INT113,interview,10,SP085,TEL085,intercept,10,0,-125.9561
SP113,INT113,interview,10,SP086,TEL086,intercept,10,0,-143.7559
SP113,INT113,interview,10,SP087,TEL087,intercept,10,0,-77.04477
SP113,INT113,interview,10,SP088,TEL088,intercept,10,0,-82.95056
SP113,INT113,interview,10,SP090,TEL090,intercept,10,0,-85.44924
SP113,INT113,interview,10,SP093,TEL093,intercept,10,0,-92.30045
SP113,INT113,interview,10,SP094,TEL094,intercept,10,0,-71.95313
SP113,INT113,interview,10,SP095,TEL095,intercept,10,0,-51.13931
SP113,INT113,interview,10,SP096,TEL096,intercept,10,0,-86.07165
SP113,INT113,interview,10,SP097,TEL097,intercept,10,0,-61.021
SP113,INT113,interview,10,SP099,TEL099,intercept,10,0,-92.98412
SP113,INT113,interview,10,SP100,TEL100,intercept,10,0,-73.91113
SP113,INT113,interview,10,SP102,TEL102,intercept,10,0,-64.64108
SP113,INT113,interview,10,SP103,TEL103,intercept,10,0,-117.2766
SP113,INT113,interview,10,SP105,TEL105,intercept,10,0,-101.0199
SP113,INT113,interview,10,SP106,TEL106,intercept,10,0,-100.8074
SP113,INT113,interview,10,SP107,TEL107,intercept,10,0,-69.7155
SP113,INT113,interview,10,SP108,TEL108,intercept,10,0,-82.32685
SP113,INT113,interview,10,SP111,TEL111,intercept,10,0,-86.51465
SP113,INT113,interview,10,SP112,TEL112,intercept,10,0,-91.21135
SP113,INT113,interview,10,SP113,TEL113,intercept,10,1,-22.55817
SP113,INT113,interview,10,SP114,TEL114,intercept,10,0,-67.66641
SP113,INT113,interview,10,SP115,TEL115,intercept,10,0,-85.25432
SP113,INT113,interview,10,SP118,TEL118,intercept,10,0,-99.63792
SP113,INT113,interview,10,SP120,TEL120,intercept,10,0,-84.7259
SP113,INT113,interview,10,SP121,TEL121,intercept,10,0,-82.70926
SP114,INT114,interview,10,SP001,TEL001,intercept,10,0,-107.9472
SP114,INT114,interview,10,SP002,TEL002,intercept,10,0,-148.7664
SP114,INT114,interview,10,SP003,TEL003,intercept,10,0,-105.0978
SP114,INT114,interview,10,SP004,TEL004,intercept,10,0,-68.27521
SP114,INT114,interview,10,SP008,TEL008,intercept,10,0,-113.7567
SP114,INT114,interview,10,SP010,TEL010,intercept,10,0,-71.22603
SP114,INT114,interview,10,SP011,TEL011,intercept,10,0,-83.26171
SP114,INT114,interview,10,SP012,TEL012,intercept,10,0,-63.79469
SP114,INT114,interview,10,SP013,TEL013,intercept,10,0,-71.65608
SP114,INT114,interview,10,SP015,TEL015,intercept,10,0,-78.9397
SP114,INT114,interview,10,SP016,TEL016,intercept,10,0,-96.44724
SP114,INT114,interview,10,SP017,TEL017,intercept,10,0,-109.7841
SP114,INT114,interview,10,SP018,TEL018,intercept,10,0,-69.37997
SP114,INT114,interview,10,SP019,TEL019,intercept,10,0,-169.7688
SP114,INT114,interview,10,SP020,TEL020,intercept,10,0,-143.2186
SP114,INT114,interview,10,SP021,TEL021,intercept,10,0,-104.3471
SP114,INT114,interview,10,SP022,TEL022,intercept,10,0,-132.1513
SP114,INT114,interview,10,SP023,TEL023,intercept,10,0,-144.4846
SP114,INT114,interview,10,SP024,TEL024,intercept,10,0,-117.2588
SP114,INT114,interview,10,SP025,TEL025,intercept,10,0,-64.1973
SP114,INT114,interview,10,SP026,TEL026,intercept,10,0,-116.9398
SP114,INT114,interview,10,SP027,TEL027,intercept,10,0,-105.9167
SP114,INT114,interview,10,SP028,TEL028,intercept,10,0,-100.2643
SP114,INT114,interview,10,SP029,TEL029,intercept,10,0,-77.1552
SP114,INT114,interview,10,SP030,TEL030,intercept,10,0,-146.434
SP114,INT114,interview,10,SP031,TEL031,intercept,10,0,-152.3974
SP114,INT114,interview,10,SP032,TEL032,intercept,10,0,-69.90451
SP114,INT114,interview,10,SP033,TEL033,intercept,10,0,-95.65693
SP114,INT114,interview,10,SP034,TEL034,intercept,10,0,-82.42616
SP114,INT114,interview,10,SP035,TEL035,intercept,10,0,-105.4741
SP114,INT114,interview,10,SP036,TEL036,intercept,10,0,-89.81314
SP114,INT114,interview,10,SP037,TEL037,intercept,10,0,-131.0827
SP114,INT114,interview,10,SP038,TEL038,intercept,10,0,-112.3179
SP114,INT114,interview,10,SP039,TEL039,intercept,10,0,-117.2455
SP114,INT114,interview,10,SP040,TEL040,intercept,10,0,-80.27771
SP114,INT114,interview,10,SP042,TEL042,intercept,10,0,-106.267
SP114,INT114,interview,10,SP043,TEL043,intercept,10,0,-99.13884
SP114,INT114,interview,10,SP044,TEL044,intercept,10,0,-128.2831
SP114,INT114,interview,10,SP045,TEL045,intercept,10,0,-118.5592
SP114,INT114,interview,10,SP046,TEL046,intercept,10,0,-136.3749
SP114,INT114,interview,10,SP047,TEL047,intercept,10,0,-120.7724
SP114,INT114,interview,10,SP048,TEL048,intercept,10,0,-101.3843
SP114,INT114,interview,10,SP049,TEL049,intercept,10,0,-142.011
SP114,INT114,interview,10,SP050,TEL050,intercept,10,0,-80.89472
SP114,INT114,interview,10,SP051,TEL051,intercept,10,0,-92.07566
SP114,INT114,interview,10,SP052,TEL052,intercept,10,0,-118.1124
SP114,INT114,interview,10,SP053,TEL053,intercept,10,0,-118.264
SP114,INT114,interview,10,SP054,TEL054,intercept,10,0,-123.9979
SP114,INT114,interview,10,SP056,TEL056,intercept,10,0,-91.77373
SP114,INT114,interview,10,SP058,TEL058,intercept,10,0,-80.89281
SP114,INT114,interview,10,SP059,TEL059,intercept,10,0,-124.4868
SP114,INT114,interview,10,SP060,TEL060,intercept,10,0,-91.87029
SP114,INT114,interview,10,SP062,TEL062,intercept,10,0,-101.3825
SP114,INT114,interview,10,SP063,TEL063,intercept,10,0,-86.63792
SP114,INT114,interview,10,SP064,TEL064,intercept,10,0,-100.6045
SP114,INT114,interview,10,SP065,TEL065,intercept,10,0,-105.656
SP114,INT114,interview,10,SP066,TEL066,intercept,10,0,-152.7865
SP114,INT114,interview,10,SP067,TEL067,intercept,10,0,-112.312
SP114,INT114,interview,10,SP068,TEL068,intercept,10,0,-131.35
SP114,INT114,interview,10,SP069,TEL069,intercept,10,0,-91.74117
SP114,INT114,interview,10,SP071,TEL071,intercept,10,0,-136.8041
SP114,INT114,interview,10,SP072,TEL072,intercept,10,0,-88.21319
SP114,INT114,interview,10,SP073,TEL073,intercept,10,0,-88.5222
SP114,INT114,interview,10,SP074,TEL074,intercept,10,0,-57.70914
SP114,INT114,interview,10,SP075,TEL075,intercept,10,0,-111.0946
SP114,INT114,interview,10,SP076,TEL076,intercept,10,0,-140.5652
SP114,INT114,interview,10,SP077,TEL077,intercept,10,0,-111.1282
SP114,INT114,interview,10,SP078,TEL078,intercept,10,0,-102.254
SP114,INT114,interview,10,SP079,TEL079,intercept,10,0,-120.443
SP114,INT114,interview,10,SP080,TEL080,intercept,10,0,-108.3885
SP114,INT114,interview,10,SP081,TEL081,intercept,10,0,-128.8361
SP114,INT114,interview,10,SP084,TEL084,intercept,10,0,-80.83123
SP114,INT114,interview,10,SP085,TEL085,intercept,10,0,-100.8194
SP114,INT114,interview,10,SP086,TEL086,intercept,10,0,-129.3127
SP114,INT114,interview,10,SP087,TEL087,intercept,10,0,-96.64853
SP114,INT114,interview,10,SP088,TEL088,intercept,10,0,-53.85918
SP114,INT114,interview,10,SP090,TEL090,intercept,10,0,-77.36333
SP114,INT114,interview,10,SP093,TEL093,intercept,10,0,-91.83299
SP114,INT114,interview,10,SP094,TEL094,intercept,10,0,-59.50421
SP114,INT114,interview,10,SP095,TEL095,intercept,10,0,-62.9528
SP114,INT114,interview,10,SP096,TEL096,intercept,10,0,-122.2515
SP114,INT114,interview,10,SP097,TEL097,intercept,10,0,-97.2272
SP114,INT114,interview,10,SP099,TEL099,intercept,10,0,-102.2342
SP114,INT114,interview,10,SP100,TEL100,intercept,10,0,-91.12787
SP114,INT114,interview,10,SP102,TEL102,intercept,10,0,-81.61918
SP114,INT114,interview,10,SP103,TEL103,intercept,10,0,-86.52239
SP114,INT114,interview,10,SP105,TEL105,intercept,10,0,-128.8118
SP114,INT114,interview,10,SP106,TEL106,intercept,10,0,-121.1269
SP114,INT114,interview,10,SP107,TEL107,intercept,10,0,-83.63218
SP114,INT114,interview,10,SP108,TEL108,intercept,10,0,-144.859
SP114,INT114,interview,10,SP111,TEL111,intercept,10,0,-97.11765
SP114,INT114,interview,10,SP112,TEL112,intercept,10,0,-71.19495
SP114,INT114,interview,10,SP113,TEL113,intercept,10,0,-134.6887
SP114,INT114,interview,10,SP114,TEL114,intercept,10,1,-30.53517
SP114,INT114,interview,10,SP115,TEL115,intercept,10,0,-73.71286
SP114,INT114,interview,10,SP118,TEL118,intercept,10,0,-142.8653
SP114,INT114,interview,10,SP120,TEL120,intercept,10,0,-120.7461
SP114,INT114,interview,10,SP121,TEL121,intercept,10,0,-117.6712
SP115,INT115,interview,10,SP001,TEL001,intercept,10,0,-83.96774
SP115,INT115,interview,10,SP002,TEL002,intercept,10,0,-139.4002
SP115,INT115,interview,10,SP003,TEL003,intercept,10,0,-130.4371
SP115,INT115,interview,10,SP004,TEL004,intercept,10,0,-93.57481
SP115,INT115,interview,10,SP008,TEL008,intercept,10,0,-94.20933
SP115,INT115,interview,10,SP010,TEL010,intercept,10,0,-106.0156
SP115,INT115,interview,10,SP011,TEL011,intercept,10,0,-60.46333
SP115,INT115,interview,10,SP012,TEL012,intercept,10,0,-151.5699
SP115,INT115,interview,10,SP013,TEL013,intercept,10,0,-100.9904
SP115,INT115,interview,10,SP015,TEL015,intercept,10,0,-93.41965
SP115,INT115,interview,10,SP016,TEL016,intercept,10,0,-81.8519
SP115,INT115,interview,10,SP017,TEL017,intercept,10,0,-78.80793
SP115,INT115,interview,10,SP018,TEL018,intercept,10,0,-105.2114
SP115,INT115,interview,10,SP019,TEL019,intercept,10,0,-93.44221
SP115,INT115,interview,10,SP020,TEL020,intercept,10,0,-190.5137
SP115,INT115,interview,10,SP021,TEL021,intercept,10,0,-83.6813
SP115,INT115,interview,10,SP022,TEL022,intercept,10,0,-128.3061
SP115,INT115,interview,10,SP023,TEL023,intercept,10,0,-57.91542
SP115,INT115,interview,10,SP024,TEL024,intercept,10,0,-104.7942
SP115,INT115,interview,10,SP025,TEL025,intercept,10,0,-76.24289
SP115,INT115,interview,10,SP026,TEL026,intercept,10,0,-79.00256
SP115,INT115,interview,10,SP027,TEL027,intercept,10,0,-71.3648
SP115,INT115,interview,10,SP028,TEL028,intercept,10,0,-123.671
SP115,INT115,interview,10,SP029,TEL029,intercept,10,0,-73.16459
SP115,INT115,interview,10,SP030,TEL030,intercept,10,0,-144.1624
SP115,INT115,interview,10,SP031,TEL031,intercept,10,0,-138.0049
SP115,INT115,interview,10,SP032,TEL032,intercept,10,0,-80.15401
SP115,INT115,interview,10,SP033,TEL033,intercept,10,0,-115.9983
SP115,INT115,interview,10,SP034,TEL034,intercept,10,0,-77.21135
SP115,INT115,interview,10,SP035,TEL035,intercept,10,0,-82.18533
SP115,INT115,interview,10,SP036,TEL036,intercept,10,0,-86.03268
SP115,INT115,interview,10,SP037,TEL037,intercept,10,0,-103.7412
SP115,INT115,interview,10,SP038,TEL038,intercept,10,0,-130.8349
SP115,INT115,interview,10,SP039,TEL039,intercept,10,0,-116.3154
SP115,INT115,interview,10,SP040,TEL040,intercept,10,0,-78.08378
SP115,INT115,interview,10,SP042,TEL042,intercept,10,0,-46.96343
SP115,INT115,interview,10,SP043,TEL043,intercept,10,0,-115.1351
SP115,INT115,interview,10,SP044,TEL044,intercept,10,0,-121.0547
SP115,INT115,interview,10,SP045,TEL045,intercept,10,0,-132.1927
SP115,INT115,interview,10,SP046,TEL046,intercept,10,0,-140.4498
SP115,INT115,interview,10,SP047,TEL047,intercept,10,0,-139.483
SP115,INT115,interview,10,SP048,TEL048,intercept,10,0,-72.6815
SP115,INT115,interview,10,SP049,TEL049,intercept,10,0,-126.0956
SP115,INT115,interview,10,SP050,TEL050,intercept,10,0,-82.0778
SP115,INT115,interview,10,SP051,TEL051,intercept,10,0,-145.1571
SP115,INT115,interview,10,SP052,TEL052,intercept,10,0,-86.0352
SP115,INT115,interview,10,SP053,TEL053,intercept,10,0,-74.81031
SP115,INT115,interview,10,SP054,TEL054,intercept,10,0,-97.87135
SP115,INT115,interview,10,SP056,TEL056,intercept,10,0,-112.1143
SP115,INT115,interview,10,SP058,TEL058,intercept,10,0,-115.7767
SP115,INT115,interview,10,SP059,TEL059,intercept,10,0,-93.39828
SP115,INT115,interview,10,SP060,TEL060,intercept,10,0,-55.50763
SP115,INT115,interview,10,SP062,TEL062,intercept,10,0,-124.4448
SP115,INT115,interview,10,SP063,TEL063,intercept,10,0,-83.83147
SP115,INT115,interview,10,SP064,TEL064,intercept,10,0,-64.35803
SP115,INT115,interview,10,SP065,TEL065,intercept,10,0,-98.08232
SP115,INT115,interview,10,SP066,TEL066,intercept,10,0,-128.065
SP115,INT115,interview,10,SP067,TEL067,intercept,10,0,-122.4118
SP115,INT115,interview,10,SP068,TEL068,intercept,10,0,-114.6871
SP115,INT115,interview,10,SP069,TEL069,intercept,10,0,-87.54918
SP115,INT115,interview,10,SP071,TEL071,intercept,10,0,-115.6979
SP115,INT115,interview,10,SP072,TEL072,intercept,10,0,-107.09
SP115,INT115,interview,10,SP073,TEL073,intercept,10,0,-90.50552
SP115,INT115,interview,10,SP074,TEL074,intercept,10,0,-85.66106
SP115,INT115,interview,10,SP075,TEL075,intercept,10,0,-111.8101
SP115,INT115,interview,10,SP076,TEL076,intercept,10,0,-106.5945
SP115,INT115,interview,10,SP077,TEL077,intercept,10,0,-56.80302
SP115,INT115,interview,10,SP078,TEL078,intercept,10,0,-85.97559
SP115,INT115,interview,10,SP079,TEL079,intercept,10,0,-125.9487
SP115,INT115,interview,10,SP080,TEL080,intercept,10,0,-83.34325
SP115,INT115,interview,10,SP081,TEL081,intercept,10,0,-74.24284
SP115,INT115,interview,10,SP084,TEL084,intercept,10,0,-60.90211
SP115,INT115,interview,10,SP085,TEL085,intercept,10,0,-153.0832
SP115,INT115,interview,10,SP086,TEL086,intercept,10,0,-107.4125
SP115,INT115,interview,10,SP087,TEL087,intercept,10,0,-50.46764
SP115,INT115,interview,10,SP088,TEL088,intercept,10,0,-64.24858
SP115,INT115,interview,10,SP090,TEL090,intercept,10,0,-141.8132
SP115,INT115,interview,10,SP093,TEL093,intercept,10,0,-65.67384
SP115,INT115,interview,10,SP094,TEL094,intercept,10,0,-46.4138
SP115,INT115,interview,10,SP095,TEL095,intercept,10,0,-78.30849
SP115,INT115,interview,10,SP096,TEL096,intercept,10,0,-123.0452
SP115,INT115,interview,10,SP097,TEL097,intercept,10,0,-99.53412
SP115,INT115,interview,10,SP099,TEL099,intercept,10,0,-102.0433
SP115,INT115,interview,10,SP100,TEL100,intercept,10,0,-89.20566
SP115,INT115,interview,10,SP102,TEL102,intercept,10,0,-90.16809
SP115,INT115,interview,10,SP103,TEL103,intercept,10,0,-117.0412
SP115,INT115,interview,10,SP105,TEL105,intercept,10,0,-53.25348
SP115,INT115,interview,10,SP106,TEL106,intercept,10,0,-132.9969
SP115,INT115,interview,10,SP107,TEL107,intercept,10,0,-68.35169
SP115,INT115,interview,10,SP108,TEL108,intercept,10,0,-95.83189
SP115,INT115,interview,10,SP111,TEL111,intercept,10,0,-118.6925
SP115,INT115,interview,10,SP112,TEL112,intercept,10,0,-89.92532
SP115,INT115,interview,10,SP113,TEL113,intercept,10,0,-101.1322
SP115,INT115,interview,10,SP114,TEL114,intercept,10,0,-80.3498
SP115,INT115,interview,10,SP115,TEL115,intercept,10,1,-1.368134
SP115,INT115,interview,10,SP118,TEL118,intercept,10,0,-122.4259
SP115,INT115,interview,10,SP120,TEL120,intercept,10,0,-59.88651
SP115,INT115,interview,10,SP121,TEL121,intercept,10,0,-114.2844
SP118,INT118,interview,10,SP001,TEL001,intercept,10,0,-99.28806
SP118,INT118,interview,10,SP002,TEL002,intercept,10,0,-117.2286
SP118,INT118,interview,10,SP003,TEL003,intercept,10,0,-107.8036
SP118,INT118,interview,10,SP004,TEL004,intercept,10,0,-147.5438
SP118,INT118,interview,10,SP008,TEL008,intercept,10,0,-102.4106
SP118,INT118,interview,10,SP010,TEL010,intercept,10,0,-105.0111
SP118,INT118,interview,10,SP011,TEL011,intercept,10,0,-108.619
SP118,INT118,interview,10,SP012,TEL012,intercept,10,0,-141.7491
SP118,INT118,interview,10,SP013,TEL013,intercept,10,0,-122.6797
SP118,INT118,interview,10,SP015,TEL015,intercept,10,0,-119.3236
SP118,INT118,interview,10,SP016,TEL016,intercept,10,0,-106.5507
SP118,INT118,interview,10,SP017,TEL017,intercept,10,0,-104.5867
SP118,INT118,interview,10,SP018,TEL018,intercept,10,0,-143.7278
SP118,INT118,interview,10,SP019,TEL019,intercept,10,0,-79.23622
SP118,INT118,interview,10,SP020,TEL020,intercept,10,0,-135.8759
SP118,INT118,interview,10,SP021,TEL021,intercept,10,0,-100.8402
SP118,INT118,interview,10,SP022,TEL022,intercept,10,0,-109.3656
SP118,INT118,interview,10,SP023,TEL023,intercept,10,0,-83.48606
SP118,INT118,interview,10,SP024,TEL024,intercept,10,0,-96.95792
SP118,INT118,interview,10,SP025,TEL025,intercept,10,0,-105.2119
SP118,INT118,interview,10,SP026,TEL026,intercept,10,0,-116.7284
SP118,INT118,interview,10,SP027,TEL027,intercept,10,0,-152.1203
SP118,INT118,interview,10,SP028,TEL028,intercept,10,0,-114.9318
SP118,INT118,interview,10,SP029,TEL029,intercept,10,0,-122.707
SP118,INT118,interview,10,SP030,TEL030,intercept,10,0,-133.3457
SP118,INT118,interview,10,SP031,TEL031,intercept,10,0,-123.0572
SP118,INT118,interview,10,SP032,TEL032,intercept,10,0,-105.2355
SP118,INT118,interview,10,SP033,TEL033,intercept,10,0,-75.53709
SP118,INT118,interview,10,SP034,TEL034,intercept,10,0,-88.19415
SP118,INT118,interview,10,SP035,TEL035,intercept,10,0,-120.6757
SP118,INT118,interview,10,SP036,TEL036,intercept,10,0,-86.89497
SP118,INT118,interview,10,SP037,TEL037,intercept,10,0,-95.74844
SP118,INT118,interview,10,SP038,TEL038,intercept,10,0,-158.4132
SP118,INT118,interview,10,SP039,TEL039,intercept,10,0,-109.8911
SP118,INT118,interview,10,SP040,TEL040,intercept,10,0,-123.868
SP118,INT118,interview,10,SP042,TEL042,intercept,10,0,-75.68152
SP118,INT118,interview,10,SP043,TEL043,intercept,10,0,-127.8175
SP118,INT118,interview,10,SP044,TEL044,intercept,10,0,-93.59618
SP118,INT118,interview,10,SP045,TEL045,intercept,10,0,-141.8531
SP118,INT118,interview,10,SP046,TEL046,intercept,10,0,-147.3257
SP118,INT118,interview,10,SP047,TEL047,intercept,10,0,-92.6053
SP118,INT118,interview,10,SP048,TEL048,intercept,10,0,-119.423
SP118,INT118,interview,10,SP049,TEL049,intercept,10,0,-108.9478
SP118,INT118,interview,10,SP050,TEL050,intercept,10,0,-116.3064
SP118,INT118,interview,10,SP051,TEL051,intercept,10,0,-90.33838
SP118,INT118,interview,10,SP052,TEL052,intercept,10,0,-82.21174
SP118,INT118,interview,10,SP053,TEL053,intercept,10,0,-76.00095
SP118,INT118,interview,10,SP054,TEL054,intercept,10,0,-115.2454
SP118,INT118,interview,10,SP056,TEL056,intercept,10,0,-129.1693
SP118,INT118,interview,10,SP058,TEL058,intercept,10,0,-95.02547
SP118,INT118,interview,10,SP059,TEL059,intercept,10,0,-105.3757
SP118,INT118,interview,10,SP060,TEL060,intercept,10,0,-59.93505
SP118,INT118,interview,10,SP062,TEL062,intercept,10,0,-119.1248
SP118,INT118,interview,10,SP063,TEL063,intercept,10,0,-91.63769
SP118,INT118,interview,10,SP064,TEL064,intercept,10,0,-98.28191
SP118,INT118,interview,10,SP065,TEL065,intercept,10,0,-130.1941
SP118,INT118,interview,10,SP066,TEL066,intercept,10,0,-125.4284
SP118,INT118,interview,10,SP067,TEL067,intercept,10,0,-102.762
SP118,INT118,interview,10,SP068,TEL068,intercept,10,0,-119.1879
SP118,INT118,interview,10,SP069,TEL069,intercept,10,0,-98.30148
SP118,INT118,interview,10,SP071,TEL071,intercept,10,0,-83.36047
SP118,INT118,interview,10,SP072,TEL072,intercept,10,0,-112.407
SP118,INT118,interview,10,SP073,TEL073,intercept,10,0,-138.7946
SP118,INT118,interview,10,SP074,TEL074,intercept,10,0,-141.103
SP118,INT118,interview,10,SP075,TEL075,intercept,10,0,-104.1436
SP118,INT118,interview,10,SP076,TEL076,intercept,10,0,-131.9235
SP118,INT118,interview,10,SP077,TEL077,intercept,10,0,-142.7051
SP118,INT118,interview,10,SP078,TEL078,intercept,10,0,-127.8359
SP118,INT118,interview,10,SP079,TEL079,intercept,10,0,-129.8837
SP118,INT118,interview,10,SP080,TEL080,intercept,10,0,-100.4658
SP118,INT118,interview,10,SP081,TEL081,intercept,10,0,-118.7574
SP118,INT118,interview,10,SP084,TEL084,intercept,10,0,-73.78772
SP118,INT118,interview,10,SP085,TEL085,intercept,10,0,-121.0157
SP118,INT118,interview,10,SP086,TEL086,intercept,10,0,-148.8423
SP118,INT118,interview,10,SP087,TEL087,intercept,10,0,-86.62528
SP118,INT118,interview,10,SP088,TEL088,intercept,10,0,-109.5822
SP118,INT118,interview,10,SP090,TEL090,intercept,10,0,-125.6182
SP118,INT118,interview,10,SP093,TEL093,intercept,10,0,-134.6359
SP118,INT118,interview,10,SP094,TEL094,intercept,10,0,-97.59097
SP118,INT118,interview,10,SP095,TEL095,intercept,10,0,-107.909
SP118,INT118,interview,10,SP096,TEL096,intercept,10,0,-116.0962
SP118,INT118,interview,10,SP097,TEL097,intercept,10,0,-95.77995
SP118,INT118,interview,10,SP099,TEL099,intercept,10,0,-106.7276
SP118,INT118,interview,10,SP100,TEL100,intercept,10,0,-126.3569
SP118,INT118,interview,10,SP102,TEL102,intercept,10,0,-129.3645
SP118,INT118,interview,10,SP103,TEL103,intercept,10,0,-130.7188
SP118,INT118,interview,10,SP105,TEL105,intercept,10,0,-96.1405
SP118,INT118,interview,10,SP106,TEL106,intercept,10,0,-83.97402
SP118,INT118,interview,10,SP107,TEL107,intercept,10,0,-88.16145
SP118,INT118,interview,10,SP108,TEL108,intercept,10,0,-79.14492
SP118,INT118,interview,10,SP111,TEL111,intercept,10,0,-101.3868
SP118,INT118,interview,10,SP112,TEL112,intercept,10,0,-93.62595
SP118,INT118,interview,10,SP113,TEL113,intercept,10,0,-110.9579
SP118,INT118,interview,10,SP114,TEL114,intercept,10,0,-99.08175
SP118,INT118,interview,10,SP115,TEL115,intercept,10,0,-98.43864
SP118,INT118,interview,10,SP118,TEL118,intercept,10,1,-3.347408
SP118,INT118,interview,10,SP120,TEL120,intercept,10,0,-122.0849
SP118,INT118,interview,10,SP121,TEL121,intercept,10,0,-130.7167
SP120,INT120,interview,10,SP001,TEL001,intercept,10,0,-105.7495
SP120,INT120,interview,10,SP002,TEL002,intercept,10,0,-103.0535
SP120,INT120,interview,10,SP003,TEL003,intercept,10,0,-151.2418
SP120,INT120,interview,10,SP004,TEL004,intercept,10,0,-96.73389
SP120,INT120,interview,10,SP008,TEL008,intercept,10,0,-122.8231
SP120,INT120,interview,10,SP010,TEL010,intercept,10,0,-83.23409
SP120,INT120,interview,10,SP011,TEL011,intercept,10,0,-68.54829
SP120,INT120,interview,10,SP012,TEL012,intercept,10,0,-102.0654
SP120,INT120,interview,10,SP013,TEL013,intercept,10,0,-110.2364
SP120,INT120,interview,10,SP015,TEL015,intercept,10,0,-75.97305
SP120,INT120,interview,10,SP016,TEL016,intercept,10,0,-75.21386
SP120,INT120,interview,10,SP017,TEL017,intercept,10,0,-72.71497
SP120,INT120,interview,10,SP018,TEL018,intercept,10,0,-121.7696
SP120,INT120,interview,10,SP019,TEL019,intercept,10,0,-106.0577
SP120,INT120,interview,10,SP020,TEL020,intercept,10,0,-137.1906
SP120,INT120,interview,10,SP021,TEL021,intercept,10,0,-101.1657
SP120,INT120,interview,10,SP022,TEL022,intercept,10,0,-139.8933
SP120,INT120,interview,10,SP023,TEL023,intercept,10,0,-103.5872
SP120,INT120,interview,10,SP024,TEL024,intercept,10,0,-123.3745
SP120,INT120,interview,10,SP025,TEL025,intercept,10,0,-69.76268
SP120,INT120,interview,10,SP026,TEL026,intercept,10,0,-102.6953
SP120,INT120,interview,10,SP027,TEL027,intercept,10,0,-127.1682
SP120,INT120,interview,10,SP028,TEL028,intercept,10,0,-83.38022
SP120,INT120,interview,10,SP029,TEL029,intercept,10,0,-117.0586
SP120,INT120,interview,10,SP030,TEL030,intercept,10,0,-102.4887
SP120,INT120,interview,10,SP031,TEL031,intercept,10,0,-114.3652
SP120,INT120,interview,10,SP032,TEL032,intercept,10,0,-88.25117
SP120,INT120,interview,10,SP033,TEL033,intercept,10,0,-52.12103
SP120,INT120,interview,10,SP034,TEL034,intercept,10,0,-78.41722
SP120,INT120,interview,10,SP035,TEL035,intercept,10,0,-118.6168
SP120,INT120,interview,10,SP036,TEL036,intercept,10,0,-92.8826
SP120,INT120,interview,10,SP037,TEL037,intercept,10,0,-126.3823
SP120,INT120,interview,10,SP038,TEL038,intercept,10,0,-139.4672
SP120,INT120,interview,10,SP039,TEL039,intercept,10,0,-101.3771
SP120,INT120,interview,10,SP040,TEL040,intercept,10,0,-106.4845
SP120,INT120,interview,10,SP042,TEL042,intercept,10,0,-80.20979
SP120,INT120,interview,10,SP043,TEL043,intercept,10,0,-71.9101
SP120,INT120,interview,10,SP044,TEL044,intercept,10,0,-104.3814
SP120,INT120,interview,10,SP045,TEL045,intercept,10,0,-142.1556
SP120,INT120,interview,10,SP046,TEL046,intercept,10,0,-131.7428
SP120,INT120,interview,10,SP047,TEL047,intercept,10,0,-83.77511
SP120,INT120,interview,10,SP048,TEL048,intercept,10,0,-68.91666
SP120,INT120,interview,10,SP049,TEL049,intercept,10,0,-153.7202
SP120,INT120,interview,10,SP050,TEL050,intercept,10,0,-73.09069
SP120,INT120,interview,10,SP051,TEL051,intercept,10,0,-114.4966
SP120,INT120,interview,10,SP052,TEL052,intercept,10,0,-77.57464
SP120,INT120,interview,10,SP053,TEL053,intercept,10,0,-125.8097
SP120,INT120,interview,10,SP054,TEL054,intercept,10,0,-85.17916
SP120,INT120,interview,10,SP056,TEL056,intercept,10,0,-86.92128
SP120,INT120,interview,10,SP058,TEL058,intercept,10,0,-115.8957
SP120,INT120,interview,10,SP059,TEL059,intercept,10,0,-112.8285
SP120,INT120,interview,10,SP060,TEL060,intercept,10,0,-48.09794
SP120,INT120,interview,10,SP062,TEL062,intercept,10,0,-120.2423
SP120,INT120,interview,10,SP063,TEL063,intercept,10,0,-63.55959
SP120,INT120,interview,10,SP064,TEL064,intercept,10,0,-35.09639
SP120,INT120,interview,10,SP065,TEL065,intercept,10,0,-72.11473
SP120,INT120,interview,10,SP066,TEL066,intercept,10,0,-87.51902
SP120,INT120,interview,10,SP067,TEL067,intercept,10,0,-55.91681
SP120,INT120,interview,10,SP068,TEL068,intercept,10,0,-107.7915
SP120,INT120,interview,10,SP069,TEL069,intercept,10,0,-48.56474
SP120,INT120,interview,10,SP071,TEL071,intercept,10,0,-117.2959
SP120,INT120,interview,10,SP072,TEL072,intercept,10,0,-77.25075
SP120,INT120,interview,10,SP073,TEL073,intercept,10,0,-117.9879
SP120,INT120,interview,10,SP074,TEL074,intercept,10,0,-76.36372
SP120,INT120,interview,10,SP075,TEL075,intercept,10,0,-74.52501
SP120,INT120,interview,10,SP076,TEL076,intercept,10,0,-93.87685
SP120,INT120,interview,10,SP077,TEL077,intercept,10,0,-125.779
SP120,INT120,interview,10,SP078,TEL078,intercept,10,0,-116.0126
SP120,INT120,interview,10,SP079,TEL079,intercept,10,0,-136.945
SP120,INT120,interview,10,SP080,TEL080,intercept,10,0,-127.3675
SP120,INT120,interview,10,SP081,TEL081,intercept,10,0,-75.93204
SP120,INT120,interview,10,SP084,TEL084,intercept,10,0,-57.57032
SP120,INT120,interview,10,SP085,TEL085,intercept,10,0,-106.9507
SP120,INT120,interview,10,SP086,TEL086,intercept,10,0,-129.5446
SP120,INT120,interview,10,SP087,TEL087,intercept,10,0,-76.74949
SP120,INT120,interview,10,SP088,TEL088,intercept,10,0,-106.7094
SP120,INT120,interview,10,SP090,TEL090,intercept,10,0,-93.97812
SP120,INT120,interview,10,SP093,TEL093,intercept,10,0,-76.48402
SP120,INT120,interview,10,SP094,TEL094,intercept,10,0,-45.56636
SP120,INT120,interview,10,SP095,TEL095,intercept,10,0,-85.51276
SP120,INT120,interview,10,SP096,TEL096,intercept,10,0,-94.18122
SP120,INT120,interview,10,SP097,TEL097,intercept,10,0,-61.80643
SP120,INT120,interview,10,SP099,TEL099,intercept,10,0,-94.40827
SP120,INT120,interview,10,SP100,TEL100,intercept,10,0,-93.60275
SP120,INT120,interview,10,SP102,TEL102,intercept,10,0,-40.91442
SP120,INT120,interview,10,SP103,TEL103,intercept,10,0,-101.2579
SP120,INT120,interview,10,SP105,TEL105,intercept,10,0,-91.073
SP120,INT120,interview,10,SP106,TEL106,intercept,10,0,-112.6557
SP120,INT120,interview,10,SP107,TEL107,intercept,10,0,-93.6044
SP120,INT120,interview,10,SP108,TEL108,intercept,10,0,-127.716
SP120,INT120,interview,10,SP111,TEL111,intercept,10,0,-71.14367
SP120,INT120,interview,10,SP112,TEL112,intercept,10,0,-78.52953
SP120,INT120,interview,10,SP113,TEL113,intercept,10,0,-101.0578
SP120,INT120,interview,10,SP114,TEL114,intercept,10,0,-62.82016
SP120,INT120,interview,10,SP115,TEL115,intercept,10,0,-64.4738
SP120,INT120,interview,10,SP118,TEL118,intercept,10,0,-129.366
SP120,INT120,interview,10,SP120,TEL120,intercept,10,1,-16.97041
SP120,INT120,interview,10,SP121,TEL121,intercept,10,0,-85.78485
SP121,INT121,interview,10,SP001,TEL001,intercept,10,0,-126.0985
SP121,INT121,interview,10,SP002,TEL002,intercept,10,0,-141.7146
SP121,INT121,interview,10,SP003,TEL003,intercept,10,0,-145.3373
SP121,INT121,interview,10,SP004,TEL004,intercept,10,0,-78.12685
SP121,INT121,interview,10,SP008,TEL008,intercept,10,0,-110.1495
SP121,INT121,interview,10,SP010,TEL010,intercept,10,0,-101.4488
SP121,INT121,interview,10,SP011,TEL011,intercept,10,0,-116.934
SP121,INT121,interview,10,SP012,TEL012,intercept,10,0,-136.6259
SP121,INT121,interview,10,SP013,TEL013,intercept,10,0,-91.77995
SP121,INT121,interview,10,SP015,TEL015,intercept,10,0,-97.77976
SP121,INT121,interview,10,SP016,TEL016,intercept,10,0,-114.6543
SP121,INT121,interview,10,SP017,TEL017,intercept,10,0,-79.92546
SP121,INT121,interview,10,SP018,TEL018,intercept,10,0,-120.4334
SP121,INT121,interview,10,SP019,TEL019,intercept,10,0,-89.06764
SP121,INT121,interview,10,SP020,TEL020,intercept,10,0,-109.7091
SP121,INT121,interview,10,SP021,TEL021,intercept,10,0,-77.06276
SP121,INT121,interview,10,SP022,TEL022,intercept,10,0,-140.5013
SP121,INT121,interview,10,SP023,TEL023,intercept,10,0,-105.0527
SP121,INT121,interview,10,SP024,TEL024,intercept,10,0,-145.601
SP121,INT121,interview,10,SP025,TEL025,intercept,10,0,-72.39527
SP121,INT121,interview,10,SP026,TEL026,intercept,10,0,-127.7116
SP121,INT121,interview,10,SP027,TEL027,intercept,10,0,-83.93399
SP121,INT121,interview,10,SP028,TEL028,intercept,10,0,-78.6787
SP121,INT121,interview,10,SP029,TEL029,intercept,10,0,-125.2452
SP121,INT121,interview,10,SP030,TEL030,intercept,10,0,-90.83215
SP121,INT121,interview,10,SP031,TEL031,intercept,10,0,-115.3951
SP121,INT121,interview,10,SP032,TEL032,intercept,10,0,-104.0778
SP121,INT121,interview,10,SP033,TEL033,intercept,10,0,-121.7078
SP121,INT121,interview,10,SP034,TEL034,intercept,10,0,-108.0336
SP121,INT121,interview,10,SP035,TEL035,intercept,10,0,-104.662
SP121,INT121,interview,10,SP036,TEL036,intercept,10,0,-107.3496
SP121,INT121,interview,10,SP037,TEL037,intercept,10,0,-170.8765
SP121,INT121,interview,10,SP038,TEL038,intercept,10,0,-128.4017
SP121,INT121,interview,10,SP039,TEL039,intercept,10,0,-98.54696
SP121,INT121,interview,10,SP040,TEL040,intercept,10,0,-53.22379
SP121,INT121,interview,10,SP042,TEL042,intercept,10,0,-85.46138
SP121,INT121,interview,10,SP043,TEL043,intercept,10,0,-112.0878
SP121,INT121,interview,10,SP044,TEL044,intercept,10,0,-46.16443
SP121,INT121,interview,10,SP045,TEL045,intercept,10,0,-121.3482
SP121,INT121,interview,10,SP046,TEL046,intercept,10,0,-113.3254
SP121,INT121,interview,10,SP047,TEL047,intercept,10,0,-146.2489
SP121,INT121,interview,10,SP048,TEL048,intercept,10,0,-44.47878
SP121,INT121,interview,10,SP049,TEL049,intercept,10,0,-147.0465
SP121,INT121,interview,10,SP050,TEL050,intercept,10,0,-84.41837
SP121,INT121,interview,10,SP051,TEL051,intercept,10,0,-131.3191
SP121,INT121,interview,10,SP052,TEL052,intercept,10,0,-123.4017
SP121,INT121,interview,10,SP053,TEL053,intercept,10,0,-115.6113
SP121,INT121,interview,10,SP054,TEL054,intercept,10,0,-98.46255
SP121,INT121,interview,10,SP056,TEL056,intercept,10,0,-126.7708
SP121,INT121,interview,10,SP058,TEL058,intercept,10,0,-124.1871
SP121,INT121,interview,10,SP059,TEL059,intercept,10,0,-108.9118
SP121,INT121,interview,10,SP060,TEL060,intercept,10,0,-104.2949
SP121,INT121,interview,10,SP062,TEL062,intercept,10,0,-78.59943
SP121,INT121,interview,10,SP063,TEL063,intercept,10,0,-122.8875
SP121,INT121,interview,10,SP064,TEL064,intercept,10,0,-118.3823
SP121,INT121,interview,10,SP065,TEL065,intercept,10,0,-64.19533
SP121,INT121,interview,10,SP066,TEL066,intercept,10,0,-91.88287
SP121,INT121,interview,10,SP067,TEL067,intercept,10,0,-108.3791
SP121,INT121,interview,10,SP068,TEL068,intercept,10,0,-133.4858
SP121,INT121,interview,10,SP069,TEL069,intercept,10,0,-114.5821
SP121,INT121,interview,10,SP071,TEL071,intercept,10,0,-102.7128
SP121,INT121,interview,10,SP072,TEL072,intercept,10,0,-92.59794
SP121,INT121,interview,10,SP073,TEL073,intercept,10,0,-102.8989
SP121,INT121,interview,10,SP074,TEL074,intercept,10,0,-58.33845
SP121,INT121,interview,10,SP075,TEL075,intercept,10,0,-130.7798
SP121,INT121,interview,10,SP076,TEL076,intercept,10,0,-121.0195
SP121,INT121,interview,10,SP077,TEL077,intercept,10,0,-93.32293
SP121,INT121,interview,10,SP078,TEL078,intercept,10,0,-93.3595
SP121,INT121,interview,10,SP079,TEL079,intercept,10,0,-125.434
SP121,INT121,interview,10,SP080,TEL080,intercept,10,0,-125.677
SP121,INT121,interview,10,SP081,TEL081,intercept,10,0,-107.3902
SP121,INT121,interview,10,SP084,TEL084,intercept,10,0,-89.07051
SP121,INT121,interview,10,SP085,TEL085,intercept,10,0,-125.5258
SP121,INT121,interview,10,SP086,TEL086,intercept,10,0,-83.22495
SP121,INT121,interview,10,SP087,TEL087,intercept,10,0,-109.7494
SP121,INT121,interview,10,SP088,TEL088,intercept,10,0,-70.54402
SP121,INT121,interview,10,SP090,TEL090,intercept,10,0,-88.00012
SP121,INT121,interview,10,SP093,TEL093,intercept,10,0,-119.4055
SP121,INT121,interview,10,SP094,TEL094,intercept,10,0,-100.4779
SP121,INT121,interview,10,SP095,TEL095,intercept,10,0,-53.29844
SP121,INT121,interview,10,SP096,TEL096,intercept,10,0,-105.2201
SP121,INT121,interview,10,SP097,TEL097,intercept,10,0,-110.0568
SP121,INT121,interview,10,SP099,TEL099,intercept,10,0,-112.9184
SP121,INT121,interview,10,SP100,TEL100,intercept,10,0,-75.96169
SP121,INT121,interview,10,SP102,TEL102,intercept,10,0,-87.3959
SP121,INT121,interview,10,SP103,TEL103,intercept,10,0,-144.5495
SP121,INT121,interview,10,SP105,TEL105,intercept,10,0,-73.45567
SP121,INT121,interview,10,SP106,TEL106,intercept,10,0,-109.6071
SP121,INT121,interview,10,SP107,TEL107,intercept,10,0,-72.90272
SP121,INT121,interview,10,SP108,TEL108,intercept,10,0,-135.336
SP121,INT121,interview,10,SP111,TEL111,intercept,10,0,-100.2045
SP121,INT121,interview,10,SP112,TEL112,intercept,10,0,-118.1575
SP121,INT121,interview,10,SP113,TEL113,intercept,10,0,-94.83971
SP121,INT121,interview,10,SP114,TEL114,intercept,10,0,-79.11983
SP121,INT121,interview,10,SP115,TEL115,intercept,10,0,-87.48531
SP121,INT121,interview,10,SP118,TEL118,intercept,10,0,-139.7298
SP121,INT121,interview,10,SP120,TEL120,intercept,10,0,-108.5236
SP121,INT121,interview,10,SP121,TEL121,intercept,10,1,-35.94207
